Player,Pos,Age,MP,Starts,Min,90s,Gls,Ast,CrdY,CrdR,Gls_p90,Ast_p90,Country
Ramy Bensebaini,DF,31-079,4.0,4,360.0,4.0,0.0,0.0,0.0,0.0,0.0,0.0,Algeria
Fares Chaïbi,MF,23-218,4.0,4,360.0,4.0,0.0,0.0,1.0,0.0,0.0,0.0,Algeria
Aïssa Mandi,DF,34-255,4.0,4,360.0,4.0,0.0,0.0,0.0,0.0,0.0,0.0,Algeria
Ibrahim Maza,"MF,FW",20-222,4.0,4,351.0,3.9,0.0,0.0,0.0,0.0,0.0,0.0,Algeria
Rafik Belghali,DF,24-027,4.0,4,331.0,3.7,1.0,0.0,0.0,0.0,0.27,0.0,Algeria
Nabil Bentaleb,MF,31-222,4.0,3,285.0,3.2,0.0,0.0,0.0,0.0,0.0,0.0,Algeria
Rayan Aït-Nouri,DF,25-028,4.0,3,284.0,3.2,0.0,0.0,0.0,0.0,0.0,0.0,Algeria
Luca Zidane,GK,28-052,3.0,3,270.0,3.0,0.0,0.0,0.0,0.0,0.0,0.0,Algeria
Riyad Mahrez,MF,35-133,4.0,3,262.0,2.9,2.0,1.0,0.0,0.0,0.69,0.34,Algeria
Amine Gouiri,FW,26-138,4.0,3,251.0,2.8,1.0,0.0,0.0,0.0,0.36,0.0,Algeria
Houssem Aouar,MF,28-004,3.0,2,173.0,1.9,0.0,2.0,0.0,0.0,0.0,1.04,Algeria
Hicham Boudaoui,MF,26-284,3.0,2,128.0,1.4,0.0,0.0,1.0,0.0,0.0,0.0,Algeria
Ramiz Zerrouki,MF,28-039,3.0,2,111.0,1.2,0.0,0.0,1.0,0.0,0.0,0.0,Algeria
Jaouen Hadjam,DF,23-100,3.0,1,109.0,1.2,0.0,0.0,0.0,0.0,0.0,0.0,Algeria
Anis Hadj Moussa,MF,24-143,3.0,1,98.0,1.1,0.0,0.0,0.0,0.0,0.0,0.0,Algeria
Oussama Benbot,GK,31-266,1.0,1,90.0,1.0,0.0,0.0,0.0,0.0,0.0,0.0,Algeria
Nadhir Benbouali,FW,26-078,1.0,0,45.0,0.5,1.0,0.0,0.0,0.0,2.0,0.0,Algeria
Mohamed Amoura,"FW,MF",26-056,1.0,0,27.0,0.3,0.0,0.0,0.0,0.0,0.0,0.0,Algeria
Zineddine Belaïd,DF,27-106,2.0,0,25.0,0.3,0.0,0.0,0.0,0.0,0.0,0.0,Algeria
Samir Chergui,DF,27-148,1.0,0,20.0,0.2,0.0,0.0,0.0,0.0,0.0,0.0,Algeria
Adil Boulbina,FW,23-063,2.0,0,19.0,0.2,0.0,0.0,0.0,0.0,0.0,0.0,Algeria
Farés Ghedjemis,"FW,MF",23-301,1.0,0,1.0,0.0,0.0,0.0,0.0,0.0,0.0,0.0,Algeria
Achref Abada,DF,27-019,0.0,0,,,,,,,,,Algeria
Mohamed Amine Tougai,DF,26-163,0.0,0,,,,,,,,,Algeria
Melvin Mastil,GK,26-135,0.0,0,,,,,,,,,Algeria
Yassine Titraoui,MF,22-343,0.0,0,,,,,,,,,Algeria
Emiliano Martínez,GK,33-306,4.0,4,390.0,4.3,0.0,0.0,0.0,0.0,0.0,0.0,Argentina
Lautaro Martínez,FW,28-317,4.0,4,239.0,2.7,1.0,0.0,0.0,0.0,0.38,0.0,Argentina
Alexis Mac Allister,MF,27-193,4.0,3,330.0,3.7,0.0,1.0,0.0,0.0,0.0,0.27,Argentina
Lionel Messi,FW,39-011,4.0,3,320.0,3.6,7.0,0.0,0.0,0.0,1.97,0.0,Argentina
Enzo Fernández,MF,25-169,3.0,3,300.0,3.3,0.0,0.0,0.0,0.0,0.0,0.0,Argentina
Lisandro Martínez,DF,28-168,3.0,3,300.0,3.3,1.0,1.0,0.0,0.0,0.3,0.3,Argentina
Facundo Medina,DF,27-038,3.0,3,256.0,2.8,0.0,1.0,1.0,0.0,0.0,0.35,Argentina
Cristian Romero,DF,28-069,3.0,3,255.0,2.8,0.0,0.0,0.0,0.0,0.0,0.0,Argentina
Rodrigo De Paul,MF,32-042,3.0,3,254.0,2.8,0.0,1.0,0.0,0.0,0.0,0.35,Argentina
Thiago Almada,MF,25-070,4.0,3,211.0,2.3,0.0,0.0,0.0,0.0,0.0,0.0,Argentina
Nahuel Molina,DF,28-090,3.0,2,238.0,2.6,0.0,0.0,0.0,0.0,0.0,0.0,Argentina
Julián Álvarez,FW,26-155,4.0,1,202.0,2.2,0.0,0.0,0.0,0.0,0.0,0.0,Argentina
Leandro Paredes,MF,32-006,3.0,1,136.0,1.5,0.0,0.0,1.0,0.0,0.0,0.0,Argentina
Nicolás Otamendi,DF,38-143,3.0,1,135.0,1.5,0.0,0.0,0.0,0.0,0.0,0.0,Argentina
Nicolás Tagliafico,DF,33-308,3.0,1,134.0,1.5,0.0,0.0,0.0,0.0,0.0,0.0,Argentina
Exequiel Palacios,DF,27-273,1.0,1,90.0,1.0,0.0,0.0,0.0,0.0,0.0,0.0,Argentina
Marcos Senesi,DF,29-056,1.0,1,90.0,1.0,0.0,0.0,0.0,0.0,0.0,0.0,Argentina
Nicolás Paz,MF,21-300,2.0,1,71.0,0.8,0.0,0.0,0.0,0.0,0.0,0.0,Argentina
Giuliano Simeone,FW,23-199,1.0,1,70.0,0.8,0.0,0.0,0.0,0.0,0.0,0.0,Argentina
Gonzalo Montiel,DF,29-185,2.0,1,62.0,0.7,0.0,0.0,1.0,0.0,0.0,0.0,Argentina
Giovani Lo Celso,MF,30-087,1.0,1,59.0,0.7,1.0,0.0,0.0,0.0,1.53,0.0,Argentina
Nicolás González,"FW,MF",28-090,3.0,0,119.0,1.3,0.0,1.0,0.0,0.0,0.0,0.76,Argentina
Valentín Barco,"DF,MF",21-347,1.0,0,20.0,0.2,0.0,0.0,0.0,0.0,0.0,0.0,Argentina
Flaco López,FW,25-211,1.0,0,9.0,0.1,0.0,0.0,0.0,0.0,0.0,0.0,Argentina
Juan Musso,GK,32-060,0.0,0,,,,,,,,,Argentina
Gerónimo Rulli,GK,34-046,0.0,0,,,,,,,,,Argentina
Alessandro Circati,DF,22-268,4.0,4,390.0,4.3,0.0,0.0,1.0,0.0,0.0,0.0,Australia
Harry Souttar,DF,27-256,4.0,4,390.0,4.3,0.0,0.0,1.0,0.0,0.0,0.0,Australia
Patrick Beach,GK,22-333,4.0,4,388.0,4.3,0.0,0.0,0.0,0.0,0.0,0.0,Australia
Aiden O'Neill,MF,28-001,4.0,4,360.0,4.0,0.0,0.0,0.0,0.0,0.0,0.0,Australia
Jordy Bos,"MF,DF",23-249,4.0,4,308.0,3.4,0.0,0.0,1.0,0.0,0.0,0.0,Australia
Connor Metcalfe,MF,26-242,4.0,3,315.0,3.5,1.0,0.0,0.0,0.0,0.29,0.0,Australia
Nestory Irankunda,"FW,MF",20-146,4.0,3,261.0,2.9,1.0,0.0,0.0,0.0,0.34,0.0,Australia
Jackson Irvine,MF,33-120,4.0,2,223.0,2.5,0.0,0.0,1.0,0.0,0.0,0.0,Australia
Aziz Behich,MF,35-201,3.0,2,217.0,2.4,0.0,0.0,0.0,0.0,0.0,0.0,Australia
Lucas Herrington,DF,18-303,2.0,2,210.0,2.3,0.0,0.0,0.0,0.0,0.0,0.0,Australia
Paul Okon-Engstler,MF,21-162,4.0,2,197.0,2.2,0.0,1.0,0.0,0.0,0.0,0.46,Australia
Mo Touré,FW,22-101,3.0,2,165.0,1.8,0.0,0.0,0.0,0.0,0.0,0.0,Australia
Jacob Italiano,DF,24-340,2.0,2,163.0,1.8,0.0,0.0,1.0,0.0,0.0,0.0,Australia
Cristian Volpato,MF,22-232,3.0,2,160.0,1.8,0.0,0.0,0.0,0.0,0.0,0.0,Australia
Cameron Burgess,DF,30-257,2.0,2,135.0,1.5,0.0,0.0,0.0,0.0,0.0,0.0,Australia
Nishan Velupillay,MF,25-059,2.0,1,75.0,0.8,0.0,0.0,0.0,0.0,0.0,0.0,Australia
Mathew Leckie,MF,35-151,1.0,1,60.0,0.7,0.0,0.0,0.0,0.0,0.0,0.0,Australia
Ajdin Hrustic,MF,30-000,2.0,0,80.0,0.9,0.0,0.0,0.0,0.0,0.0,0.0,Australia
Kai Trewin,"DF,MF",25-048,1.0,0,75.0,0.8,0.0,0.0,0.0,0.0,0.0,0.0,Australia
Jason Geria,DF,33-056,2.0,0,62.0,0.7,0.0,0.0,0.0,0.0,0.0,0.0,Australia
Awer Mabil,"FW,MF",30-293,1.0,0,30.0,0.3,0.0,0.0,0.0,0.0,0.0,0.0,Australia
Tete Yengi,FW,25-219,2.0,0,24.0,0.3,0.0,0.0,0.0,0.0,0.0,0.0,Australia
Mathew Ryan,GK,34-088,1.0,0,2.0,0.0,0.0,0.0,0.0,0.0,0.0,0.0,Australia
Miloš Degenek,"DF,MF",32-068,0.0,0,,,,,,,,,Australia
Cammy Devlin,MF,28-028,0.0,0,,,,,,,,,Australia
Paul Izzo,GK,31-180,0.0,0,,,,,,,,,Australia
Konrad Laimer,"MF,DF",29-039,4.0,4,360.0,4.0,0.0,1.0,1.0,0.0,0.0,0.25,Austria
Marcel Sabitzer,MF,32-110,4.0,4,360.0,4.0,1.0,0.0,1.0,0.0,0.25,0.0,Austria
Alexander Schlager,GK,30-154,4.0,4,360.0,4.0,0.0,0.0,0.0,0.0,0.0,0.0,Austria
Stefan Posch,DF,29-052,4.0,4,331.0,3.7,0.0,0.0,2.0,0.0,0.0,0.0,Austria
Nicolas Seiwald,MF,25-062,4.0,4,315.0,3.5,0.0,0.0,0.0,0.0,0.0,0.0,Austria
David Alaba,DF,34-011,4.0,4,275.0,3.1,0.0,1.0,0.0,0.0,0.0,0.33,Austria
Romano Schmid,"MF,FW",26-159,4.0,4,263.0,2.9,1.0,0.0,0.0,0.0,0.34,0.0,Austria
Xaver Schlager,MF,28-280,4.0,4,238.0,2.6,0.0,1.0,0.0,0.0,0.0,0.38,Austria
Kevin Danso,DF,27-289,4.0,2,241.0,2.7,0.0,0.0,0.0,0.0,0.0,0.0,Austria
Paul Wanner,MF,20-194,4.0,2,234.0,2.6,0.0,0.0,0.0,0.0,0.0,0.0,Austria
Michael Gregoritsch,FW,32-078,3.0,2,188.0,2.1,0.0,1.0,0.0,0.0,0.0,0.48,Austria
Philipp Lienhart,DF,29-359,2.0,2,180.0,2.0,0.0,0.0,0.0,0.0,0.0,0.0,Austria
Phillipp Mwene,DF,32-157,2.0,2,147.0,1.6,0.0,0.0,0.0,0.0,0.0,0.0,Austria
Marko Arnautović,FW,37-077,4.0,1,144.0,1.6,2.0,0.0,1.0,0.0,1.25,0.0,Austria
Saša Kalajdžić,FW,28-363,3.0,1,77.0,0.9,1.0,0.0,0.0,0.0,1.17,0.0,Austria
Florian Grillitsch,"DF,MF",30-332,2.0,0,90.0,1.0,0.0,0.0,0.0,0.0,0.0,0.0,Austria
Carney Chukwuemeka,MF,22-258,3.0,0,83.0,0.9,0.0,0.0,0.0,0.0,0.0,0.0,Austria
Alexander Prass,"DF,MF",25-040,2.0,0,29.0,0.3,0.0,0.0,0.0,0.0,0.0,0.0,Austria
Marco Friedl,DF,28-111,1.0,0,24.0,0.3,0.0,0.0,0.0,0.0,0.0,0.0,Austria
Patrick Wimmer,"FW,MF",25-036,2.0,0,21.0,0.2,0.0,0.0,0.0,0.0,0.0,0.0,Austria
David Affengruber,DF,25-108,0.0,0,,,,,,,,,Austria
Dejan Ljubičić,MF,28-270,0.0,0,,,,,,,,,Austria
Patrick Pentz,GK,29-184,0.0,0,,,,,,,,,Austria
Alessandro Schöpf,MF,32-148,0.0,0,,,,,,,,,Austria
Michael Svoboda,DF,27-263,0.0,0,,,,,,,,,Austria
Florian Wiegele,GK,25-106,0.0,0,,,,,,,,,Austria
Thibaut Courtois,GK,34-055,,4,390.0,4.3,0.0,0.0,0.0,0.0,0.0,0.0,Belgium
Brandon Mechele,DF,33-158,,4,390.0,4.3,0.0,0.0,1.0,0.0,0.0,0.0,Belgium
Youri Tielemans,MF,29-059,,4,384.0,4.3,2.0,0.0,0.0,0.0,0.47,0.0,Belgium
Leandro Trossard,"MF,FW",31-213,,4,359.0,4.0,2.0,1.0,0.0,0.0,0.5,0.25,Belgium
Kevin De Bruyne,MF,35-007,,4,297.0,3.3,1.0,0.0,0.0,0.0,0.3,0.0,Belgium
Timothy Castagne,DF,30-212,,3,298.0,3.3,0.0,0.0,1.0,0.0,0.0,0.0,Belgium
Maxim De Cuyper,DF,25-195,,3,292.0,3.2,0.0,0.0,1.0,0.0,0.0,0.0,Belgium
Jeremy Doku,MF,24-039,,3,195.0,2.2,0.0,0.0,0.0,0.0,0.0,0.0,Belgium
Charles De Ketelaere,"FW,MF",25-117,,3,194.0,2.2,0.0,0.0,0.0,0.0,0.0,0.0,Belgium
Arthur Theate,DF,26-041,,2,228.0,2.5,0.0,0.0,0.0,0.0,0.0,0.0,Belgium
Thomas Meunier,DF,34-296,,2,190.0,2.1,0.0,1.0,0.0,0.0,0.0,0.47,Belgium
Hans Vanaken,MF,33-315,,2,190.0,2.1,0.0,1.0,0.0,0.0,0.0,0.47,Belgium
Nathan Ngoy,DF,23-025,,2,155.0,1.7,0.0,0.0,0.0,1.0,0.0,0.0,Belgium
Romelu Lukaku,FW,33-053,,1,178.0,2.0,2.0,1.0,1.0,0.0,1.01,0.51,Belgium
Nicolas Raskin,MF,25-132,,1,163.0,1.8,0.0,1.0,0.0,0.0,0.0,0.55,Belgium
Amadou Onana,MF,24-323,,1,86.0,1.0,0.0,0.0,0.0,0.0,0.0,0.0,Belgium
Alexis Saelemaekers,MF,27-008,,1,76.0,0.8,1.0,0.0,0.0,0.0,1.18,0.0,Belgium
Dodi Lukebakio,"FW,MF",28-284,,0,98.0,1.1,0.0,0.0,0.0,0.0,0.0,0.0,Belgium
Diego Moreira,MF,21-333,,0,58.0,0.6,0.0,0.0,0.0,0.0,0.0,0.0,Belgium
Matias Fernandez-Pardo,"FW,MF",21-152,,0,44.0,0.5,0.0,0.0,0.0,0.0,0.0,0.0,Belgium
Koni De Winter,DF,24-023,,0,,,,,,,,,Belgium
Senne Lammens,GK,23-363,,0,,,,,,,,,Belgium
Mike Penders,GK,20-339,,0,,,,,,,,,Belgium
Joaquin Seys,DF,21-099,,0,,,,,,,,,Belgium
Axel Witsel,"DF,MF",37-174,,0,,,,,,,,,Belgium
Nikola Vasilj,GK,30-215,4.0,4,360.0,4.0,0.0,0.0,0.0,0.0,0.0,0.0,Bosnia And Herzegovina
Ermedin Demirović,FW,28-102,4.0,4,354.0,3.9,0.0,0.0,1.0,0.0,0.0,0.0,Bosnia And Herzegovina
Sead Kolašinac,DF,33-015,4.0,4,337.0,3.7,0.0,1.0,0.0,0.0,0.0,0.27,Bosnia And Herzegovina
Nikola Katić,DF,29-268,4.0,4,317.0,3.5,0.0,0.0,1.0,0.0,0.0,0.0,Bosnia And Herzegovina
Kerim Alajbegović,MF,18-287,4.0,3,277.0,3.1,1.0,0.0,0.0,0.0,0.32,0.0,Bosnia And Herzegovina
Amar Dedić,DF,23-321,3.0,3,270.0,3.0,0.0,0.0,1.0,0.0,0.0,0.0,Bosnia And Herzegovina
Tarik Muharemovic,DF,23-127,3.0,3,259.0,2.9,0.0,0.0,0.0,1.0,0.0,0.0,Bosnia And Herzegovina
Ivan Šunjić,MF,29-269,4.0,3,196.0,2.2,0.0,0.0,0.0,0.0,0.0,0.0,Bosnia And Herzegovina
Edin Džeko,FW,40-110,3.0,3,176.0,2.0,0.0,0.0,1.0,0.0,0.0,0.0,Bosnia And Herzegovina
Benjamin Tahirovic,MF,23-124,4.0,2,237.0,2.6,0.0,0.0,0.0,0.0,0.0,0.0,Bosnia And Herzegovina
Esmir Bajraktarevic,MF,21-117,4.0,2,230.0,2.6,0.0,0.0,0.0,0.0,0.0,0.0,Bosnia And Herzegovina
Amar Memić,MF,25-166,4.0,2,224.0,2.5,0.0,0.0,0.0,0.0,0.0,0.0,Bosnia And Herzegovina
Stjepan Radeljić,DF,28-303,2.0,2,180.0,2.0,0.0,0.0,1.0,0.0,0.0,0.0,Bosnia And Herzegovina
Ivan Bašić,MF,24-066,3.0,2,179.0,2.0,0.0,1.0,0.0,0.0,0.0,0.5,Bosnia And Herzegovina
Armin Gigovic,MF,24-090,2.0,1,79.0,0.9,0.0,0.0,0.0,0.0,0.0,0.0,Bosnia And Herzegovina
Jovo Lukić,FW,27-219,2.0,1,67.0,0.7,1.0,0.0,1.0,0.0,1.34,0.0,Bosnia And Herzegovina
Arjan Malic,DF,20-311,1.0,1,45.0,0.5,0.0,0.0,0.0,0.0,0.0,0.0,Bosnia And Herzegovina
Ermin Mahmić,MF,21-113,3.0,0,68.0,0.8,2.0,0.0,1.0,0.0,2.65,0.0,Bosnia And Herzegovina
Samed Baždar,FW,22-155,1.0,0,29.0,0.3,0.0,0.0,0.0,0.0,0.0,0.0,Bosnia And Herzegovina
Dennis Hadžikadunić,DF,27-361,1.0,0,27.0,0.3,0.0,1.0,0.0,0.0,0.0,3.33,Bosnia And Herzegovina
Dženis Burnić,MF,28-044,2.0,0,16.0,0.2,0.0,0.0,0.0,0.0,0.0,0.0,Bosnia And Herzegovina
Haris Tabaković,FW,32-015,1.0,0,16.0,0.2,0.0,0.0,0.0,0.0,0.0,0.0,Bosnia And Herzegovina
Amir Hadžiahmetović,MF,29-119,1.0,0,6.0,0.1,0.0,0.0,0.0,0.0,0.0,0.0,Bosnia And Herzegovina
Mladen Jurkas,GK,18-271,0.0,0,,,,,,,,,Bosnia And Herzegovina
Nihad Mujakić,DF,28-081,0.0,0,,,,,,,,,Bosnia And Herzegovina
Martin Zlomislić,GK,27-323,0.0,0,,,,,,,,,Bosnia And Herzegovina
Alisson,GK,33-272,4.0,4,360.0,4.0,0.0,0.0,0.0,0.0,0.0,0.0,Brazil
Gabriel Magalhães,DF,28-194,4.0,4,360.0,4.0,0.0,1.0,0.0,0.0,0.0,0.25,Brazil
Marquinhos,DF,32-048,4.0,4,360.0,4.0,0.0,0.0,0.0,0.0,0.0,0.0,Brazil
Douglas Santos,DF,32-101,4.0,4,351.0,3.9,0.0,0.0,1.0,0.0,0.0,0.0,Brazil
Vinicius Júnior,FW,25-354,4.0,4,350.0,3.9,4.0,1.0,0.0,0.0,1.03,0.26,Brazil
Bruno Guimarães,MF,28-227,4.0,4,338.0,3.8,0.0,4.0,0.0,0.0,0.0,1.07,Brazil
Casemiro,MF,34-128,4.0,4,289.0,3.2,1.0,0.0,2.0,0.0,0.31,0.0,Brazil
Lucas Paquetá,MF,28-308,4.0,4,233.0,2.6,0.0,1.0,0.0,0.0,0.0,0.39,Brazil
Danilo,DF,34-351,4.0,3,315.0,3.5,0.0,0.0,2.0,0.0,0.0,0.0,Brazil
Matheus Cunha,FW,27-035,4.0,3,233.0,2.6,3.0,0.0,0.0,0.0,1.16,0.0,Brazil
Rayan,FW,19-332,3.0,2,222.0,2.5,0.0,1.0,0.0,0.0,0.0,0.41,Brazil
Raphinha,"MF,FW",29-199,2.0,2,129.0,1.4,0.0,0.0,0.0,0.0,0.0,0.0,Brazil
Igor Thiago,FW,25-005,1.0,1,61.0,0.7,0.0,0.0,0.0,0.0,0.0,0.0,Brazil
Roger Ibanez,DF,27-220,1.0,1,45.0,0.5,0.0,0.0,1.0,0.0,0.0,0.0,Brazil
Endrick,FW,19-345,3.0,0,81.0,0.9,0.0,0.0,0.0,0.0,0.0,0.0,Brazil
Gabriel Martinelli,"FW,MF",25-013,3.0,0,77.0,0.9,1.0,0.0,0.0,0.0,1.17,0.0,Brazil
Fabinho,"DF,MF",32-251,3.0,0,71.0,0.8,0.0,0.0,1.0,0.0,0.0,0.0,Brazil
Luiz Henrique,"FW,MF",25-180,1.0,0,29.0,0.3,0.0,0.0,0.0,0.0,0.0,0.0,Brazil
Danilo Santos,MF,25-063,3.0,0,22.0,0.2,0.0,0.0,0.0,0.0,0.0,0.0,Brazil
Neymar,"FW,MF",34-146,1.0,0,15.0,0.2,0.0,0.0,0.0,0.0,0.0,0.0,Brazil
Éderson Silva,MF,26-359,1.0,0,10.0,0.1,0.0,0.0,0.0,0.0,0.0,0.0,Brazil
Alex Sandro,"DF,MF",35-156,1.0,0,9.0,0.1,0.0,0.0,0.0,0.0,0.0,0.0,Brazil
Gleison Bremer,DF,29-105,0.0,0,,,,,,,,,Brazil
Ederson Moraes,GK,32-318,0.0,0,,,,,,,,,Brazil
Léo Pereira,DF,30-151,0.0,0,,,,,,,,,Brazil
Wéverton,GK,38-200,0.0,0,,,,,,,,,Brazil
Diney,DF,31-169,4.0,4,390.0,4.3,0.0,0.0,1.0,0.0,0.0,0.0,Cabo Verde
Pico,DF,34-018,4.0,4,390.0,4.3,0.0,0.0,0.0,0.0,0.0,0.0,Cabo Verde
Vozinha,GK,40-032,4.0,4,390.0,4.3,0.0,0.0,0.0,0.0,0.0,0.0,Cabo Verde
Kevin Pina,MF,29-159,4.0,4,349.0,3.9,1.0,0.0,1.0,0.0,0.26,0.0,Cabo Verde
Ryan Mendes,"FW,MF",36-178,4.0,4,330.0,3.7,0.0,1.0,0.0,0.0,0.0,0.27,Cabo Verde
Steven Moreira,DF,31-326,4.0,3,301.0,3.3,0.0,0.0,0.0,0.0,0.0,0.0,Cabo Verde
Sidny Lopes Cabral,DF,23-290,3.0,3,285.0,3.2,1.0,0.0,2.0,0.0,0.32,0.0,Cabo Verde
Jamiro Monteiro,MF,32-224,4.0,3,281.0,3.1,0.0,0.0,0.0,0.0,0.0,0.0,Cabo Verde
Deroy Duarte,MF,27-001,4.0,2,264.0,2.9,1.0,0.0,0.0,0.0,0.34,0.0,Cabo Verde
Dailon Livramento,FW,25-062,3.0,2,174.0,1.9,0.0,0.0,0.0,0.0,0.0,0.0,Cabo Verde
Laros Duarte,MF,29-127,4.0,2,166.0,1.8,0.0,0.0,0.0,0.0,0.0,0.0,Cabo Verde
Jovane Cabral,FW,28-021,2.0,2,139.0,1.5,0.0,0.0,0.0,0.0,0.0,0.0,Cabo Verde
Nuno da Costa,FW,35-145,4.0,1,159.0,1.8,0.0,0.0,0.0,0.0,0.0,0.0,Cabo Verde
Willy Semedo,FW,32-069,3.0,1,131.0,1.5,0.0,0.0,0.0,0.0,0.0,0.0,Cabo Verde
João Paulo Fernandes,DF,28-040,2.0,1,105.0,1.2,0.0,0.0,0.0,0.0,0.0,0.0,Cabo Verde
Wagner Pina,DF,23-244,1.0,1,89.0,1.0,0.0,0.0,1.0,0.0,0.0,0.0,Cabo Verde
Gilson Benchimol,FW,24-188,2.0,1,78.0,0.9,0.0,0.0,0.0,0.0,0.0,0.0,Cabo Verde
Garry Rodrigues,MF,35-220,2.0,1,76.0,0.8,0.0,0.0,0.0,0.0,0.0,0.0,Cabo Verde
Telmo Arcanjo,MF,25-014,2.0,1,57.0,0.6,0.0,0.0,0.0,0.0,0.0,0.0,Cabo Verde
Hélio Varela,FW,24-063,3.0,0,104.0,1.2,1.0,0.0,0.0,0.0,0.87,0.0,Cabo Verde
Yannick,MF,30-188,2.0,0,32.0,0.4,0.0,1.0,0.0,0.0,0.0,2.81,Cabo Verde
Logan Costa,DF,25-095,0.0,0,,,,,,,,,Cabo Verde
C.J. dos Santos,GK,25-315,0.0,0,,,,,,,,,Cabo Verde
Kelvin Pires,DF,26-030,0.0,0,,,,,,,,,Cabo Verde
Márcio Rosa,GK,29-132,0.0,0,,,,,,,,,Cabo Verde
Stopira,DF,38-046,0.0,0,,,,,,,,,Cabo Verde
Maxime Crépeau,GK,32-051,4.0,4,360.0,4.0,0.0,0.0,0.0,0.0,0.0,0.0,Canada
Alistair Johnston,DF,27-266,4.0,4,360.0,4.0,0.0,0.0,1.0,0.0,0.0,0.0,Canada
Richie Laryea,DF,31-175,4.0,4,352.0,3.9,0.0,0.0,0.0,0.0,0.0,0.0,Canada
Jonathan David,FW,26-168,4.0,4,330.0,3.7,3.0,0.0,0.0,0.0,0.82,0.0,Canada
Derek Cornelius,DF,28-218,4.0,4,315.0,3.5,0.0,0.0,1.0,0.0,0.0,0.0,Canada
Tajon Buchanan,MF,27-143,4.0,4,290.0,3.2,0.0,0.0,0.0,0.0,0.0,0.0,Canada
Stephen Eustáquio,MF,29-192,4.0,3,302.0,3.4,1.0,0.0,0.0,0.0,0.3,0.0,Canada
Luc De Fougerolles,DF,20-262,4.0,3,282.0,3.1,0.0,0.0,1.0,0.0,0.0,0.0,Canada
Tani Oluwaseyi,FW,26-047,4.0,2,197.0,2.2,0.0,0.0,0.0,0.0,0.0,0.0,Canada
Nathan Saliba,MF,22-144,3.0,2,182.0,2.0,1.0,2.0,1.0,0.0,0.49,0.99,Canada
Cyle Larin,FW,31-075,3.0,2,162.0,1.8,2.0,0.0,1.0,0.0,1.11,0.0,Canada
Liam Millar,MF,26-277,3.0,2,162.0,1.8,0.0,0.0,1.0,0.0,0.0,0.0,Canada
Ali Ahmed,MF,25-264,3.0,2,157.0,1.7,0.0,0.0,0.0,0.0,0.0,0.0,Canada
Ismaël Koné,MF,24-015,2.0,2,146.0,1.6,0.0,0.0,0.0,0.0,0.0,0.0,Canada
Moïse Bombito,DF,26-093,2.0,1,103.0,1.1,0.0,0.0,0.0,0.0,0.0,0.0,Canada
Mathieu Choinière,MF,27-144,1.0,1,57.0,0.6,0.0,0.0,0.0,0.0,0.0,0.0,Canada
Jacob Shaffelburg,MF,26-217,4.0,0,79.0,0.9,0.0,0.0,0.0,0.0,0.0,0.0,Canada
Promise David,FW,24-363,3.0,0,67.0,0.7,1.0,1.0,0.0,0.0,1.34,1.34,Canada
Niko Sigur,"DF,MF",22-295,2.0,0,40.0,0.4,0.0,0.0,1.0,0.0,0.0,0.0,Canada
Alphonso Davies,"DF,FW",25-241,1.0,0,16.0,0.2,0.0,0.0,0.0,0.0,0.0,0.0,Canada
Jonathan Osorio,MF,34-019,1.0,0,1.0,0.0,0.0,0.0,0.0,0.0,0.0,0.0,Canada
Owen Goodman,GK,22-216,0.0,0,,,,,,,,,Canada
Alfie Jones,"DF,MF",28-267,0.0,0,,,,,,,,,Canada
Jayden Nelson,"FW,MF",23-278,0.0,0,,,,,,,,,Canada
Dayne St. Clair,GK,29-053,0.0,0,,,,,,,,,Canada
Joel Waterman,DF,30-158,0.0,0,,,,,,,,,Canada
Jhon Lucumí,DF,28-009,4.0,4,360.0,4.0,0.0,0.0,1.0,0.0,0.0,0.0,Colombia
Davinson Sánchez,DF,30-023,4.0,4,360.0,4.0,0.0,0.0,0.0,0.0,0.0,0.0,Colombia
Camilo Vargas,GK,37-118,4.0,4,360.0,4.0,0.0,0.0,0.0,0.0,0.0,0.0,Colombia
Luis Díaz,FW,29-173,4.0,4,358.0,4.0,1.0,1.0,0.0,0.0,0.25,0.25,Colombia
Gustavo Puerta,MF,22-347,4.0,4,349.0,3.9,0.0,1.0,1.0,0.0,0.0,0.26,Colombia
Jefferson Lerma,MF,31-253,4.0,4,329.0,3.7,0.0,0.0,1.0,0.0,0.0,0.0,Colombia
Jhon Arias,MF,28-287,4.0,4,312.0,3.5,1.0,0.0,1.0,0.0,0.29,0.0,Colombia
James Rodríguez,FW,34-358,4.0,4,248.0,2.8,0.0,0.0,0.0,0.0,0.0,0.0,Colombia
Daniel Muñoz,DF,30-040,4.0,3,274.0,3.0,2.0,0.0,0.0,0.0,0.66,0.0,Colombia
Johan Mojica,DF,33-318,3.0,3,270.0,3.0,0.0,0.0,1.0,0.0,0.0,0.0,Colombia
Luis Suárez,FW,28-215,4.0,2,250.0,2.8,0.0,1.0,0.0,0.0,0.0,0.36,Colombia
Jhon Córdoba,FW,33-055,3.0,2,99.0,1.1,0.0,0.0,0.0,0.0,0.0,0.0,Colombia
Deiver Machado,DF,32-306,1.0,1,90.0,1.0,0.0,0.0,0.0,0.0,0.0,0.0,Colombia
Santiago Arias,DF,34-173,1.0,1,86.0,1.0,0.0,0.0,0.0,0.0,0.0,0.0,Colombia
Richard Ríos,MF,26-033,4.0,0,101.0,1.1,0.0,0.0,1.0,0.0,0.0,0.0,Colombia
Juan Quintero,"FW,MF",33-168,3.0,0,66.0,0.7,0.0,1.0,0.0,0.0,0.0,1.36,Colombia
Jaminton Campaz,"FW,MF",26-042,2.0,0,20.0,0.2,1.0,0.0,0.0,0.0,4.5,0.0,Colombia
Kevin Castaño,MF,25-279,2.0,0,16.0,0.2,0.0,0.0,0.0,0.0,0.0,0.0,Colombia
Cucho,"FW,MF",27-076,1.0,0,11.0,0.1,0.0,1.0,0.0,0.0,0.0,8.18,Colombia
Andrés Gómez,MF,23-296,1.0,0,1.0,0.0,0.0,0.0,0.0,0.0,0.0,0.0,Colombia
Juan Camilo Portilla,MF,27-296,0.0,0,,,,,,,,,Colombia
Jorge Carrascal,"FW,MF",28-041,0.0,0,,,,,,,,,Colombia
Álvaro David Montero,GK,31-098,0.0,0,,,,,,,,,Colombia
Willer Ditta,DF,28-163,0.0,0,,,,,,,,,Colombia
Yerry Mina,DF,31-285,0.0,0,,,,,,,,,Colombia
David Ospina,GK,37-308,0.0,0,,,,,,,,,Colombia
Chancel Mbemba,DF,31-331,,4,360.0,4.0,0.0,1.0,1.0,0.0,0.0,0.25,Congo Dr
Lionel Mpasi,GK,31-338,,4,360.0,4.0,0.0,0.0,0.0,0.0,0.0,0.0,Congo Dr
Axel Tuanzebe,DF,28-233,,4,360.0,4.0,0.0,0.0,0.0,0.0,0.0,0.0,Congo Dr
Yoane Wissa,FW,29-305,,4,360.0,4.0,3.0,0.0,0.0,0.0,0.75,0.0,Congo Dr
Aaron Wan-Bissaka,DF,28-221,,4,354.0,3.9,0.0,0.0,0.0,0.0,0.0,0.0,Congo Dr
Samuel Moutoussamy,MF,29-327,,4,330.0,3.7,0.0,0.0,1.0,0.0,0.0,0.0,Congo Dr
Arthur Masuaku,DF,32-240,,4,315.0,3.5,0.0,1.0,0.0,0.0,0.0,0.29,Congo Dr
Ngal'Ayel Mukau,MF,21-244,,3,195.0,2.2,0.0,0.0,0.0,0.0,0.0,0.0,Congo Dr
Cédric Bakambu,FW,35-085,,3,190.0,2.1,0.0,0.0,0.0,0.0,0.0,0.0,Congo Dr
Noah Sadiki,MF,21-200,,2,259.0,2.9,0.0,0.0,2.0,0.0,0.0,0.0,Congo Dr
Steve Kapuadi,DF,28-066,,2,180.0,2.0,0.0,0.0,0.0,0.0,0.0,0.0,Congo Dr
Edo Kayembe,MF,28-032,,2,160.0,1.8,0.0,0.0,0.0,0.0,0.0,0.0,Congo Dr
Brian Cipenga,"MF,FW",28-116,,2,146.0,1.6,1.0,0.0,0.0,0.0,0.62,0.0,Congo Dr
Nathanaël Mbuku,"MF,FW",24-111,,2,143.0,1.6,0.0,0.0,1.0,0.0,0.0,0.0,Congo Dr
Meschak Elia,"FW,MF",28-333,,0,46.0,0.5,0.0,1.0,0.0,0.0,0.0,1.96,Congo Dr
Joris Kayembe,"DF,FW",31-331,,0,45.0,0.5,0.0,0.0,0.0,0.0,0.0,0.0,Congo Dr
Fiston Mayele,FW,32-011,,0,42.0,0.5,1.0,0.0,0.0,0.0,2.14,0.0,Congo Dr
Simon Banza,"FW,MF",29-326,,0,40.0,0.4,0.0,0.0,0.0,0.0,0.0,0.0,Congo Dr
Charles Pickel,"DF,MF",29-051,,0,35.0,0.4,0.0,0.0,1.0,0.0,0.0,0.0,Congo Dr
Theo Bongonda,"FW,MF",30-227,,0,34.0,0.4,0.0,0.0,0.0,0.0,0.0,0.0,Congo Dr
Gédéon Kalulu,DF,28-310,,0,6.0,0.1,0.0,0.0,0.0,0.0,0.0,0.0,Congo Dr
Dylan Batubinsika,DF,30-140,,0,,,,,,,,,Congo Dr
Matthieu Epolo,GK,21-171,,0,,,,,,,,,Congo Dr
Timothy Fayulu,GK,26-346,,0,,,,,,,,,Congo Dr
Gaël Kakuta,"FW,MF",35-014,,0,,,,,,,,,Congo Dr
Aaron Tshibola,MF,31-184,,0,,,,,,,,,Congo Dr
Dominik Livaković,GK,31-177,,4,360.0,4.0,0.0,0.0,0.0,0.0,0.0,0.0,Croatia
Ivan Perišić,"MF,DF",37-153,,4,360.0,4.0,1.0,1.0,2.0,0.0,0.25,0.25,Croatia
Josip Stanišić,"DF,MF",26-094,,4,360.0,4.0,0.0,1.0,0.0,0.0,0.0,0.25,Croatia
Josip Šutalo,DF,26-127,,4,360.0,4.0,0.0,0.0,0.0,0.0,0.0,0.0,Croatia
Martin Baturina,"MF,FW",23-139,,4,321.0,3.6,1.0,0.0,0.0,0.0,0.28,0.0,Croatia
Luka Modrić,MF,40-299,,4,317.0,3.5,0.0,1.0,1.0,0.0,0.0,0.28,Croatia
Petar Sučić,"MF,FW",22-253,,3,289.0,3.2,1.0,1.0,1.0,0.0,0.31,0.31,Croatia
Mateo Kovačić,MF,32-060,,3,270.0,3.0,0.0,1.0,0.0,0.0,0.0,0.33,Croatia
Marin Pongračić,DF,28-297,,3,270.0,3.0,0.0,0.0,0.0,0.0,0.0,0.0,Croatia
Nikola Vlašić,MF,28-274,,2,189.0,2.1,1.0,0.0,0.0,0.0,0.48,0.0,Croatia
Ante Budimir,FW,34-348,,2,155.0,1.7,1.0,0.0,0.0,0.0,0.58,0.0,Croatia
Joško Gvardiol,DF,24-163,,2,139.0,1.5,0.0,0.0,0.0,0.0,0.0,0.0,Croatia
Petar Musa,FW,28-123,,2,110.0,1.2,1.0,0.0,0.0,0.0,0.82,0.0,Croatia
Mario Pašalić,MF,31-146,,1,123.0,1.4,0.0,0.0,0.0,0.0,0.0,0.0,Croatia
Marco Pašalić,MF,25-294,,1,99.0,1.1,0.0,0.0,0.0,0.0,0.0,0.0,Croatia
Luka Vušković,DF,19-131,,1,65.0,0.7,0.0,0.0,0.0,0.0,0.0,0.0,Croatia
Igor Matanović,FW,23-096,,0,95.0,1.1,0.0,0.0,0.0,0.0,0.0,0.0,Croatia
Andrej Kramarić,"FW,MF",35-016,,0,59.0,0.7,0.0,0.0,0.0,0.0,0.0,0.0,Croatia
Luka Sučić,"FW,MF",23-300,,0,19.0,0.2,0.0,0.0,0.0,0.0,0.0,0.0,Croatia
Duje Ćaleta-Car,DF,29-291,,0,,,,,,,,,Croatia
Martin Erlić,DF,28-162,,0,,,,,,,,,Croatia
Toni Fruk,"FW,MF",25-118,,0,,,,,,,,,Croatia
Kristijan Jakić,"DF,MF",29-052,,0,,,,,,,,,Croatia
Dominik Kotarski,GK,26-145,,0,,,,,,,,,Croatia
Nikola Moro,MF,28-115,,0,,,,,,,,,Croatia
Ivor Pandur,GK,26-102,,0,,,,,,,,,Croatia
Leandro Bacuna,MF,34-314,3.0,3,270.0,3.0,0.0,0.0,1.0,0.0,0.0,0.0,Curaçao
Sherel Floranus,DF,27-312,3.0,3,270.0,3.0,0.0,0.0,0.0,0.0,0.0,0.0,Curaçao
Armando Obispo,DF,27-118,3.0,3,270.0,3.0,0.0,0.0,0.0,0.0,0.0,0.0,Curaçao
Eloy Room,GK,37-145,3.0,3,270.0,3.0,0.0,0.0,0.0,0.0,0.0,0.0,Curaçao
Juninho Bacuna,MF,28-328,3.0,3,254.0,2.8,0.0,0.0,2.0,0.0,0.0,0.0,Curaçao
Tahith Chong,MF,26-209,3.0,3,247.0,2.7,0.0,0.0,0.0,0.0,0.0,0.0,Curaçao
Deveron Fonville,DF,23-046,3.0,3,241.0,2.7,0.0,0.0,0.0,0.0,0.0,0.0,Curaçao
Jürgen Locadia,FW,32-236,3.0,3,235.0,2.6,0.0,0.0,0.0,0.0,0.0,0.0,Curaçao
Livano Comenencia,MF,22-148,3.0,3,233.0,2.6,1.0,0.0,1.0,0.0,0.39,0.0,Curaçao
Joshua Brenet,DF,32-103,2.0,2,179.0,2.0,0.0,0.0,0.0,0.0,0.0,0.0,Curaçao
Juriën Gaari,DF,32-190,2.0,2,166.0,1.8,0.0,0.0,1.0,0.0,0.0,0.0,Curaçao
Riechedly Bazoer,DF,29-262,1.0,1,90.0,1.0,0.0,0.0,0.0,0.0,0.0,0.0,Curaçao
Sontje Hansen,FW,24-044,1.0,1,45.0,0.5,0.0,0.0,0.0,0.0,0.0,0.0,Curaçao
Jeremy Antonisse,"FW,MF",24-094,2.0,0,75.0,0.8,0.0,0.0,0.0,0.0,0.0,0.0,Curaçao
Jearl Margaritha,"FW,MF",26-082,2.0,0,41.0,0.5,0.0,0.0,0.0,0.0,0.0,0.0,Curaçao
Gervane Kastaneer,"FW,MF",30-022,3.0,0,30.0,0.3,0.0,0.0,2.0,0.0,0.0,0.0,Curaçao
Kenji Gorré,"FW,MF",31-275,1.0,0,16.0,0.2,0.0,0.0,0.0,0.0,0.0,0.0,Curaçao
Roshon van Eijma,DF,28-022,1.0,0,15.0,0.2,0.0,0.0,0.0,0.0,0.0,0.0,Curaçao
Tyrese Noslin,MF,23-293,1.0,0,14.0,0.2,0.0,0.0,0.0,0.0,0.0,0.0,Curaçao
Godfried Roemeratoe,MF,26-316,1.0,0,7.0,0.1,0.0,0.0,0.0,0.0,0.0,0.0,Curaçao
Brandley Kuwas,"FW,MF",33-285,1.0,0,1.0,0.0,0.0,0.0,0.0,0.0,0.0,0.0,Curaçao
Shurandy Sambo,DF,24-316,1.0,0,1.0,0.0,0.0,0.0,0.0,0.0,0.0,0.0,Curaçao
Tyrick Bodak,GK,24-047,0.0,0,,,,,,,,,Curaçao
Trevor Doornbusch,GK,26-360,0.0,0,,,,,,,,,Curaçao
Kevin Felida,MF,26-232,0.0,0,,,,,,,,,Curaçao
Ar'jany Martha,"DF,FW",22-300,0.0,0,,,,,,,,,Curaçao
Vladimír Coufal,"MF,DF",33-313,3.0,3,270.0,3.0,0.0,1.0,0.0,0.0,0.0,0.33,Czechia
Robin Hranáč,DF,26-153,3.0,3,270.0,3.0,0.0,0.0,0.0,0.0,0.0,0.0,Czechia
Matej Kovar,GK,26-045,3.0,3,270.0,3.0,0.0,0.0,0.0,0.0,0.0,0.0,Czechia
Ladislav Krejčí,DF,27-072,3.0,3,270.0,3.0,1.0,0.0,1.0,0.0,0.33,0.0,Czechia
Pavel Šulc,FW,25-184,3.0,2,189.0,2.1,0.0,0.0,0.0,0.0,0.0,0.0,Czechia
Michal Sadílek,MF,27-031,3.0,2,183.0,2.0,1.0,0.0,0.0,0.0,0.49,0.0,Czechia
Patrik Schick,FW,30-158,3.0,2,180.0,2.0,0.0,0.0,0.0,0.0,0.0,0.0,Czechia
Lukáš Červ,MF,25-082,2.0,2,163.0,1.8,0.0,0.0,0.0,0.0,0.0,0.0,Czechia
Adam Hložek,FW,23-341,3.0,2,156.0,1.7,0.0,0.0,0.0,0.0,0.0,0.0,Czechia
Tomáš Holeš,DF,33-092,2.0,2,153.0,1.7,0.0,0.0,0.0,0.0,0.0,0.0,Czechia
Alexandr Sojka,"MF,DF",23-090,3.0,2,141.0,1.6,0.0,1.0,0.0,0.0,0.0,0.64,Czechia
Tomáš Souček,MF,31-124,3.0,1,137.0,1.5,0.0,0.0,0.0,0.0,0.0,0.0,Czechia
Jaroslav Zelený,MF,33-315,2.0,1,126.0,1.4,0.0,0.0,0.0,0.0,0.0,0.0,Czechia
Lukáš Provod,FW,29-251,3.0,1,122.0,1.4,0.0,0.0,0.0,0.0,0.0,0.0,Czechia
Štěpán Chaloupek,DF,23-115,1.0,1,90.0,1.0,0.0,0.0,0.0,0.0,0.0,0.0,Czechia
David Douděra,MF,28-031,1.0,1,90.0,1.0,0.0,0.0,0.0,0.0,0.0,0.0,Czechia
Denis Višinský,FW,23-102,1.0,1,55.0,0.6,0.0,0.0,0.0,0.0,0.0,0.0,Czechia
Vladimír Darida,MF,35-327,1.0,1,54.0,0.6,0.0,0.0,0.0,0.0,0.0,0.0,Czechia
Tomáš Chorý,FW,31-156,2.0,0,31.0,0.3,0.0,0.0,0.0,0.0,0.0,0.0,Czechia
David Zima,DF,25-235,1.0,0,13.0,0.1,0.0,0.0,0.0,0.0,0.0,0.0,Czechia
Mojmír Chytil,FW,27-063,1.0,0,7.0,0.1,0.0,0.0,0.0,0.0,0.0,0.0,Czechia
Lukáš Horníček,GK,23-353,0.0,0,,,,,,,,,Czechia
David Jurásek,"DF,MF",25-328,0.0,0,,,,,,,,,Czechia
Jan Kuchta,FW,29-174,0.0,0,,,,,,,,,Czechia
Hugo Sochůrek,MF,18-024,0.0,0,,,,,,,,,Czechia
Jindřich Staněk,GK,30-065,0.0,0,,,,,,,,,Czechia
Moisés Caicedo,MF,24-241,4.0,4,360.0,4.0,0.0,0.0,1.0,0.0,0.0,0.0,Ecuador
Hernán Galíndez,GK,39-093,4.0,4,360.0,4.0,0.0,0.0,0.0,0.0,0.0,0.0,Ecuador
Willian Pacho,DF,24-258,4.0,4,360.0,4.0,0.0,0.0,0.0,0.0,0.0,0.0,Ecuador
Gonzalo Plata,FW,25-242,4.0,4,360.0,4.0,1.0,0.0,1.0,0.0,0.25,0.0,Ecuador
Pedro Vite,MF,24-114,4.0,4,360.0,4.0,0.0,1.0,0.0,0.0,0.0,0.25,Ecuador
Piero Hincapié,DF,24-173,4.0,4,339.0,3.8,0.0,0.0,1.0,1.0,0.0,0.0,Ecuador
John Yeboah,MF,26-008,4.0,4,311.0,3.5,0.0,0.0,0.0,0.0,0.0,0.0,Ecuador
Enner Valencia,FW,36-239,4.0,4,287.0,3.2,0.0,0.0,0.0,0.0,0.0,0.0,Ecuador
Alan Franco,DF,27-314,4.0,4,251.0,2.8,0.0,0.0,2.0,0.0,0.0,0.0,Ecuador
Joel Ordóñez,DF,22-071,3.0,3,225.0,2.5,0.0,0.0,0.0,0.0,0.0,0.0,Ecuador
Nilson Angulo,MF,23-012,4.0,2,218.0,2.4,1.0,0.0,0.0,0.0,0.41,0.0,Ecuador
Pervis Estupiñán,MF,28-161,2.0,1,89.0,1.0,0.0,0.0,0.0,0.0,0.0,0.0,Ecuador
Alan Minda,MF,23-048,1.0,1,55.0,0.6,0.0,0.0,0.0,0.0,0.0,0.0,Ecuador
Jordy Alcivar,MF,26-330,1.0,1,45.0,0.5,0.0,0.0,1.0,0.0,0.0,0.0,Ecuador
Kevin Rodríguez,FW,26-119,4.0,0,118.0,1.3,0.0,1.0,0.0,0.0,0.0,0.76,Ecuador
Ángelo Preciado,"DF,MF",28-133,4.0,0,109.0,1.2,0.0,0.0,0.0,0.0,0.0,0.0,Ecuador
Yaimar Medina,"DF,MF",21-238,1.0,0,45.0,0.5,0.0,0.0,0.0,0.0,0.0,0.0,Ecuador
Jackson Porozo,DF,25-331,1.0,0,29.0,0.3,0.0,0.0,1.0,0.0,0.0,0.0,Ecuador
Jordy Caicedo,FW,28-225,3.0,0,20.0,0.2,0.0,0.0,0.0,0.0,0.0,0.0,Ecuador
Kendry Páez,MF,19-058,1.0,0,12.0,0.1,0.0,0.0,1.0,0.0,0.0,0.0,Ecuador
Félix Torres Caicedo,DF,29-171,1.0,0,6.0,0.1,0.0,0.0,0.0,0.0,0.0,0.0,Ecuador
Jeremy Arévalo,FW,21-104,0.0,0,,,,,,,,,Ecuador
Denil Castillo,MF,22-099,0.0,0,,,,,,,,,Ecuador
Moisés Ramírez,GK,25-295,0.0,0,,,,,,,,,Ecuador
Anthony Valencia,MF,22-345,0.0,0,,,,,,,,,Ecuador
Gonzalo Valle,GK,30-123,0.0,0,,,,,,,,,Ecuador
Mohamed Hany,DF,30-161,4.0,4,390.0,4.3,0.0,1.0,0.0,0.0,0.0,0.23,Egypt
Mostafa Shobeir,GK,26-051,4.0,4,390.0,4.3,0.0,0.0,0.0,0.0,0.0,0.0,Egypt
Mohamed Salah,"FW,MF",34-020,4.0,4,335.0,3.7,1.0,2.0,0.0,0.0,0.27,0.54,Egypt
Emam Ashour,MF,28-135,4.0,4,317.0,3.5,2.0,0.0,0.0,0.0,0.57,0.0,Egypt
Mostafa Ziko,"MF,FW",29-069,4.0,4,291.0,3.2,1.0,1.0,0.0,0.0,0.31,0.31,Egypt
Yasser Ibrahim,DF,33-145,4.0,3,377.0,4.2,0.0,0.0,2.0,0.0,0.0,0.0,Egypt
Marwan Attia,MF,27-327,4.0,3,344.0,3.8,0.0,0.0,1.0,0.0,0.0,0.0,Egypt
Omar Marmoush,"FW,MF",27-148,4.0,3,315.0,3.5,0.0,0.0,0.0,0.0,0.0,0.0,Egypt
Mohanad Lasheen,MF,30-037,3.0,3,270.0,3.0,0.0,0.0,2.0,0.0,0.0,0.0,Egypt
Ahmed Fatouh,DF,28-105,3.0,3,267.0,3.0,0.0,0.0,1.0,0.0,0.0,0.0,Egypt
Hamdy Fathy,"DF,MF",31-279,3.0,3,193.0,2.1,0.0,0.0,0.0,0.0,0.0,0.0,Egypt
Ramy Rabia,DF,33-046,4.0,2,282.0,3.1,0.0,0.0,0.0,0.0,0.0,0.0,Egypt
Trézéguet,MF,31-277,3.0,1,146.0,1.6,1.0,1.0,0.0,0.0,0.62,0.62,Egypt
Karim Hafez,DF,30-115,2.0,1,82.0,0.9,0.0,1.0,0.0,0.0,0.0,1.1,Egypt
Mahmoud Saber,MF,24-340,2.0,1,46.0,0.5,1.0,0.0,1.0,0.0,1.96,0.0,Egypt
Mohamed Abdelmonem,DF,27-154,2.0,1,14.0,0.2,0.0,0.0,0.0,0.0,0.0,0.0,Egypt
Hamza Abdelkarim,FW,18-185,4.0,0,60.0,0.7,0.0,0.0,0.0,0.0,0.0,0.0,Egypt
Hossam Abdelmaguid,DF,25-066,2.0,0,59.0,0.7,0.0,0.0,0.0,0.0,0.0,0.0,Egypt
Zizo,MF,30-176,3.0,0,55.0,0.6,0.0,0.0,0.0,0.0,0.0,0.0,Egypt
Haissem Hassan,MF,24-147,1.0,0,54.0,0.6,0.0,0.0,1.0,0.0,0.0,0.0,Egypt
Ibrahim Adel,MF,25-073,1.0,0,3.0,0.0,0.0,0.0,0.0,0.0,0.0,0.0,Egypt
Mohamed Alaa,GK,27-185,0.0,0,,,,,,,,,Egypt
Tarek Alaa,DF,24-181,0.0,0,,,,,,,,,Egypt
Nabil Dunga,MF,30-090,0.0,0,,,,,,,,,Egypt
El Mahdy Soliman,GK,39-027,0.0,0,,,,,,,,,Egypt
Mohamed El-Shenawy,GK,37-199,0.0,0,,,,,,,,,Egypt
Ezri Konsa,DF,28-255,,4,360.0,4.0,0.0,0.0,0.0,0.0,0.0,0.0,England
Jordan Pickford,GK,32-120,,4,360.0,4.0,0.0,0.0,0.0,0.0,0.0,0.0,England
Harry Kane,FW,32-342,,4,353.0,3.9,5.0,0.0,0.0,0.0,1.27,0.0,England
Elliot Anderson,MF,23-241,,4,336.0,3.7,0.0,1.0,0.0,0.0,0.0,0.27,England
Jude Bellingham,MF,23-006,,4,312.0,3.5,2.0,1.0,1.0,0.0,0.58,0.29,England
Nico O'Reilly,DF,21-106,,3,295.0,3.3,0.0,0.0,0.0,0.0,0.0,0.0,England
Marc Guéhi,DF,25-357,,3,274.0,3.0,0.0,0.0,0.0,0.0,0.0,0.0,England
Declan Rice,MF,27-172,,3,250.0,2.8,0.0,1.0,1.0,0.0,0.0,0.36,England
Noni Madueke,MF,24-117,,3,241.0,2.7,0.0,0.0,0.0,0.0,0.0,0.0,England
Reece James,DF,26-209,,2,180.0,2.0,0.0,0.0,0.0,0.0,0.0,0.0,England
Marcus Rashford,MF,28-247,,2,177.0,2.0,1.0,0.0,0.0,0.0,0.51,0.0,England
Djed Spence,DF,25-330,,2,173.0,1.9,0.0,0.0,0.0,0.0,0.0,0.0,England
Anthony Gordon,MF,25-131,,2,165.0,1.8,0.0,2.0,0.0,0.0,0.0,1.09,England
Bukayo Saka,MF,24-303,,1,137.0,1.5,0.0,2.0,0.0,0.0,0.0,1.31,England
Morgan Rogers,MF,23-344,,1,126.0,1.4,0.0,0.0,0.0,0.0,0.0,0.0,England
John Stones,DF,32-038,,1,87.0,1.0,0.0,0.0,0.0,0.0,0.0,0.0,England
Jarell Quansah,DF,23-157,,1,62.0,0.7,0.0,0.0,1.0,0.0,0.0,0.0,England
Eberechi Eze,"FW,MF",28-006,,0,58.0,0.6,0.0,0.0,0.0,0.0,0.0,0.0,England
Jordan Henderson,MF,36-018,,0,7.0,0.1,0.0,0.0,0.0,0.0,0.0,0.0,England
Ollie Watkins,"FW,MF",30-187,,0,7.0,0.1,0.0,0.0,0.0,0.0,0.0,0.0,England
Dan Burn,DF,34-057,,0,,,,,,,,,England
Trevoh Chalobah,"DF,MF",27-000,,0,,,,,,,,,England
Dean Henderson,GK,29-115,,0,,,,,,,,,England
Kobbie Mainoo,MF,21-077,,0,,,,,,,,,England
Ivan Toney,FW,30-111,,0,,,,,,,,,England
James Trafford,GK,23-268,,0,,,,,,,,,England
Mike Maignan,GK,30-363,4.0,4,360.0,4.0,0.0,0.0,0.0,0.0,0.0,0.0,France
Kylian Mbappé,FW,27-193,4.0,4,349.0,3.9,6.0,2.0,0.0,0.0,1.55,0.52,France
Dayot Upamecano,DF,27-247,4.0,4,345.0,3.8,0.0,0.0,0.0,0.0,0.0,0.0,France
Jules Koundé,DF,27-231,4.0,4,332.0,3.7,0.0,0.0,0.0,0.0,0.0,0.0,France
Michael Olise,MF,24-201,4.0,4,305.0,3.4,0.0,5.0,0.0,0.0,0.0,1.48,France
Ousmane Dembélé,MF,29-047,4.0,4,284.0,3.2,4.0,2.0,0.0,0.0,1.27,0.63,France
Adrien Rabiot,MF,31-089,3.0,3,270.0,3.0,0.0,1.0,0.0,0.0,0.0,0.33,France
William Saliba,DF,25-099,3.0,3,270.0,3.0,0.0,0.0,0.0,0.0,0.0,0.0,France
Aurélien Tchouaméni,MF,26-155,3.0,3,270.0,3.0,0.0,1.0,1.0,0.0,0.0,0.33,France
Désiré Doué,MF,21-028,4.0,2,215.0,2.4,1.0,0.0,0.0,0.0,0.42,0.0,France
Bradley Barcola,MF,23-302,4.0,2,209.0,2.3,2.0,1.0,0.0,0.0,0.86,0.43,France
Theo Hernández,DF,28-268,3.0,2,193.0,2.1,0.0,0.0,0.0,0.0,0.0,0.0,France
Manu Koné,MF,25-045,2.0,2,180.0,2.0,0.0,0.0,0.0,0.0,0.0,0.0,France
Lucas Digne,DF,32-346,2.0,2,167.0,1.9,0.0,0.0,0.0,0.0,0.0,0.0,France
Maxence Lacroix,DF,26-086,1.0,1,90.0,1.0,0.0,0.0,0.0,0.0,0.0,0.0,France
Rayan Cherki,"FW,MF",22-318,4.0,0,59.0,0.7,0.0,0.0,0.0,0.0,0.0,0.0,France
Malo Gusto,"DF,MF",23-043,3.0,0,28.0,0.3,0.0,0.0,0.0,0.0,0.0,0.0,France
Ibrahima Konaté,DF,27-037,1.0,0,15.0,0.2,0.0,0.0,0.0,0.0,0.0,0.0,France
Jean-Philippe Mateta,FW,29-003,2.0,0,10.0,0.1,0.0,0.0,0.0,0.0,0.0,0.0,France
Maghnes Akliouche,MF,24-126,1.0,0,8.0,0.1,0.0,0.0,0.0,0.0,0.0,0.0,France
Marcus Thuram,"FW,MF",28-329,1.0,0,1.0,0.0,0.0,0.0,0.0,0.0,0.0,0.0,France
Lucas Hernández,DF,30-137,0.0,0,,,,,,,,,France
N'Golo Kanté,MF,35-094,0.0,0,,,,,,,,,France
Robin Risser,GK,21-211,0.0,0,,,,,,,,,France
Brice Samba,GK,32-067,0.0,0,,,,,,,,,France
Warren Zaïre-Emery,"DF,MF",20-115,0.0,0,,,,,,,,,France
Manuel Neuer,GK,40-096,,4,390.0,4.3,0.0,0.0,0.0,0.0,0.0,0.0,Germany
Jonathan Tah,DF,30-140,,4,372.0,4.1,0.0,0.0,0.0,0.0,0.0,0.0,Germany
Florian Wirtz,MF,23-059,,4,361.0,4.0,0.0,3.0,0.0,0.0,0.0,0.75,Germany
Kai Havertz,FW,27-020,,4,353.0,3.9,3.0,0.0,1.0,0.0,0.76,0.0,Germany
Joshua Kimmich,DF,31-143,,4,351.0,3.9,0.0,2.0,0.0,0.0,0.0,0.51,Germany
Leroy Sané,MF,30-171,,4,326.0,3.6,1.0,0.0,0.0,0.0,0.28,0.0,Germany
Aleksandar Pavlovic,MF,22-059,,4,272.0,3.0,0.0,0.0,1.0,0.0,0.0,0.0,Germany
Felix Nmecha,MF,25-264,,4,270.0,3.0,1.0,1.0,0.0,0.0,0.33,0.33,Germany
Nathaniel Brown,DF,23-015,,3,282.0,3.1,1.0,1.0,0.0,0.0,0.32,0.32,Germany
Jamal Musiala,MF,23-125,,3,270.0,3.0,1.0,0.0,1.0,0.0,0.33,0.0,Germany
Antonio Rüdiger,DF,33-120,,2,262.0,2.9,0.0,0.0,0.0,0.0,0.0,0.0,Germany
Nico Schlotterbeck,DF,26-212,,2,135.0,1.5,1.0,0.0,0.0,0.0,0.67,0.0,Germany
Deniz Undav,FW,29-347,,1,151.0,1.7,3.0,2.0,0.0,0.0,1.79,1.19,Germany
David Raum,DF,28-070,,1,108.0,1.2,0.0,0.0,0.0,0.0,0.0,0.0,Germany
Leon Goretzka,MF,31-145,,0,99.0,1.1,0.0,0.0,0.0,0.0,0.0,0.0,Germany
Waldemar Anton,"DF,MF",29-346,,0,50.0,0.6,0.0,0.0,0.0,0.0,0.0,0.0,Germany
Angelo Stiller,MF,25-088,,0,45.0,0.5,0.0,0.0,0.0,0.0,0.0,0.0,Germany
Nadiem Amiri,MF,29-247,,0,42.0,0.5,0.0,1.0,0.0,0.0,0.0,2.14,Germany
Malick Thiaw,"DF,MF",24-327,,0,42.0,0.5,0.0,0.0,0.0,0.0,0.0,0.0,Germany
Nick Woltemade,"FW,MF",24-137,,0,33.0,0.4,0.0,0.0,0.0,0.0,0.0,0.0,Germany
Jamie Leweling,"FW,MF",25-125,,0,31.0,0.3,0.0,0.0,0.0,0.0,0.0,0.0,Germany
Maximilian Beier,"FW,MF",23-257,,0,27.0,0.3,0.0,0.0,0.0,0.0,0.0,0.0,Germany
Pascal Groß,"DF,MF",35-016,,0,18.0,0.2,0.0,0.0,0.0,0.0,0.0,0.0,Germany
Oliver Baumann,GK,36-029,,0,,,,,,,,,Germany
Alexander Nübel,GK,29-274,,0,,,,,,,,,Germany
Assan Ouédraogo,MF,20-053,,0,,,,,,,,,Germany
Gideon Mensah,DF,27-352,4.0,4,360.0,4.0,0.0,0.0,0.0,0.0,0.0,0.0,Ghana
Antoine Semenyo,"MF,FW",26-179,4.0,4,360.0,4.0,0.0,0.0,0.0,0.0,0.0,0.0,Ghana
Jordan Ayew,FW,34-297,4.0,4,300.0,3.3,0.0,0.0,0.0,0.0,0.0,0.0,Ghana
Marvin Senaya,DF,25-158,4.0,4,278.0,3.1,0.0,0.0,0.0,0.0,0.0,0.0,Ghana
Jerome Opoku,DF,27-264,3.0,3,270.0,3.0,0.0,0.0,0.0,0.0,0.0,0.0,Ghana
Thomas Partey,MF,33-022,3.0,3,270.0,3.0,0.0,0.0,0.0,0.0,0.0,0.0,Ghana
Caleb Yirenkyi,MF,20-171,4.0,3,264.0,2.9,1.0,0.0,2.0,0.0,0.34,0.0,Ghana
Kwasi Sibo,MF,28-011,4.0,3,248.0,2.8,0.0,0.0,0.0,0.0,0.0,0.0,Ghana
Jonas Adjetey,DF,22-204,3.0,3,225.0,2.5,0.0,0.0,0.0,0.0,0.0,0.0,Ghana
Benjamin Asare,GK,33-357,3.0,2,225.0,2.5,0.0,0.0,0.0,0.0,0.0,0.0,Ghana
Derrick Luckassen,DF,31-002,2.0,2,180.0,2.0,1.0,0.0,0.0,0.0,0.5,0.0,Ghana
Elisha Owusu,MF,28-240,3.0,2,151.0,1.7,0.0,0.0,0.0,0.0,0.0,0.0,Ghana
Lawrence Ati-Zigi,GK,29-218,2.0,2,135.0,1.5,0.0,0.0,0.0,0.0,0.0,0.0,Ghana
Kamaldeen Sulemana,"MF,FW",24-140,2.0,2,127.0,1.4,0.0,0.0,0.0,0.0,0.0,0.0,Ghana
Iñaki Williams,"MF,FW",32-020,2.0,2,126.0,1.4,0.0,0.0,1.0,0.0,0.0,0.0,Ghana
Ernest Nuamah,MF,22-246,3.0,1,89.0,1.0,0.0,1.0,0.0,0.0,0.0,1.01,Ghana
Abdul Fatawu Issahaku,"FW,MF",22-119,4.0,0,132.0,1.5,0.0,0.0,1.0,0.0,0.0,0.0,Ghana
Alidu Seidu,DF,26-031,1.0,0,78.0,0.9,0.0,0.0,1.0,0.0,0.0,0.0,Ghana
Brandon Thomas-Asante,"FW,MF",27-188,2.0,0,53.0,0.6,0.0,0.0,0.0,0.0,0.0,0.0,Ghana
Kojo Peprah Oppong,DF,22-031,2.0,0,49.0,0.5,0.0,0.0,1.0,0.0,0.0,0.0,Ghana
Prince Kwabena Adu,FW,22-285,3.0,0,39.0,0.4,0.0,0.0,0.0,0.0,0.0,0.0,Ghana
Abdul Rahman Baba,"DF,MF",32-003,1.0,0,1.0,0.0,0.0,0.0,0.0,0.0,0.0,0.0,Ghana
Joseph Anang,GK,26-027,0.0,0,,,,,,,,,Ghana
Augustine Boakye,"FW,MF",25-244,0.0,0,,,,,,,,,Ghana
Christopher Bonsu-Baah,MF,21-203,0.0,0,,,,,,,,,Ghana
Abdul Mumin,DF,28-029,0.0,0,,,,,,,,,Ghana
Ricardo Adé,DF,36-041,,3,270.0,3.0,0.0,0.0,0.0,0.0,0.0,0.0,Haiti
Hannes Delcroix,DF,27-123,,3,270.0,3.0,0.0,0.0,0.0,0.0,0.0,0.0,Haiti
Martin Expérience,"DF,MF",27-114,,3,270.0,3.0,0.0,0.0,0.0,0.0,0.0,0.0,Haiti
Johny Placide,GK,38-153,,3,270.0,3.0,0.0,0.0,1.0,0.0,0.0,0.0,Haiti
Jean-Ricner Bellegarde,MF,28-004,,3,260.0,2.9,0.0,0.0,1.0,0.0,0.0,0.0,Haiti
Danley Jean-Jacques,MF,26-042,,3,259.0,2.9,0.0,0.0,1.0,0.0,0.0,0.0,Haiti
Ruben Providence,MF,24-359,,3,220.0,2.4,0.0,0.0,0.0,0.0,0.0,0.0,Haiti
Wilson Isidor,FW,25-308,,2,186.0,2.1,1.0,0.0,0.0,0.0,0.48,0.0,Haiti
Josué Casimir,MF,24-280,,2,182.0,2.0,0.0,0.0,1.0,0.0,0.0,0.0,Haiti
Jean-Kevin Duverne,DF,28-354,,2,169.0,1.9,0.0,1.0,0.0,0.0,0.0,0.53,Haiti
Carlens Arcus,"MF,DF",30-003,,2,146.0,1.6,0.0,0.0,1.0,0.0,0.0,0.0,Haiti
Frantzdy Pierrot,FW,31-094,,2,143.0,1.6,0.0,0.0,1.0,0.0,0.0,0.0,Haiti
Lenny Joseph,FW,25-262,,1,117.0,1.3,0.0,0.0,0.0,0.0,0.0,0.0,Haiti
Louicius Deedson,MF,25-140,,1,112.0,1.2,0.0,0.0,0.0,0.0,0.0,0.0,Haiti
Dominique Simon,MF,25-337,,0,56.0,0.6,0.0,0.0,0.0,0.0,0.0,0.0,Haiti
Duckens Nazon,"FW,MF",32-085,,0,24.0,0.3,0.0,0.0,1.0,0.0,0.0,0.0,Haiti
Derrick Etienne,"FW,MF",29-218,,0,10.0,0.1,0.0,0.0,0.0,0.0,0.0,0.0,Haiti
Yassin Fortuné,"FW,MF",27-152,,0,6.0,0.1,0.0,0.0,0.0,0.0,0.0,0.0,Haiti
Josué Duverger,GK,26-065,,0,,,,,,,,,Haiti
Carl Fred Sainté,MF,23-326,,0,,,,,,,,,Haiti
Duke Lacroix,"DF,FW",32-260,,0,,,,,,,,,Haiti
Garven Metusala,DF,26-182,,0,,,,,,,,,Haiti
Wilguens Paugain,DF,24-311,,0,,,,,,,,,Haiti
Alexandre Pierre,GK,25-126,,0,,,,,,,,,Haiti
Woodensky Pierre,MF,21-183,,0,,,,,,,,,Haiti
Keeto Thermoncy,DF,20-094,,0,,,,,,,,,Haiti
Alireza Beiranvand,GK,33-283,,3,270.0,3.0,0.0,0.0,0.0,0.0,0.0,0.0,Iran
Shoja' Khalilzadeh,DF,37-048,,3,270.0,3.0,0.0,0.0,1.0,0.0,0.0,0.0,Iran
Ali Nemati,DF,30-143,,3,270.0,3.0,0.0,0.0,1.0,0.0,0.0,0.0,Iran
Ramin Rezaeian,"DF,MF",36-102,,3,270.0,3.0,2.0,1.0,0.0,0.0,0.67,0.33,Iran
Saeid Ezatolahi,MF,29-273,,3,264.0,2.9,0.0,0.0,2.0,0.0,0.0,0.0,Iran
Mehdi Taremi,FW,33-348,,3,259.0,2.9,0.0,0.0,0.0,0.0,0.0,0.0,Iran
Mohammad Mohebi,MF,27-193,,3,244.0,2.7,1.0,0.0,0.0,0.0,0.37,0.0,Iran
Saman Ghoddos,MF,32-298,,3,208.0,2.3,0.0,0.0,0.0,0.0,0.0,0.0,Iran
Milad Mohammadi,DF,32-275,,2,205.0,2.3,0.0,0.0,0.0,0.0,0.0,0.0,Iran
Hossein Kanaanizadegan,DF,32-100,,2,135.0,1.5,0.0,0.0,1.0,0.0,0.0,0.0,Iran
Ehsan Hajsafi,DF,36-126,,1,91.0,1.0,0.0,0.0,1.0,0.0,0.0,0.0,Iran
Mohammad Ghorbani,MF,25-041,,1,90.0,1.0,0.0,0.0,0.0,0.0,0.0,0.0,Iran
Saleh Hardani,DF,27-187,,1,90.0,1.0,0.0,0.0,0.0,0.0,0.0,0.0,Iran
Shahriar Moghanlou,FW,31-192,,1,88.0,1.0,0.0,0.0,0.0,0.0,0.0,0.0,Iran
Aria Yousefi,MF,24-070,,1,45.0,0.5,0.0,0.0,0.0,0.0,0.0,0.0,Iran
Alireza Jahanbakhsh,"FW,MF",32-324,,0,46.0,0.5,0.0,0.0,0.0,0.0,0.0,0.0,Iran
Mehdi Ghayedi,FW,27-208,,0,45.0,0.5,0.0,0.0,0.0,0.0,0.0,0.0,Iran
Ali Alipour,FW,30-232,,0,38.0,0.4,0.0,0.0,0.0,0.0,0.0,0.0,Iran
Mehdi Torabi,MF,31-294,,0,25.0,0.3,0.0,0.0,0.0,0.0,0.0,0.0,Iran
Amirhossein Hosseinzadeh,FW,25-244,,0,17.0,0.2,0.0,0.0,0.0,0.0,0.0,0.0,Iran
Rouzbeh Cheshmi,"DF,MF",32-342,,0,,,,,,,,,Iran
Dennis Eckert,FW,29-173,,0,,,,,,,,,Iran
Danial Eiri,DF,22-248,,0,,,,,,,,,Iran
Hossein Hosseini,GK,34-001,,0,,,,,,,,,Iran
Payam Niazmand,GK,31-086,,0,,,,,,,,,Iran
Amirmohammad Razzaghinia,MF,20-081,,0,,,,,,,,,Iran
Merchas Doski,DF,26-206,3.0,3,270.0,3.0,0.0,0.0,1.0,0.0,0.0,0.0,Iraq
Akam Hashim,DF,27-319,3.0,3,270.0,3.0,0.0,0.0,0.0,0.0,0.0,0.0,Iraq
Amir Al Ammari,MF,28-339,3.0,3,247.0,2.7,0.0,1.0,2.0,0.0,0.0,0.36,Iraq
Ibrahim Bayesh,"MF,FW",26-061,3.0,3,235.0,2.6,0.0,0.0,0.0,0.0,0.0,0.0,Iraq
Zidane Iqbal,MF,23-065,3.0,2,188.0,2.1,0.0,0.0,0.0,0.0,0.0,0.0,Iraq
Ali Al Hamadi,FW,24-122,3.0,2,180.0,2.0,0.0,0.0,0.0,0.0,0.0,0.0,Iraq
Hussein Ali,DF,24-122,2.0,2,162.0,1.8,0.0,0.0,0.0,0.0,0.0,0.0,Iraq
Zaid Tahseen,DF,25-153,2.0,2,149.0,1.7,0.0,0.0,1.0,0.0,0.0,0.0,Iraq
Ahmed Basil,GK,29-316,2.0,2,135.0,1.5,0.0,0.0,0.0,0.0,0.0,0.0,Iraq
Ali Jasim,MF,22-162,2.0,2,129.0,1.4,0.0,0.0,0.0,0.0,0.0,0.0,Iraq
Ahmed Qasem,"MF,FW",22-354,3.0,2,123.0,1.4,0.0,0.0,0.0,0.0,0.0,0.0,Iraq
Zaid Ismail,MF,24-179,2.0,2,117.0,1.3,0.0,0.0,0.0,0.0,0.0,0.0,Iraq
Ayman Hussein,FW,30-101,2.0,2,115.0,1.3,1.0,0.0,0.0,0.0,0.78,0.0,Iraq
Jalal Hassan,GK,35-044,2.0,1,135.0,1.5,0.0,0.0,0.0,0.0,0.0,0.0,Iraq
Frans Dhia Putros,DF,32-352,1.0,1,90.0,1.0,0.0,0.0,0.0,0.0,0.0,0.0,Iraq
Rebin Sulaka,DF,34-080,2.0,1,43.0,0.5,0.0,0.0,0.0,1.0,0.0,0.0,Iraq
Manaf Younis,DF,29-227,1.0,0,75.0,0.8,0.0,0.0,0.0,0.0,0.0,0.0,Iraq
Marko Farji,MF,22-107,2.0,0,54.0,0.6,0.0,0.0,0.0,0.0,0.0,0.0,Iraq
Ahmed Maknzi,DF,24-280,1.0,0,33.0,0.4,0.0,0.0,0.0,0.0,0.0,0.0,Iraq
Ali Yousif,FW,30-163,1.0,0,33.0,0.4,0.0,0.0,0.0,0.0,0.0,0.0,Iraq
Youssef Amyn,MF,22-314,1.0,0,31.0,0.3,0.0,0.0,0.0,0.0,0.0,0.0,Iraq
Kevin Yakob,MF,25-264,1.0,0,24.0,0.3,0.0,0.0,0.0,0.0,0.0,0.0,Iraq
Aimar Sher,MF,23-193,1.0,0,23.0,0.3,0.0,0.0,0.0,0.0,0.0,0.0,Iraq
Mustafa Saadoon,DF,25-037,1.0,0,18.0,0.2,0.0,0.0,0.0,0.0,0.0,0.0,Iraq
Mohanad Ali,FW,26-011,1.0,0,13.0,0.1,0.0,0.0,0.0,0.0,0.0,0.0,Iraq
Fahad Talib,GK,31-253,0.0,0,,,,,,,,,Iraq
Yahia Fofana,GK,25-314,4.0,4,360.0,4.0,0.0,0.0,0.0,0.0,0.0,0.0,Ivory Cost
Franck Kessié,MF,29-194,4.0,4,346.0,3.8,1.0,0.0,1.0,0.0,0.26,0.0,Ivory Cost
Yan Diomandé,"MF,FW",19-229,4.0,4,329.0,3.7,0.0,1.0,0.0,0.0,0.0,0.27,Ivory Cost
Guéla Doué,DF,23-257,4.0,3,277.0,3.1,0.0,0.0,1.0,0.0,0.0,0.0,Ivory Cost
Odilon Kossounou,DF,25-178,4.0,3,272.0,3.0,0.0,0.0,0.0,0.0,0.0,0.0,Ivory Cost
Emmanuel Agbadou,DF,29-014,3.0,3,270.0,3.0,0.0,0.0,0.0,0.0,0.0,0.0,Ivory Cost
Ghislain Konan,DF,30-186,3.0,3,269.0,3.0,0.0,0.0,0.0,0.0,0.0,0.0,Ivory Cost
Ibrahim Sangaré,MF,28-211,4.0,3,268.0,3.0,0.0,1.0,0.0,0.0,0.0,0.34,Ivory Cost
Ange-Yoan Bonny,FW,22-249,4.0,3,234.0,2.6,0.0,0.0,0.0,0.0,0.0,0.0,Ivory Cost
Nicolas Pépé,FW,31-033,4.0,3,234.0,2.6,2.0,1.0,1.0,0.0,0.77,0.38,Ivory Cost
Christ Inao Oulaï,MF,20-086,4.0,2,208.0,2.3,0.0,0.0,0.0,0.0,0.0,0.0,Ivory Cost
Amad Diallo,"MF,FW",23-355,4.0,2,185.0,2.1,2.0,0.0,0.0,0.0,0.97,0.0,Ivory Cost
Wilfried Singo,DF,25-188,2.0,2,171.0,1.9,0.0,1.0,0.0,0.0,0.0,0.53,Ivory Cost
Elye Wahi,FW,23-180,3.0,1,110.0,1.2,0.0,0.0,0.0,0.0,0.0,0.0,Ivory Cost
Seko Fofana,MF,31-055,2.0,1,92.0,1.0,0.0,0.0,1.0,0.0,0.0,0.0,Ivory Cost
Ousmane Diomande,DF,22-209,1.0,1,90.0,1.0,0.0,0.0,0.0,0.0,0.0,0.0,Ivory Cost
Christopher Opéri,DF,29-063,1.0,1,90.0,1.0,0.0,0.0,0.0,0.0,0.0,0.0,Ivory Cost
Bazoumana Touré,MF,20-121,3.0,1,80.0,0.9,0.0,0.0,0.0,0.0,0.0,0.0,Ivory Cost
Oumar Diakité,FW,22-193,2.0,0,28.0,0.3,0.0,0.0,0.0,0.0,0.0,0.0,Ivory Cost
Evann Guessand,"FW,MF",25-000,2.0,0,17.0,0.2,0.0,0.0,0.0,0.0,0.0,0.0,Ivory Cost
Simon Adingra,"FW,MF",24-181,1.0,0,16.0,0.2,0.0,0.0,0.0,0.0,0.0,0.0,Ivory Cost
Jean Seri,MF,34-347,1.0,0,14.0,0.2,0.0,0.0,0.0,0.0,0.0,0.0,Ivory Cost
Parfait Guiagon,MF,25-129,0.0,0,,,,,,,,,Ivory Cost
Mohamed Koné,GK,24-116,0.0,0,,,,,,,,,Ivory Cost
Alban Lafont,GK,27-159,0.0,0,,,,,,,,,Ivory Cost
Obite N'Dicka,DF,26-315,0.0,0,,,,,,,,,Ivory Cost
Hiroki Ito,DF,27-050,4.0,4,360.0,4.0,0.0,0.0,0.0,0.0,0.0,0.0,Japan
Zion Suzuki,GK,23-314,4.0,4,360.0,4.0,0.0,0.0,0.0,0.0,0.0,0.0,Japan
Daichi Kamada,MF,29-330,4.0,4,329.0,3.7,2.0,0.0,1.0,0.0,0.55,0.0,Japan
Ayase Ueda,FW,27-294,4.0,4,321.0,3.6,2.0,1.0,0.0,0.0,0.56,0.28,Japan
Keito Nakamura,MF,25-338,4.0,4,307.0,3.4,1.0,1.0,0.0,0.0,0.29,0.29,Japan
Ritsu Doan,MF,28-015,4.0,4,278.0,3.1,0.0,1.0,0.0,0.0,0.0,0.32,Japan
Kaishū Sano,MF,25-183,3.0,3,270.0,3.0,1.0,1.0,1.0,0.0,0.33,0.33,Japan
Daizen Maeda,MF,28-254,3.0,3,244.0,2.7,1.0,0.0,0.0,0.0,0.37,0.0,Japan
Shogo Taniguchi,DF,34-351,3.0,2,232.0,2.6,0.0,0.0,1.0,0.0,0.0,0.0,Japan
Junya Itō,MF,33-114,4.0,2,216.0,2.4,1.0,0.0,0.0,0.0,0.42,0.0,Japan
Ao Tanaka,MF,27-294,3.0,2,193.0,2.1,0.0,0.0,0.0,0.0,0.0,0.0,Japan
Takehiro Tomiyasu,DF,27-238,3.0,2,184.0,2.0,0.0,0.0,0.0,0.0,0.0,0.0,Japan
Ko Itakura,DF,29-155,2.0,2,128.0,1.4,0.0,1.0,0.0,0.0,0.0,0.7,Japan
Yukinari Sugawara,MF,26-003,4.0,1,148.0,1.6,0.0,0.0,0.0,0.0,0.0,0.0,Japan
Tsuyoshi Watanabe,DF,29-146,2.0,1,90.0,1.0,0.0,0.0,0.0,0.0,0.0,0.0,Japan
Ayumu Seko,DF,26-024,2.0,1,86.0,1.0,0.0,0.0,0.0,0.0,0.0,0.0,Japan
Takefusa Kubo,MF,25-027,1.0,1,74.0,0.8,0.0,1.0,0.0,0.0,0.0,1.22,Japan
Junnosuke Suzuki,DF,22-354,2.0,0,43.0,0.5,0.0,0.0,1.0,0.0,0.0,0.0,Japan
Kōki Ogawa,FW,28-327,3.0,0,42.0,0.5,0.0,1.0,0.0,0.0,0.0,2.14,Japan
Yūto Nagatomo,"DF,MF",39-292,1.0,0,16.0,0.2,0.0,0.0,0.0,0.0,0.0,0.0,Japan
Shuto Machino,FW,26-274,1.0,0,13.0,0.1,0.0,0.0,0.0,0.0,0.0,0.0,Japan
Yuito Suzuki,"FW,MF",24-249,1.0,0,12.0,0.1,0.0,0.0,0.0,0.0,0.0,0.0,Japan
Keisuke Gotō,FW,21-028,1.0,0,7.0,0.1,0.0,0.0,0.0,0.0,0.0,0.0,Japan
Kento Shiogai,FW,21-097,1.0,0,7.0,0.1,0.0,0.0,0.0,0.0,0.0,0.0,Japan
Tomoki Hayakawa,GK,27-120,0.0,0,,,,,,,,,Japan
Keisuke Ōsako,GK,26-338,0.0,0,,,,,,,,,Japan
Yazeed Abulaila,GK,33-174,3.0,3,270.0,3.0,0.0,0.0,0.0,0.0,0.0,0.0,Jordan
Yazan Al-Arab,DF,30-151,3.0,3,270.0,3.0,0.0,0.0,1.0,0.0,0.0,0.0,Jordan
Noor Al Rawabdeh,MF,29-127,3.0,3,270.0,3.0,0.0,1.0,0.0,0.0,0.0,0.33,Jordan
Ali Olwan,MF,26-097,3.0,3,268.0,3.0,1.0,0.0,0.0,0.0,0.34,0.0,Jordan
Mohannad Abu Taha,DF,23-149,3.0,3,264.0,2.9,0.0,0.0,1.0,0.0,0.0,0.0,Jordan
Ihsan Haddad,DF,32-146,3.0,3,260.0,2.9,0.0,1.0,0.0,0.0,0.0,0.35,Jordan
Abdallah Nasib,DF,32-126,3.0,3,260.0,2.9,0.0,0.0,0.0,0.0,0.0,0.0,Jordan
Nizar Al Rashdan,MF,27-100,3.0,3,255.0,2.8,1.0,0.0,0.0,0.0,0.35,0.0,Jordan
Musa Al-Taamari,FW,29-021,3.0,2,215.0,2.4,1.0,1.0,0.0,0.0,0.42,0.42,Jordan
Husam Abu Dahab,DF,26-049,2.0,2,178.0,2.0,0.0,0.0,1.0,0.0,0.0,0.0,Jordan
Odeh Al-Fakhouri,"MF,FW",20-221,3.0,2,148.0,1.6,0.0,0.0,0.0,0.0,0.0,0.0,Jordan
Mahmoud Al-Mardi,MF,32-268,3.0,1,130.0,1.4,0.0,0.0,0.0,0.0,0.0,0.0,Jordan
Mo Abualnadi,DF,25-143,1.0,1,71.0,0.8,0.0,0.0,0.0,0.0,0.0,0.0,Jordan
Ali Azaizeh,MF,22-079,3.0,1,54.0,0.6,0.0,0.0,0.0,0.0,0.0,0.0,Jordan
Salim Obaid,DF,34-165,3.0,0,21.0,0.2,0.0,0.0,0.0,0.0,0.0,0.0,Jordan
Amer Jamous,MF,23-363,1.0,0,15.0,0.2,0.0,0.0,0.0,0.0,0.0,0.0,Jordan
Saed Al-Rosan,DF,29-150,1.0,0,10.0,0.1,0.0,0.0,0.0,0.0,0.0,0.0,Jordan
Mohammad Abu Hasheesh,DF,31-053,1.0,0,6.0,0.1,0.0,0.0,0.0,0.0,0.0,0.0,Jordan
Mohammad Al-Dawud,"FW,MF",34-080,1.0,0,3.0,0.0,0.0,0.0,0.0,0.0,0.0,0.0,Jordan
Sharara,FW,28-183,2.0,0,2.0,0.0,0.0,0.0,1.0,0.0,0.0,0.0,Jordan
Rajaei Ayed,MF,32-341,0.0,0,,,,,,,,,Jordan
Anas Badawi,DF,28-291,0.0,0,,,,,,,,,Jordan
Nour Bani Attiah,GK,33-157,0.0,0,,,,,,,,,Jordan
Abdallah Al-Fakhouri,GK,26-160,0.0,0,,,,,,,,,Jordan
Ibrahim Sadeh,MF,26-065,0.0,0,,,,,,,,,Jordan
Mohammad Taha,MF,20-353,0.0,0,,,,,,,,,Jordan
Raúl Rangel,GK,26-126,4.0,4,347.0,3.9,0.0,0.0,0.0,0.0,0.0,0.0,Mexico
Roberto Alvarado,"FW,MF",27-297,4.0,4,338.0,3.8,0.0,3.0,0.0,0.0,0.0,0.8,Mexico
Julián Quiñones,"FW,MF",29-099,4.0,4,330.0,3.7,3.0,1.0,0.0,0.0,0.82,0.27,Mexico
Jesús Gallardo,DF,31-320,4.0,3,283.0,3.1,0.0,0.0,0.0,0.0,0.0,0.0,Mexico
Jorge Sánchez,DF,28-203,3.0,3,270.0,3.0,0.0,1.0,0.0,0.0,0.0,0.33,Mexico
Johan Vásquez,DF,27-252,3.0,3,270.0,3.0,0.0,0.0,0.0,0.0,0.0,0.0,Mexico
César Montes,DF,29-127,3.0,3,269.0,3.0,0.0,0.0,0.0,1.0,0.0,0.0,Mexico
Erik Lira,MF,26-054,3.0,3,255.0,2.8,0.0,1.0,0.0,0.0,0.0,0.35,Mexico
Raúl Jiménez,FW,35-057,3.0,3,227.0,2.5,2.0,0.0,0.0,0.0,0.79,0.0,Mexico
Luis Romo,MF,31-026,3.0,3,204.0,2.3,1.0,1.0,0.0,0.0,0.44,0.44,Mexico
Israel Reyes,DF,26-039,4.0,2,202.0,2.2,0.0,0.0,0.0,0.0,0.0,0.0,Mexico
Edson Álvarez,"MF,DF",28-250,3.0,2,195.0,2.2,0.0,0.0,1.0,0.0,0.0,0.0,Mexico
Brian Gutiérrez,MF,23-014,3.0,2,168.0,1.9,0.0,0.0,1.0,0.0,0.0,0.0,Mexico
Gilberto Mora,MF,17-260,3.0,2,153.0,1.7,0.0,0.0,0.0,0.0,0.0,0.0,Mexico
Álvaro Fidalgo,MF,29-083,2.0,1,84.0,0.9,1.0,0.0,0.0,0.0,1.07,0.0,Mexico
Mateo Chávez,DF,22-050,1.0,1,77.0,0.9,1.0,0.0,0.0,0.0,1.17,0.0,Mexico
Guillermo Martínez Ayala,FW,31-108,1.0,1,62.0,0.7,0.0,0.0,0.0,0.0,0.0,0.0,Mexico
Obed Vargas,MF,20-330,3.0,0,66.0,0.7,0.0,0.0,0.0,0.0,0.0,0.0,Mexico
Santiago Giménez,FW,25-074,3.0,0,56.0,0.6,0.0,0.0,0.0,0.0,0.0,0.0,Mexico
Orbelín Pineda,"FW,MF",30-099,2.0,0,31.0,0.3,0.0,0.0,0.0,0.0,0.0,0.0,Mexico
Luis Chávez,MF,30-167,1.0,0,25.0,0.3,0.0,0.0,0.0,0.0,0.0,0.0,Mexico
Armando González,FW,23-072,1.0,0,15.0,0.2,0.0,0.0,0.0,0.0,0.0,0.0,Mexico
Guillermo Ochoa,GK,40-353,1.0,0,13.0,0.1,0.0,0.0,0.0,0.0,0.0,0.0,Mexico
Alexis Vega,"FW,MF",28-218,1.0,0,12.0,0.1,0.0,0.0,0.0,0.0,0.0,0.0,Mexico
César Huerta,"FW,MF",25-210,1.0,0,7.0,0.1,0.0,0.0,0.0,0.0,0.0,0.0,Mexico
Carlos Acevedo,GK,30-073,0.0,0,,,,,,,,,Mexico
Yassine Bounou,GK,35-087,4.0,4,390.0,4.3,0.0,0.0,0.0,0.0,0.0,0.0,Morocco
Achraf Hakimi,DF,27-239,4.0,4,390.0,4.3,1.0,1.0,0.0,0.0,0.23,0.23,Morocco
Neil El Aynaoui,MF,24-364,4.0,4,382.0,4.2,0.0,0.0,0.0,0.0,0.0,0.0,Morocco
Ismael Saibari,FW,25-154,4.0,4,360.0,4.0,3.0,0.0,0.0,0.0,0.75,0.0,Morocco
Chadi Riad,DF,23-014,4.0,4,344.0,3.8,0.0,1.0,0.0,0.0,0.0,0.26,Morocco
Bilal El Khannouss,MF,22-052,4.0,4,338.0,3.8,0.0,0.0,0.0,0.0,0.0,0.0,Morocco
Brahim Díaz,MF,26-332,4.0,4,294.0,3.3,0.0,2.0,0.0,0.0,0.0,0.61,Morocco
Issa Diop,DF,29-173,3.0,3,300.0,3.3,1.0,0.0,2.0,0.0,0.3,0.0,Morocco
Noussair Mazraoui,DF,28-229,4.0,3,297.0,3.3,0.0,0.0,0.0,0.0,0.0,0.0,Morocco
Azzedine Ounahi,MF,26-073,4.0,3,259.0,2.9,0.0,0.0,0.0,0.0,0.0,0.0,Morocco
Ayyoub Bouaddi,MF,18-272,3.0,3,258.0,2.9,0.0,0.0,0.0,0.0,0.0,0.0,Morocco
Anass Salah-Eddine,DF,24-164,3.0,1,139.0,1.5,0.0,0.0,0.0,0.0,0.0,0.0,Morocco
Sofyan Amrabat,MF,29-314,1.0,1,90.0,1.0,0.0,0.0,0.0,0.0,0.0,0.0,Morocco
Redouane Halhal,DF,23-118,1.0,1,90.0,1.0,0.0,0.0,0.0,0.0,0.0,0.0,Morocco
Ayoub El Kaabi,FW,33-005,1.0,1,69.0,0.8,0.0,0.0,0.0,0.0,0.0,0.0,Morocco
Samir El Mourabet,MF,20-268,4.0,0,77.0,0.9,0.0,0.0,0.0,0.0,0.0,0.0,Morocco
Chemsdine Talbi,MF,21-053,3.0,0,67.0,0.7,0.0,1.0,0.0,0.0,0.0,1.34,Morocco
Soufiane Rahimi,FW,30-029,4.0,0,65.0,0.7,1.0,1.0,0.0,0.0,1.38,1.38,Morocco
Gessime Yassine,MF,20-221,2.0,0,63.0,0.7,1.0,0.0,0.0,0.0,1.43,0.0,Morocco
Ayoube Amaimouni,MF,21-213,2.0,0,18.0,0.2,0.0,0.0,0.0,0.0,0.0,0.0,Morocco
Youssef Belammari,DF,27-284,0.0,0,,,,,,,,,Morocco
Munir,GK,37-052,0.0,0,,,,,,,,,Morocco
Zakaria El Ouahdi,"DF,MF",24-182,0.0,0,,,,,,,,,Morocco
Ahmed Reda Tagnaouti,GK,30-087,0.0,0,,,,,,,,,Morocco
Marwane Saâdane,"DF,MF",34-165,0.0,0,,,,,,,,,Morocco
Amine Sbai,"FW,MF",25-238,0.0,0,,,,,,,,,Morocco
Denzel Dumfries,"DF,MF",30-074,4.0,4,390.0,4.3,0.0,2.0,0.0,0.0,0.0,0.46,Netherlands
Jan Paul van Hecke,DF,26-023,4.0,4,390.0,4.3,1.0,0.0,0.0,0.0,0.23,0.0,Netherlands
Virgil van Dijk,DF,34-358,4.0,4,390.0,4.3,1.0,1.0,0.0,0.0,0.23,0.23,Netherlands
Bart Verbruggen,GK,23-317,4.0,4,390.0,4.3,0.0,0.0,0.0,0.0,0.0,0.0,Netherlands
Cody Gakpo,FW,27-055,4.0,4,368.0,4.1,3.0,1.0,0.0,0.0,0.73,0.24,Netherlands
Ryan Gravenberch,MF,24-046,4.0,4,345.0,3.8,0.0,2.0,0.0,0.0,0.0,0.52,Netherlands
Frenkie de Jong,MF,29-050,4.0,4,328.0,3.6,0.0,0.0,0.0,0.0,0.0,0.0,Netherlands
Micky van de Ven,"DF,MF",25-073,3.0,3,265.0,2.9,0.0,0.0,1.0,0.0,0.0,0.0,Netherlands
Brian Brobbey,FW,24-150,4.0,3,223.0,2.5,3.0,0.0,0.0,0.0,1.21,0.0,Netherlands
Tijjani Reijnders,MF,27-337,3.0,3,199.0,2.2,0.0,1.0,0.0,0.0,0.0,0.45,Netherlands
Donyell Malen,FW,27-173,3.0,3,185.0,2.1,0.0,0.0,0.0,0.0,0.0,0.0,Netherlands
Crysencio Summerville,FW,24-244,4.0,2,253.0,2.8,2.0,2.0,1.0,0.0,0.71,0.71,Netherlands
Nathan Aké,DF,31-133,3.0,2,170.0,1.9,0.0,0.0,0.0,0.0,0.0,0.0,Netherlands
Teun Koopmeiners,"DF,MF",28-123,4.0,0,122.0,1.4,0.0,0.0,0.0,0.0,0.0,0.0,Netherlands
Quinten Timber,MF,25-014,2.0,0,55.0,0.6,0.0,0.0,0.0,0.0,0.0,0.0,Netherlands
Memphis,"FW,MF",32-138,3.0,0,54.0,0.6,0.0,1.0,1.0,0.0,0.0,1.67,Netherlands
Wout Weghorst,FW,33-328,1.0,0,50.0,0.6,0.0,0.0,0.0,0.0,0.0,0.0,Netherlands
Jorrel Hato,DF,20-116,1.0,0,35.0,0.4,0.0,0.0,0.0,0.0,0.0,0.0,Netherlands
Guus Til,"FW,MF",28-191,1.0,0,32.0,0.4,0.0,0.0,0.0,0.0,0.0,0.0,Netherlands
Justin Kluivert,"FW,MF",27-057,2.0,0,27.0,0.3,0.0,0.0,0.0,0.0,0.0,0.0,Netherlands
Marten de Roon,"DF,MF",35-094,1.0,0,11.0,0.1,0.0,0.0,0.0,0.0,0.0,0.0,Netherlands
Noa Lang,"FW,MF",27-014,2.0,0,8.0,0.1,0.0,0.0,0.0,0.0,0.0,0.0,Netherlands
Mark Flekken,GK,33-018,0.0,0,,,,,,,,,Netherlands
Lutsharel Geertruida,DF,25-348,0.0,0,,,,,,,,,Netherlands
Robin Roefs,GK,23-165,0.0,0,,,,,,,,,Netherlands
Mats Wieffer,"DF,MF",26-227,0.0,0,,,,,,,,,Netherlands
Max Crocombe,GK,32-323,3.0,3,270.0,3.0,0.0,0.0,0.0,0.0,0.0,0.0,New Zealand
Finn Surman,DF,22-281,3.0,3,270.0,3.0,1.0,0.0,0.0,0.0,0.33,0.0,New Zealand
Chris Wood,FW,34-206,3.0,3,270.0,3.0,0.0,2.0,0.0,0.0,0.0,0.67,New Zealand
Marko Stamenic,MF,24-132,3.0,3,269.0,3.0,0.0,0.0,1.0,0.0,0.0,0.0,New Zealand
Elijah Just,MF,26-061,3.0,3,264.0,2.9,3.0,0.0,1.0,0.0,1.02,0.0,New Zealand
Joe Bell,MF,27-065,3.0,3,243.0,2.7,0.0,0.0,0.0,0.0,0.0,0.0,New Zealand
Tim Payne,DF,32-172,3.0,3,224.0,2.5,0.0,1.0,0.0,0.0,0.0,0.4,New Zealand
Liberato Cacace,DF,25-277,3.0,3,220.0,2.4,0.0,0.0,0.0,0.0,0.0,0.0,New Zealand
Sarpreet Singh,MF,27-131,3.0,3,209.0,2.3,0.0,0.0,1.0,0.0,0.0,0.0,New Zealand
Michael Boxall,DF,37-317,3.0,2,207.0,2.3,0.0,0.0,0.0,0.0,0.0,0.0,New Zealand
Callum McCowatt,MF,27-062,3.0,2,159.0,1.8,0.0,0.0,1.0,0.0,0.0,0.0,New Zealand
Tyler Bindon,DF,21-155,3.0,1,97.0,1.1,0.0,0.0,0.0,0.0,0.0,0.0,New Zealand
Ryan Thomas,MF,31-193,3.0,1,83.0,0.9,0.0,0.0,0.0,0.0,0.0,0.0,New Zealand
Ben Old,MF,23-322,3.0,0,93.0,1.0,0.0,0.0,0.0,0.0,0.0,0.0,New Zealand
Jesse Randall,MF,23-316,3.0,0,61.0,0.7,0.0,0.0,0.0,0.0,0.0,0.0,New Zealand
Francis de Vries,DF,31-215,2.0,0,18.0,0.2,0.0,0.0,0.0,0.0,0.0,0.0,New Zealand
Callan Elliot,DF,26-359,1.0,0,13.0,0.1,0.0,0.0,0.0,0.0,0.0,0.0,New Zealand
Kosta Barbarouses,"FW,MF",36-132,0.0,0,,,,,,,,,New Zealand
Lachlan Bayliss,MF,23-342,0.0,0,,,,,,,,,New Zealand
Alex Paulsen,GK,23-362,0.0,0,,,,,,,,,New Zealand
Nando Pijnaker,DF,27-126,0.0,0,,,,,,,,,New Zealand
Logan Rogerson,"FW,MF",28-034,0.0,0,,,,,,,,,New Zealand
Alex Rufer,MF,30-019,0.0,0,,,,,,,,,New Zealand
Tommy Smith,DF,36-092,0.0,0,,,,,,,,,New Zealand
Ben Waine,FW,25-020,0.0,0,,,,,,,,,New Zealand
Michael Woud,GK,27-166,0.0,0,,,,,,,,,New Zealand
Kristoffer Ajer,DF,28-075,3.0,3,270.0,3.0,0.0,0.0,0.0,0.0,0.0,0.0,Norway
Sander Berge,MF,28-137,3.0,3,270.0,3.0,0.0,0.0,0.0,0.0,0.0,0.0,Norway
Erling Haaland,FW,25-345,3.0,3,270.0,3.0,5.0,0.0,0.0,0.0,1.67,0.0,Norway
Ørjan Nyland,GK,35-294,3.0,3,270.0,3.0,0.0,0.0,0.0,0.0,0.0,0.0,Norway
Torbjørn Heggem,DF,27-170,3.0,3,263.0,2.9,0.0,0.0,0.0,0.0,0.0,0.0,Norway
Martin Ødegaard,MF,27-196,3.0,3,260.0,2.9,0.0,3.0,0.0,0.0,0.0,1.04,Norway
David Møller Wolfe,DF,24-069,3.0,3,252.0,2.8,0.0,1.0,0.0,0.0,0.0,0.36,Norway
Alexander Sørloth,FW,30-208,3.0,3,225.0,2.5,0.0,0.0,0.0,0.0,0.0,0.0,Norway
Antonio Nusa,FW,21-075,4.0,3,220.0,2.4,1.0,0.0,1.0,0.0,0.41,0.0,Norway
Fredrik Aursnes,"MF,DF",30-203,4.0,3,215.0,2.4,0.0,0.0,0.0,0.0,0.0,0.0,Norway
Patrick Berg,MF,28-219,4.0,2,235.0,2.6,0.0,2.0,1.0,0.0,0.0,0.77,Norway
Julian Ryerson,DF,28-226,2.0,2,102.0,1.1,0.0,0.0,0.0,0.0,0.0,0.0,Norway
Marcus Pedersen,DF,25-350,3.0,1,205.0,2.3,1.0,0.0,0.0,0.0,0.44,0.0,Norway
Andreas Schjelderup,FW,22-030,4.0,1,140.0,1.6,0.0,1.0,0.0,0.0,0.0,0.64,Norway
Oscar Bobb,FW,22-354,4.0,1,127.0,1.4,0.0,0.0,0.0,0.0,0.0,0.0,Norway
Leo Østigård,DF,26-215,3.0,1,115.0,1.3,1.0,0.0,0.0,0.0,0.78,0.0,Norway
Thelo Aasgaard,MF,24-060,1.0,1,90.0,1.0,1.0,0.0,0.0,0.0,1.0,0.0,Norway
Egil Selvik,GK,28-336,1.0,1,90.0,1.0,0.0,0.0,0.0,0.0,0.0,0.0,Norway
Jørgen Strand Larsen,FW,26-145,1.0,1,90.0,1.0,0.0,0.0,0.0,0.0,0.0,0.0,Norway
Henrik Falchener,DF,23-054,1.0,1,65.0,0.7,0.0,0.0,0.0,0.0,0.0,0.0,Norway
Kristian Thorstvedt,MF,27-110,2.0,1,63.0,0.7,0.0,0.0,0.0,0.0,0.0,0.0,Norway
Fredrik André Bjørkan,DF,27-314,1.0,1,45.0,0.5,0.0,0.0,0.0,0.0,0.0,0.0,Norway
Morten Thorsby,MF,30-057,1.0,0,45.0,0.5,0.0,0.0,0.0,0.0,0.0,0.0,Norway
Sondre Langås,DF,25-149,1.0,0,25.0,0.3,0.0,0.0,0.0,0.0,0.0,0.0,Norway
Jens Petter Hauge,"DF,FW",26-262,1.0,0,8.0,0.1,0.0,0.0,0.0,0.0,0.0,0.0,Norway
Sander Tangvik,GK,23-214,0.0,0,,,,,,,,,Norway
Michael Amir Murillo,"DF,MF",30-140,,3,270.0,3.0,0.0,0.0,0.0,0.0,0.0,0.0,Panama
Andrés Andrade Cedeño,DF,27-258,,3,270.0,3.0,0.0,0.0,1.0,0.0,0.0,0.0,Panama
José Córdoba,DF,25-117,,3,270.0,3.0,0.0,0.0,0.0,0.0,0.0,0.0,Panama
Orlando Mosquera,GK,31-188,,3,270.0,3.0,0.0,0.0,0.0,0.0,0.0,0.0,Panama
Carlos Harvey,MF,26-148,,3,267.0,3.0,0.0,0.0,1.0,0.0,0.0,0.0,Panama
Yoel Bárcenas,MF,32-251,,3,249.0,2.8,0.0,0.0,1.0,0.0,0.0,0.0,Panama
Cristian Martínez,"MF,FW",29-145,,3,242.0,2.7,0.0,0.0,0.0,0.0,0.0,0.0,Panama
José Luis Rodríguez,"MF,FW",28-012,,3,233.0,2.6,0.0,0.0,0.0,0.0,0.0,0.0,Panama
César Blackman,"MF,DF",28-090,,2,178.0,2.0,0.0,0.0,1.0,0.0,0.0,0.0,Panama
Jiovany Ramos,DF,29-156,,2,166.0,1.8,0.0,0.0,0.0,0.0,0.0,0.0,Panama
José Fajardo,FW,32-317,,1,155.0,1.7,0.0,0.0,1.0,0.0,0.0,0.0,Panama
Fidel Escobar,DF,31-173,,1,90.0,1.0,0.0,0.0,0.0,0.0,0.0,0.0,Panama
Jorge Gutiérrez,DF,27-303,,1,87.0,1.0,0.0,0.0,0.0,0.0,0.0,0.0,Panama
Cecilio Waterman,FW,35-079,,1,76.0,0.8,0.0,0.0,0.0,0.0,0.0,0.0,Panama
Tomás Rodríguez,FW,27-114,,1,46.0,0.5,0.0,0.0,0.0,0.0,0.0,0.0,Panama
Azarías Londoño,MF,25-010,,0,56.0,0.6,0.0,0.0,0.0,0.0,0.0,0.0,Panama
Ismael Díaz,"FW,MF",29-050,,0,37.0,0.4,0.0,0.0,0.0,0.0,0.0,0.0,Panama
Erick Davis,DF,35-092,,0,4.0,0.0,0.0,0.0,0.0,0.0,0.0,0.0,Panama
Alberto Quintero,"FW,MF",38-195,,0,3.0,0.0,0.0,0.0,0.0,0.0,0.0,0.0,Panama
Aníbal Godoy,MF,36-141,,0,1.0,0.0,0.0,0.0,0.0,0.0,0.0,0.0,Panama
Adalberto Carrasquilla,MF,27-215,,0,,,,,,,,,Panama
Edgardo Fariña,DF,24-255,,0,,,,,,,,,Panama
Luis Mejía,GK,35-107,,0,,,,,,,,,Panama
Roderick Miller,DF,34-089,,0,,,,,,,,,Panama
César Samudio,GK,32-128,,0,,,,,,,,,Panama
César Yanis,MF,30-154,,0,,,,,,,,,Panama
Andrés Cubas,MF,30-040,4.0,4,390.0,4.3,0.0,0.0,1.0,0.0,0.0,0.0,Paraguay
Orlando Gill,GK,26-020,4.0,4,390.0,4.3,0.0,0.0,0.0,0.0,0.0,0.0,Paraguay
Gustavo Gómez,DF,33-056,4.0,4,390.0,4.3,0.0,0.0,0.0,0.0,0.0,0.0,Paraguay
Juan Cáceres,DF,26-030,4.0,4,346.0,3.8,0.0,0.0,1.0,0.0,0.0,0.0,Paraguay
Julio Enciso,FW,22-159,4.0,4,326.0,3.6,1.0,2.0,0.0,0.0,0.28,0.55,Paraguay
Júnior Alonso,DF,33-142,4.0,3,300.0,3.3,0.0,0.0,1.0,0.0,0.0,0.0,Paraguay
Matías Galarza,MF,24-140,3.0,3,298.0,3.3,1.0,1.0,2.0,0.0,0.3,0.3,Paraguay
Omar Alderete,DF,29-187,3.0,3,263.0,2.9,0.0,0.0,0.0,0.0,0.0,0.0,Paraguay
Diego Gómez,MF,23-096,3.0,3,234.0,2.6,0.0,0.0,2.0,0.0,0.0,0.0,Paraguay
Miguel Almirón,"MF,FW",32-141,3.0,3,212.0,2.4,0.0,0.0,1.0,1.0,0.0,0.0,Paraguay
Damián Bobadilla,MF,24-355,4.0,2,189.0,2.1,0.0,0.0,0.0,0.0,0.0,0.0,Paraguay
Gabriel Ávalos,FW,35-262,3.0,2,121.0,1.3,0.0,0.0,0.0,0.0,0.0,0.0,Paraguay
Gustavo Velásquez,DF,35-075,4.0,1,156.0,1.7,0.0,0.0,0.0,0.0,0.0,0.0,Paraguay
José Canale,DF,29-346,3.0,1,128.0,1.4,0.0,0.0,0.0,0.0,0.0,0.0,Paraguay
Antonio Sanabria,FW,30-119,2.0,1,83.0,0.9,0.0,0.0,0.0,0.0,0.0,0.0,Paraguay
Alexandro Maidana,DF,20-340,2.0,1,55.0,0.6,0.0,0.0,0.0,0.0,0.0,0.0,Paraguay
Isidro Pitta,FW,26-321,1.0,1,45.0,0.5,0.0,0.0,0.0,0.0,0.0,0.0,Paraguay
Mauricio,MF,25-040,3.0,0,153.0,1.7,1.0,0.0,0.0,0.0,0.59,0.0,Paraguay
Gustavo Caballero,"FW,MF",24-283,1.0,0,66.0,0.7,0.0,0.0,0.0,0.0,0.0,0.0,Paraguay
Álex Arce,FW,31-015,2.0,0,53.0,0.6,0.0,0.0,1.0,0.0,0.0,0.0,Paraguay
Braian Ojeda,MF,26-004,1.0,0,22.0,0.2,0.0,0.0,0.0,0.0,0.0,0.0,Paraguay
Ramón Sosa,"FW,MF",26-304,1.0,0,12.0,0.1,0.0,0.0,0.0,0.0,0.0,0.0,Paraguay
Kaku,MF,31-171,1.0,0,11.0,0.1,0.0,0.0,0.0,0.0,0.0,0.0,Paraguay
Fabián Balbuena,DF,34-312,1.0,0,1.0,0.0,0.0,0.0,0.0,0.0,0.0,0.0,Paraguay
Gatito Fernández,GK,38-094,0.0,0,,,,,,,,,Paraguay
Gastón Olveira,GK,33-071,0.0,0,,,,,,,,,Paraguay
Diogo Costa,GK,26-289,,4,360.0,4.0,0.0,0.0,0.0,0.0,0.0,0.0,Portugal
Renato Veiga,DF,22-341,,4,360.0,4.0,0.0,0.0,1.0,0.0,0.0,0.0,Portugal
Cristiano Ronaldo,FW,41-150,,4,350.0,3.9,3.0,0.0,0.0,0.0,0.77,0.0,Portugal
Nuno Mendes,DF,24-016,,4,340.0,3.8,1.0,0.0,0.0,0.0,0.26,0.0,Portugal
Bruno Fernandes,MF,31-300,,4,332.0,3.7,0.0,1.0,0.0,0.0,0.0,0.27,Portugal
Vitinha,MF,26-142,,4,294.0,3.3,0.0,0.0,0.0,0.0,0.0,0.0,Portugal
Pedro Neto,MF,26-118,,4,268.0,3.0,0.0,1.0,0.0,0.0,0.0,0.34,Portugal
João Cancelo,DF,32-039,,4,242.0,2.7,0.0,1.0,0.0,0.0,0.0,0.37,Portugal
João Neves,MF,21-281,,3,300.0,3.3,1.0,0.0,0.0,0.0,0.3,0.0,Portugal
Rúben Dias,DF,29-052,,3,270.0,3.0,0.0,0.0,1.0,0.0,0.0,0.0,Portugal
João Félix,MF,26-237,,2,131.0,1.5,0.0,0.0,0.0,0.0,0.0,0.0,Portugal
Rafael Leão,MF,27-025,,1,138.0,1.5,1.0,1.0,0.0,0.0,0.65,0.65,Portugal
Tomás Araújo,DF,24-050,,1,90.0,1.0,0.0,0.0,1.0,0.0,0.0,0.0,Portugal
Bernardo Silva,MF,31-329,,1,89.0,1.0,0.0,0.0,1.0,0.0,0.0,0.0,Portugal
Rúben Neves,MF,29-114,,1,55.0,0.6,0.0,0.0,0.0,0.0,0.0,0.0,Portugal
Francisco Conceição,MF,23-203,,0,118.0,1.3,0.0,0.0,0.0,0.0,0.0,0.0,Portugal
Nélson Semedo,"DF,MF",32-231,,0,92.0,1.0,0.0,0.0,1.0,0.0,0.0,0.0,Portugal
Diogo Dalot,"DF,MF",27-109,,0,45.0,0.5,0.0,0.0,0.0,0.0,0.0,0.0,Portugal
Gonçalo Ramos,FW,25-015,,0,36.0,0.4,1.0,0.0,0.0,0.0,2.5,0.0,Portugal
Francisco Trincão,"FW,MF",26-188,,0,28.0,0.3,0.0,0.0,0.0,0.0,0.0,0.0,Portugal
Samu Costa,MF,25-220,,0,21.0,0.2,0.0,0.0,0.0,0.0,0.0,0.0,Portugal
Matheus Nunes,"DF,MF",27-312,,0,1.0,0.0,0.0,0.0,0.0,0.0,0.0,0.0,Portugal
Gonçalo Guedes,"FW,MF",29-218,,0,,,,,,,,,Portugal
Gonçalo Inácio,DF,24-314,,0,,,,,,,,,Portugal
José Sá,GK,33-169,,0,,,,,,,,,Portugal
Rui Silva,GK,32-148,,0,,,,,,,,,Portugal
Mahmoud Abunada,GK,26-146,3.0,3,270.0,3.0,0.0,0.0,1.0,0.0,0.0,0.0,Qatar
Boualem Khoukhi,DF,35-357,3.0,3,270.0,3.0,1.0,0.0,0.0,0.0,0.33,0.0,Qatar
Issa Laye,"MF,DF",28-191,3.0,3,270.0,3.0,0.0,0.0,0.0,0.0,0.0,0.0,Qatar
Ró-Ró,DF,35-329,3.0,3,270.0,3.0,0.0,0.0,0.0,0.0,0.0,0.0,Qatar
Akram Afif,"FW,MF",29-225,3.0,3,238.0,2.6,0.0,0.0,0.0,0.0,0.0,0.0,Qatar
Edmilson Junior,"MF,FW",31-316,3.0,3,210.0,2.3,0.0,1.0,0.0,0.0,0.0,0.43,Qatar
Jassem Gaber,MF,24-131,3.0,3,149.0,1.7,0.0,0.0,1.0,0.0,0.0,0.0,Qatar
Ayoub Al-Oui,DF,21-112,2.0,2,149.0,1.7,0.0,0.0,0.0,0.0,0.0,0.0,Qatar
Assim Madibo,MF,29-252,2.0,2,131.0,1.5,0.0,0.0,0.0,1.0,0.0,0.0,Qatar
Homam Ahmed,DF,26-310,2.0,2,122.0,1.4,0.0,1.0,0.0,1.0,0.0,0.74,Qatar
Yusuf Abdurisag,FW,26-329,2.0,2,98.0,1.1,0.0,0.0,0.0,0.0,0.0,0.0,Qatar
Ahmed Fathy,MF,33-157,3.0,1,150.0,1.7,0.0,0.0,2.0,0.0,0.0,0.0,Qatar
Sultan Al-Brake,DF,30-085,2.0,1,141.0,1.6,0.0,0.0,0.0,0.0,0.0,0.0,Qatar
Karim Boudiaf,MF,35-288,2.0,1,102.0,1.1,0.0,0.0,0.0,0.0,0.0,0.0,Qatar
Hassan Al-Haydos,MF,35-202,2.0,1,57.0,0.6,1.0,0.0,0.0,0.0,1.58,0.0,Qatar
Mohamed Manai,DF,23-249,3.0,0,69.0,0.8,0.0,0.0,0.0,0.0,0.0,0.0,Qatar
Abdulaziz Hatem,MF,36-181,1.0,0,45.0,0.5,0.0,0.0,0.0,0.0,0.0,0.0,Qatar
Ahmed Alaaeldin,FW,33-151,2.0,0,43.0,0.5,0.0,0.0,0.0,0.0,0.0,0.0,Qatar
Ahmed Al-Ganehi,FW,25-282,1.0,0,36.0,0.4,0.0,0.0,0.0,0.0,0.0,0.0,Qatar
Al-Hashmi Al-Hussain,MF,22-320,1.0,0,32.0,0.4,0.0,0.0,0.0,0.0,0.0,0.0,Qatar
Almoez Ali,FW,29-316,1.0,0,19.0,0.2,0.0,0.0,0.0,0.0,0.0,0.0,Qatar
Lucas Mendes,DF,35-363,1.0,0,4.0,0.0,0.0,0.0,0.0,0.0,0.0,0.0,Qatar
Meshaal Barsham,GK,28-137,0.0,0,,,,,,,,,Qatar
Tahsin Jamshid,FW,20-015,0.0,0,,,,,,,,,Qatar
Mohammed Muntari,FW,32-193,0.0,0,,,,,,,,,Qatar
Salah Zakaria,GK,27-068,0.0,0,,,,,,,,,Qatar
Mohammed Al-Owais,GK,34-264,,3,270.0,3.0,0.0,0.0,0.0,0.0,0.0,0.0,Saudi Arabia
Saud Abdulhamid,DF,26-348,,3,269.0,3.0,0.0,0.0,1.0,0.0,0.0,0.0,Saudi Arabia
Salem Al-Dawsari,MF,34-316,,3,245.0,2.7,0.0,0.0,1.0,0.0,0.0,0.0,Saudi Arabia
Abdulelah Al-Amri,DF,29-167,,3,239.0,2.7,1.0,0.0,1.0,0.0,0.38,0.0,Saudi Arabia
Firas Al-Buraikan,FW,26-048,,3,238.0,2.6,0.0,0.0,1.0,0.0,0.0,0.0,Saudi Arabia
Hassan Al Tambakti,DF,27-142,,3,212.0,2.4,0.0,0.0,0.0,0.0,0.0,0.0,Saudi Arabia
Abdullah Al-Khaibari,MF,29-319,,3,180.0,2.0,0.0,0.0,0.0,0.0,0.0,0.0,Saudi Arabia
Mohamed Kanno,MF,31-282,,2,225.0,2.5,0.0,0.0,1.0,0.0,0.0,0.0,Saudi Arabia
Nasser Al-Dawsari,MF,27-194,,2,207.0,2.3,0.0,0.0,1.0,0.0,0.0,0.0,Saudi Arabia
Moteb Al-Harbi,DF,26-131,,2,188.0,2.1,0.0,0.0,0.0,0.0,0.0,0.0,Saudi Arabia
Musab Al Juwayr,"MF,FW",23-011,,2,152.0,1.7,0.0,0.0,0.0,0.0,0.0,0.0,Saudi Arabia
Ali Lajami,DF,30-068,,1,149.0,1.7,0.0,0.0,0.0,0.0,0.0,0.0,Saudi Arabia
Mohammed Abu Al-Shamat,MF,23-324,,1,136.0,1.5,0.0,0.0,0.0,0.0,0.0,0.0,Saudi Arabia
Nawaf Boushal,DF,26-288,,1,91.0,1.0,0.0,0.0,0.0,0.0,0.0,0.0,Saudi Arabia
Sultan Mendash,MF,31-257,,1,65.0,0.7,0.0,0.0,0.0,0.0,0.0,0.0,Saudi Arabia
Abdullah Al-Hamdan,FW,26-291,,0,71.0,0.8,0.0,0.0,0.0,0.0,0.0,0.0,Saudi Arabia
Alaa Al Hejji,MF,30-210,,0,32.0,0.4,0.0,0.0,0.0,0.0,0.0,0.0,Saudi Arabia
Khalid Al Ghannam,MF,25-235,,0,1.0,0.0,0.0,0.0,0.0,0.0,0.0,0.0,Saudi Arabia
Nawaf Al Aqidi,GK,26-052,,0,,,,,,,,,Saudi Arabia
Ziyad Al Johani,MF,24-232,,0,,,,,,,,,Saudi Arabia
Hassan Kadesh,DF,33-298,,0,,,,,,,,,Saudi Arabia
Ahmed Al-Kassar,GK,35-054,,0,,,,,,,,,Saudi Arabia
Ali Majrashi,DF,26-272,,0,,,,,,,,,Saudi Arabia
Saleh Al-Shehri,FW,32-242,,0,,,,,,,,,Saudi Arabia
Jehad Thakri,DF,24-345,,0,,,,,,,,,Saudi Arabia
Ayman Yahya,MF,25-048,,0,,,,,,,,,Saudi Arabia
Lewis Ferguson,MF,26-311,3.0,3,270.0,3.0,0.0,0.0,0.0,0.0,0.0,0.0,Scotland
Angus Gunn,GK,30-160,3.0,3,270.0,3.0,0.0,0.0,0.0,0.0,0.0,0.0,Scotland
Jack Hendry,DF,31-055,3.0,3,270.0,3.0,0.0,0.0,0.0,0.0,0.0,0.0,Scotland
Scott McTominay,MF,29-205,3.0,3,270.0,3.0,0.0,0.0,0.0,0.0,0.0,0.0,Scotland
John McGinn,MF,31-256,3.0,3,259.0,2.9,1.0,0.0,0.0,0.0,0.35,0.0,Scotland
Andy Robertson,DF,32-112,3.0,3,225.0,2.5,0.0,0.0,1.0,0.0,0.0,0.0,Scotland
Ben Gannon-Doak,MF,20-232,3.0,2,186.0,2.1,0.0,0.0,0.0,0.0,0.0,0.0,Scotland
Nathan Patterson,DF,24-258,3.0,2,185.0,2.1,0.0,0.0,0.0,0.0,0.0,0.0,Scotland
Grant Hanley,DF,34-223,2.0,2,180.0,2.0,0.0,0.0,0.0,0.0,0.0,0.0,Scotland
Lawrence Shankland,FW,30-325,2.0,2,171.0,1.9,0.0,0.0,0.0,0.0,0.0,0.0,Scotland
Ché Adams,FW,29-353,3.0,2,145.0,1.6,0.0,0.0,0.0,0.0,0.0,0.0,Scotland
Kenny McLean,MF,34-174,3.0,1,118.0,1.3,0.0,0.0,1.0,0.0,0.0,0.0,Scotland
Kieran Tierney,MF,29-026,2.0,1,104.0,1.2,0.0,0.0,0.0,0.0,0.0,0.0,Scotland
Ryan Christie,MF,31-129,3.0,1,95.0,1.1,0.0,0.0,1.0,0.0,0.0,0.0,Scotland
Scott McKenna,DF,29-231,1.0,1,90.0,1.0,0.0,0.0,0.0,0.0,0.0,0.0,Scotland
Aaron Hickey,DF,24-021,1.0,1,74.0,0.8,0.0,0.0,1.0,0.0,0.0,0.0,Scotland
Lyndon Dykes,"FW,MF",30-267,2.0,0,36.0,0.4,0.0,0.0,0.0,0.0,0.0,0.0,Scotland
Anthony Ralston,DF,27-227,2.0,0,11.0,0.1,0.0,0.0,0.0,0.0,0.0,0.0,Scotland
Findlay Curtis,MF,19-273,2.0,0,9.0,0.1,0.0,0.0,1.0,0.0,0.0,0.0,Scotland
Ross Stewart,FW,29-355,1.0,0,2.0,0.0,0.0,0.0,0.0,0.0,0.0,0.0,Scotland
Tyler Fletcher,MF,19-104,0.0,0,,,,,,,,,Scotland
Craig Gordon,GK,43-182,0.0,0,,,,,,,,,Scotland
George Hirst,FW,27-136,0.0,0,,,,,,,,,Scotland
Dominic Hyam,DF,30-193,0.0,0,,,,,,,,,Scotland
Liam Kelly,GK,30-159,0.0,0,,,,,,,,,Scotland
John Souttar,DF,29-279,0.0,0,,,,,,,,,Scotland
Krépin Diatta,DF,27-130,4.0,4,390.0,4.3,0.0,0.0,0.0,0.0,0.0,0.0,Senegal
Moussa Niakhaté,DF,30-119,4.0,4,390.0,4.3,0.0,1.0,0.0,0.0,0.0,0.23,Senegal
Ismaila Sarr,"MF,FW",28-130,4.0,4,364.0,4.0,4.0,1.0,0.0,0.0,0.99,0.25,Senegal
Sadio Mané,"MF,FW",34-086,4.0,4,362.0,4.0,0.0,1.0,0.0,0.0,0.0,0.25,Senegal
Idrissa Gueye,MF,36-282,4.0,4,361.0,4.0,0.0,0.0,0.0,0.0,0.0,0.0,Senegal
Lamine Camara,MF,22-185,4.0,3,248.0,2.8,0.0,1.0,1.0,0.0,0.0,0.36,Senegal
Pape Gueye,MF,27-162,4.0,3,234.0,2.6,2.0,1.0,1.0,0.0,0.77,0.38,Senegal
Mory Diaw,GK,33-013,3.0,2,238.0,2.6,0.0,0.0,0.0,0.0,0.0,0.0,Senegal
Nicolas Jackson,FW,25-015,4.0,2,234.0,2.6,0.0,1.0,0.0,0.0,0.0,0.38,Senegal
Ismail Jakobs,DF,26-322,3.0,2,219.0,2.4,0.0,0.0,0.0,0.0,0.0,0.0,Senegal
El Hadji Malick Diouf,DF,21-189,3.0,2,171.0,1.9,0.0,0.0,0.0,0.0,0.0,0.0,Senegal
Kalidou Koulibaly,DF,35-015,2.0,2,161.0,1.8,0.0,0.0,0.0,0.0,0.0,0.0,Senegal
Édouard Mendy,GK,34-126,2.0,2,152.0,1.7,0.0,0.0,0.0,0.0,0.0,0.0,Senegal
Habib Diarra,MF,22-183,3.0,2,143.0,1.6,2.0,0.0,0.0,0.0,1.26,0.0,Senegal
Pathé Ciss,DF,32-111,4.0,1,184.0,2.0,0.0,0.0,0.0,0.0,0.0,0.0,Senegal
Ibrahim Mbaye,MF,18-162,4.0,1,157.0,1.7,1.0,0.0,0.0,0.0,0.57,0.0,Senegal
Iliman Ndiaye,FW,26-121,3.0,1,114.0,1.3,1.0,2.0,0.0,0.0,0.79,1.58,Senegal
Abdoulaye Seck,DF,34-031,1.0,1,57.0,0.6,0.0,1.0,1.0,0.0,0.0,1.58,Senegal
Pape Matar Sarr,MF,23-294,2.0,0,67.0,0.7,0.0,0.0,0.0,0.0,0.0,0.0,Senegal
Bara Sapoko Ndiaye,MF,18-186,1.0,0,26.0,0.3,0.0,0.0,0.0,0.0,0.0,0.0,Senegal
Assane Diao,MF,20-301,1.0,0,10.0,0.1,0.0,0.0,0.0,0.0,0.0,0.0,Senegal
Bamba Dieng,FW,26-104,1.0,0,8.0,0.1,0.0,0.0,0.0,0.0,0.0,0.0,Senegal
Yehvann Diouf,GK,26-231,0.0,0,,,,,,,,,Senegal
Antoine Mendy,DF,22-039,0.0,0,,,,,,,,,Senegal
Cherif Ndiaye,"FW,MF",30-163,0.0,0,,,,,,,,,Senegal
Mamadou Sarr,DF,20-310,0.0,0,,,,,,,,,Senegal
Mbekezeli Mbokazi,DF,20-285,4.0,4,360.0,4.0,0.0,0.0,0.0,0.0,0.0,0.0,South Africa
Khuliso Mudau,DF,31-066,4.0,4,360.0,4.0,0.0,0.0,0.0,0.0,0.0,0.0,South Africa
Ime Okon,DF,22-131,4.0,4,360.0,4.0,0.0,0.0,0.0,0.0,0.0,0.0,South Africa
Ronwen Williams,GK,34-161,4.0,4,360.0,4.0,0.0,0.0,0.0,0.0,0.0,0.0,South Africa
Aubrey Modiba,DF,30-344,4.0,4,346.0,3.8,0.0,0.0,1.0,0.0,0.0,0.0,South Africa
Teboho Mokoena,MF,29-158,3.0,3,270.0,3.0,1.0,0.0,2.0,0.0,0.33,0.0,South Africa
Oswin Appollis,"MF,FW",24-310,4.0,3,255.0,2.8,0.0,0.0,0.0,0.0,0.0,0.0,South Africa
Thapelo Maseko,"MF,FW",22-232,3.0,3,242.0,2.7,1.0,0.0,0.0,0.0,0.37,0.0,South Africa
Sphephelo Sithole,MF,27-120,3.0,3,229.0,2.5,0.0,0.0,0.0,1.0,0.0,0.0,South Africa
Thalente Mbatha,MF,26-107,4.0,2,260.0,2.9,0.0,0.0,1.0,0.0,0.0,0.0,South Africa
Evidence Makgopa,FW,26-026,4.0,2,215.0,2.4,0.0,0.0,0.0,0.0,0.0,0.0,South Africa
Relebohile Mofokeng,MF,21-251,3.0,2,169.0,1.9,0.0,0.0,0.0,0.0,0.0,0.0,South Africa
Iqraam Rayners,FW,30-194,4.0,2,161.0,1.8,0.0,0.0,0.0,0.0,0.0,0.0,South Africa
Jayden Adams,MF,25-057,3.0,2,116.0,1.3,0.0,0.0,0.0,0.0,0.0,0.0,South Africa
Nkosinathi Sibisi,DF,30-282,1.0,1,90.0,1.0,0.0,0.0,1.0,0.0,0.0,0.0,South Africa
Lyle Foster,FW,25-301,1.0,1,55.0,0.6,0.0,0.0,0.0,0.0,0.0,0.0,South Africa
Tshepang Moremi,MF,25-272,2.0,0,34.0,0.4,0.0,1.0,0.0,0.0,0.0,2.65,South Africa
Themba Zwane,"FW,MF",36-332,1.0,0,23.0,0.3,0.0,0.0,0.0,1.0,0.0,0.0,South Africa
Kamogelo Sebelebele,"DF,MF",23-345,1.0,0,7.0,0.1,0.0,0.0,0.0,0.0,0.0,0.0,South Africa
Sipho Chaine,GK,29-199,0.0,0,,,,,,,,,South Africa
Bradley Cross,DF,25-152,0.0,0,,,,,,,,,South Africa
Ricardo Goss,GK,32-090,0.0,0,,,,,,,,,South Africa
Samukele Kabini,DF,22-108,0.0,0,,,,,,,,,South Africa
Olwethu Makhanya,DF,22-062,0.0,0,,,,,,,,,South Africa
Thabang Matuludi,DF,27-168,0.0,0,,,,,,,,,South Africa
Khulumani Ndamane,DF,22-146,0.0,0,,,,,,,,,South Africa
Lee Gi-hyuk,DF,25-359,,3,270.0,3.0,0.0,0.0,1.0,0.0,0.0,0.0,South Korea
Lee Han-beom,DF,24-014,,3,270.0,3.0,0.0,0.0,0.0,0.0,0.0,0.0,South Korea
Lee Kang-in,FW,25-132,,3,270.0,3.0,0.0,1.0,1.0,0.0,0.0,0.33,South Korea
Kim Seung-gyu,GK,35-274,,3,270.0,3.0,0.0,0.0,0.0,0.0,0.0,0.0,South Korea
Hwang In-beom,MF,29-284,,3,263.0,2.9,1.0,1.0,0.0,0.0,0.34,0.34,South Korea
Seol Young-woo,MF,27-208,,3,250.0,2.8,0.0,0.0,0.0,0.0,0.0,0.0,South Korea
Kim Min-jae,DF,29-228,,3,245.0,2.7,0.0,0.0,0.0,0.0,0.0,0.0,South Korea
Paik Seung-ho,MF,29-106,,3,204.0,2.3,0.0,0.0,1.0,0.0,0.0,0.0,South Korea
Son Heung-min,FW,33-358,,2,169.0,1.9,0.0,0.0,0.0,0.0,0.0,0.0,South Korea
Lee Jae-sung,FW,33-325,,2,117.0,1.3,0.0,0.0,0.0,0.0,0.0,0.0,South Korea
Lee Tae-seok,MF,23-338,,2,113.0,1.3,0.0,0.0,0.0,0.0,0.0,0.0,South Korea
Oh Hyeon-gyu,FW,25-080,,1,129.0,1.4,1.0,0.0,0.0,0.0,0.7,0.0,South Korea
Hwang Hee-chan,FW,30-156,,1,108.0,1.2,0.0,0.0,0.0,0.0,0.0,0.0,South Korea
Kim Moon-hwan,MF,30-334,,1,70.0,0.8,0.0,0.0,0.0,0.0,0.0,0.0,South Korea
Kim Jin-gyu,MF,29-127,,0,52.0,0.6,0.0,0.0,0.0,0.0,0.0,0.0,South Korea
Jens Castrop,MF,22-337,,0,45.0,0.5,0.0,0.0,0.0,0.0,0.0,0.0,South Korea
Eom Ji-sung,MF,24-053,,0,42.0,0.5,0.0,0.0,0.0,0.0,0.0,0.0,South Korea
Park Jinseob,"DF,MF",30-251,,0,32.0,0.4,0.0,0.0,0.0,0.0,0.0,0.0,South Korea
Cho Gue-sung,FW,28-157,,0,31.0,0.3,0.0,0.0,1.0,0.0,0.0,0.0,South Korea
Yang Hyun-jun,"FW,MF",24-037,,0,20.0,0.2,0.0,0.0,0.0,0.0,0.0,0.0,South Korea
Song Bum-keun,GK,28-259,,0,,,,,,,,,South Korea
Lee Dong-gyeong,"FW,MF",28-284,,0,,,,,,,,,South Korea
Jo Hyeon-woo,GK,34-279,,0,,,,,,,,,South Korea
Bae Jun-ho,"FW,MF",22-314,,0,,,,,,,,,South Korea
Kim Tae-hyeon,DF,25-287,,0,,,,,,,,,South Korea
Cho Wi-je,DF,24-310,,0,,,,,,,,,South Korea
Pau Cubarsí,DF,19-164,,4,360.0,4.0,0.0,0.0,0.0,0.0,0.0,0.0,Spain
Marc Cucurella,DF,27-348,,4,360.0,4.0,0.0,2.0,0.0,0.0,0.0,0.5,Spain
Unai Simón,GK,29-024,,4,360.0,4.0,0.0,0.0,0.0,0.0,0.0,0.0,Spain
Aymeric Laporte,DF,32-039,,4,359.0,4.0,0.0,1.0,0.0,0.0,0.0,0.25,Spain
Rodri,MF,30-013,,4,356.0,4.0,0.0,0.0,0.0,0.0,0.0,0.0,Spain
Pedri,MF,23-222,,4,307.0,3.4,0.0,0.0,1.0,0.0,0.0,0.0,Spain
Mikel Oyarzabal,FW,29-075,,4,300.0,3.3,4.0,1.0,0.0,0.0,1.2,0.3,Spain
Lamine Yamal,"FW,MF",18-357,,3,224.0,2.5,1.0,0.0,0.0,0.0,0.4,0.0,Spain
Álex Baena,"FW,MF",24-350,,3,196.0,2.2,1.0,1.0,1.0,0.0,0.46,0.46,Spain
Marcos Llorente,DF,31-156,,2,180.0,2.0,0.0,1.0,0.0,0.0,0.0,0.5,Spain
Pedro Porro,DF,26-295,,2,180.0,2.0,1.0,0.0,0.0,0.0,0.5,0.0,Spain
Dani Olmo,MF,28-059,,2,171.0,1.9,0.0,1.0,0.0,0.0,0.0,0.53,Spain
Ferrán Torres,FW,26-126,,1,160.0,1.8,0.0,0.0,0.0,0.0,0.0,0.0,Spain
Mikel Merino,MF,30-013,,1,129.0,1.4,0.0,0.0,0.0,0.0,0.0,0.0,Spain
Fabián Ruiz Peña,MF,30-093,,1,123.0,1.4,0.0,0.0,0.0,0.0,0.0,0.0,Spain
Gavi,FW,21-334,,1,76.0,0.8,0.0,0.0,0.0,0.0,0.0,0.0,Spain
Yéremy Pino,"FW,MF",23-258,,0,70.0,0.8,0.0,0.0,0.0,0.0,0.0,0.0,Spain
Nico Williams,MF,23-358,,0,48.0,0.5,0.0,0.0,0.0,0.0,0.0,0.0,Spain
Marc Pubill,DF,23-015,,0,1.0,0.0,0.0,0.0,0.0,0.0,0.0,0.0,Spain
Eric García,"DF,MF",25-177,,0,,,,,,,,,Spain
Joan García,GK,25-062,,0,,,,,,,,,Spain
Álex Grimaldo,"DF,MF",30-288,,0,,,,,,,,,Spain
Borja Iglesias,FW,33-169,,0,,,,,,,,,Spain
Víctor Muñoz,MF,22-357,,0,,,,,,,,,Spain
David Raya,GK,30-293,,0,,,,,,,,,Spain
Martín Zubimendi,MF,27-153,,0,,,,,,,,,Spain
Viktor Gyökeres,FW,28-027,4.0,4,360.0,4.0,1.0,2.0,1.0,0.0,0.25,0.5,Sweden
Gustaf Lagerbielke,DF,26-082,4.0,4,360.0,4.0,0.0,0.0,0.0,0.0,0.0,0.0,Sweden
Alexander Isak,FW,26-283,4.0,4,357.0,4.0,1.0,3.0,0.0,0.0,0.25,0.76,Sweden
Victor Lindelöf,"DF,MF",31-349,4.0,4,356.0,4.0,0.0,0.0,0.0,0.0,0.0,0.0,Sweden
Yasin Ayari,MF,22-268,4.0,4,339.0,3.8,2.0,0.0,1.0,0.0,0.53,0.0,Sweden
Gabriel Gudmundsson,"MF,DF",27-063,4.0,4,330.0,3.7,0.0,0.0,1.0,0.0,0.0,0.0,Sweden
Alexander Bernhardsson,MF,27-296,3.0,3,217.0,2.4,0.0,0.0,0.0,0.0,0.0,0.0,Sweden
Isak Hien,DF,27-169,3.0,3,216.0,2.4,0.0,0.0,1.0,0.0,0.0,0.0,Sweden
Anthony Elanga,"MF,FW",24-065,4.0,2,217.0,2.4,2.0,0.0,0.0,0.0,0.83,0.0,Sweden
Kristoffer Nordfeldt,GK,37-008,2.0,2,180.0,2.0,0.0,0.0,0.0,0.0,0.0,0.0,Sweden
Jacob Widell Zetterström,GK,27-355,2.0,2,180.0,2.0,0.0,0.0,0.0,0.0,0.0,0.0,Sweden
Elliot Stroud,MF,24-009,4.0,2,166.0,1.8,0.0,0.0,0.0,0.0,0.0,0.0,Sweden
Jesper Karlström,MF,31-010,2.0,2,138.0,1.5,0.0,0.0,0.0,0.0,0.0,0.0,Sweden
Benjamin Nygren,MF,24-358,4.0,2,130.0,1.4,0.0,0.0,0.0,0.0,0.0,0.0,Sweden
Lucas Bergvall,MF,20-149,4.0,1,181.0,2.0,0.0,1.0,1.0,0.0,0.0,0.5,Sweden
Daniel Svensson,DF,24-139,3.0,1,98.0,1.1,0.0,0.0,0.0,0.0,0.0,0.0,Sweden
Besfort Zeneli,MF,23-222,2.0,0,60.0,0.7,0.0,0.0,0.0,0.0,0.0,0.0,Sweden
Taha Ali,"FW,MF",28-000,2.0,0,37.0,0.4,0.0,0.0,0.0,0.0,0.0,0.0,Sweden
Ken Sema,"FW,MF",32-274,1.0,0,16.0,0.2,0.0,0.0,0.0,0.0,0.0,0.0,Sweden
Mattias Svanberg,MF,27-177,2.0,0,16.0,0.2,1.0,0.0,0.0,0.0,5.63,0.0,Sweden
Carl Starfelt,DF,31-030,1.0,0,4.0,0.0,0.0,0.0,0.0,0.0,0.0,0.0,Sweden
Gustaf Nilsson,FW,29-039,1.0,0,2.0,0.0,0.0,0.0,0.0,0.0,0.0,0.0,Sweden
Hjalmar Ekdal,DF,27-253,0.0,0,,,,,,,,,Sweden
Herman Johansson,MF,28-258,0.0,0,,,,,,,,,Sweden
Viktor Johansson,GK,27-290,0.0,0,,,,,,,,,Sweden
Eric Smith,"DF,MF",29-174,0.0,0,,,,,,,,,Sweden
Manuel Akanji,DF,30-351,4.0,4,360.0,4.0,0.0,0.0,0.0,0.0,0.0,0.0,Switzerland
Nico Elvedi,DF,29-278,4.0,4,360.0,4.0,0.0,0.0,1.0,0.0,0.0,0.0,Switzerland
Gregor Kobel,GK,28-211,4.0,4,360.0,4.0,0.0,0.0,0.0,0.0,0.0,0.0,Switzerland
Granit Xhaka,MF,33-281,4.0,4,360.0,4.0,1.0,0.0,1.0,0.0,0.25,0.0,Switzerland
Remo Freuler,MF,34-081,4.0,4,358.0,4.0,0.0,0.0,0.0,0.0,0.0,0.0,Switzerland
Ricardo Rodríguez,DF,33-314,4.0,4,358.0,4.0,0.0,0.0,0.0,0.0,0.0,0.0,Switzerland
Breel Embolo,FW,29-141,4.0,4,344.0,3.8,2.0,2.0,0.0,0.0,0.52,0.52,Switzerland
Ruben Vargas,MF,27-334,4.0,3,247.0,2.7,2.0,1.0,0.0,0.0,0.73,0.36,Switzerland
Dan Ndoye,"MF,FW",25-253,4.0,3,232.0,2.6,1.0,0.0,0.0,0.0,0.39,0.0,Switzerland
Johan Manzambi,"MF,FW",20-264,4.0,2,199.0,2.2,3.0,2.0,0.0,0.0,1.36,0.9,Switzerland
Denis Zakaria,DF,29-227,2.0,2,176.0,2.0,0.0,0.0,1.0,0.0,0.0,0.0,Switzerland
Michel Aebischer,"MF,FW",29-180,4.0,2,156.0,1.7,0.0,0.0,0.0,0.0,0.0,0.0,Switzerland
Fabian Rieder,MF,24-139,3.0,1,115.0,1.3,0.0,0.0,0.0,0.0,0.0,0.0,Switzerland
Silvan Widmer,DF,33-122,3.0,1,106.0,1.2,0.0,0.0,0.0,0.0,0.0,0.0,Switzerland
Djibril Sow,MF,29-149,2.0,1,93.0,1.0,0.0,0.0,0.0,0.0,0.0,0.0,Switzerland
Luca Jaquez,DF,23-033,2.0,1,78.0,0.9,0.0,0.0,0.0,0.0,0.0,0.0,Switzerland
Zeki Amdouni,"FW,MF",25-213,2.0,0,20.0,0.2,0.0,0.0,0.0,0.0,0.0,0.0,Switzerland
Noah Okafor,"FW,MF",26-042,1.0,0,20.0,0.2,0.0,0.0,0.0,0.0,0.0,0.0,Switzerland
Cedric Itten,"FW,MF",29-190,2.0,0,8.0,0.1,0.0,0.0,0.0,0.0,0.0,0.0,Switzerland
Christian Fassnacht,"FW,MF",32-236,1.0,0,6.0,0.1,0.0,0.0,0.0,0.0,0.0,0.0,Switzerland
Ardon Jashari,MF,23-340,1.0,0,2.0,0.0,0.0,0.0,0.0,0.0,0.0,0.0,Switzerland
Miro Muheim,"DF,MF",28-103,1.0,0,2.0,0.0,0.0,0.0,0.0,0.0,0.0,0.0,Switzerland
Aurèle Amenda,DF,22-339,0.0,0,,,,,,,,,Switzerland
Eray Cömert,DF,28-151,0.0,0,,,,,,,,,Switzerland
Marvin Keller,GK,24-002,0.0,0,,,,,,,,,Switzerland
Yvon Mvogo,GK,32-029,0.0,0,,,,,,,,,Switzerland
Hannibal Mejbri,MF,23-161,3.0,3,270.0,3.0,0.0,2.0,0.0,0.0,0.0,0.67,Tunisia
Montassar Talbi,DF,28-036,3.0,3,270.0,3.0,0.0,0.0,0.0,0.0,0.0,0.0,Tunisia
Ali Abdi,DF,32-193,3.0,3,269.0,3.0,0.0,0.0,0.0,0.0,0.0,0.0,Tunisia
Yan Valery,DF,27-129,3.0,3,251.0,2.8,0.0,0.0,0.0,0.0,0.0,0.0,Tunisia
Ellyes Skhiri,"MF,DF",31-052,3.0,3,250.0,2.8,0.0,0.0,0.0,0.0,0.0,0.0,Tunisia
Anis Ben Slimane,"MF,FW",25-107,3.0,3,240.0,2.7,0.0,0.0,0.0,0.0,0.0,0.0,Tunisia
Mohamed Amine Ben Hamida,DF,30-198,3.0,2,202.0,2.2,0.0,0.0,0.0,0.0,0.0,0.0,Tunisia
Aymen Dahmen,GK,29-154,2.0,2,180.0,2.0,0.0,0.0,0.0,0.0,0.0,0.0,Tunisia
Omar Rekik,DF,24-193,2.0,2,180.0,2.0,1.0,0.0,0.0,0.0,0.5,0.0,Tunisia
Rani Khedira,MF,32-155,3.0,2,149.0,1.7,0.0,0.0,1.0,0.0,0.0,0.0,Tunisia
Elias Saad,"MF,FW",26-186,2.0,2,116.0,1.3,0.0,0.0,0.0,0.0,0.0,0.0,Tunisia
Ismaël Gharbi,MF,22-082,3.0,1,127.0,1.4,0.0,0.0,0.0,0.0,0.0,0.0,Tunisia
Mouhib Chamakh,GK,24-310,1.0,1,90.0,1.0,0.0,0.0,0.0,0.0,0.0,0.0,Tunisia
Hazem Mastouri,FW,29-013,1.0,1,89.0,1.0,1.0,0.0,0.0,0.0,1.01,0.0,Tunisia
Sebastian Tounekti,FW,23-353,3.0,1,84.0,0.9,0.0,0.0,0.0,0.0,0.0,0.0,Tunisia
Dylan Bronn,DF,31-012,1.0,1,45.0,0.5,0.0,0.0,0.0,0.0,0.0,0.0,Tunisia
Firas Chaouat,FW,30-054,3.0,0,49.0,0.5,0.0,0.0,0.0,0.0,0.0,0.0,Tunisia
Elias Achouri,"FW,MF",27-141,3.0,0,43.0,0.5,0.0,0.0,0.0,0.0,0.0,0.0,Tunisia
Hadj Mahmoud,MF,26-068,2.0,0,43.0,0.5,0.0,0.0,0.0,0.0,0.0,0.0,Tunisia
Mortadha Ben Ouanes,"DF,MF",31-364,1.0,0,23.0,0.3,0.0,0.0,0.0,0.0,0.0,0.0,Tunisia
Adem Arous,DF,21-349,0.0,0,,,,,,,,,Tunisia
Khalil Ayari,FW,21-149,0.0,0,,,,,,,,,Tunisia
Sabri Ben Hassen,GK,30-018,0.0,0,,,,,,,,,Tunisia
Raed Chikhaoui,DF,22-022,0.0,0,,,,,,,,,Tunisia
Rayan Elloumi,FW,18-287,0.0,0,,,,,,,,,Tunisia
Moutaz Neffati,DF,21-300,0.0,0,,,,,,,,,Tunisia
Uğurcan Çakır,GK,30-087,3.0,3,270.0,3.0,0.0,0.0,0.0,0.0,0.0,0.0,Turkey
Arda Güler,MF,21-126,3.0,3,270.0,3.0,1.0,0.0,0.0,0.0,0.33,0.0,Turkey
Abdülkerim Bardakcı,DF,31-297,3.0,3,265.0,2.9,0.0,0.0,0.0,0.0,0.0,0.0,Turkey
Kenan Yıldız,MF,21-058,3.0,2,218.0,2.4,0.0,0.0,0.0,0.0,0.0,0.0,Turkey
Hakan Çalhanoğlu,MF,32-143,2.0,2,180.0,2.0,0.0,0.0,0.0,0.0,0.0,0.0,Turkey
Merih Demiral,DF,28-118,2.0,2,180.0,2.0,0.0,0.0,0.0,0.0,0.0,0.0,Turkey
Barış Alper Yılmaz,"MF,FW",26-039,3.0,2,179.0,2.0,1.0,1.0,0.0,0.0,0.5,0.5,Turkey
Zeki Çelik,DF,29-134,2.0,2,163.0,1.8,0.0,0.0,0.0,0.0,0.0,0.0,Turkey
Ferdi Kadioglu,DF,26-267,2.0,2,159.0,1.8,0.0,0.0,0.0,0.0,0.0,0.0,Turkey
Orkun Kökçü,MF,25-184,3.0,2,153.0,1.7,0.0,1.0,0.0,0.0,0.0,0.59,Turkey
İsmail Yüksek,MF,27-156,2.0,2,139.0,1.5,0.0,0.0,0.0,0.0,0.0,0.0,Turkey
Kerem Aktürkoğlu,FW,27-253,2.0,2,129.0,1.4,0.0,0.0,0.0,0.0,0.0,0.0,Turkey
Eren Elmalı,DF,25-359,2.0,1,111.0,1.2,0.0,0.0,1.0,0.0,0.0,0.0,Turkey
Mert Müldür,DF,27-089,3.0,1,101.0,1.1,0.0,0.0,0.0,0.0,0.0,0.0,Turkey
Salih Özcan,MF,28-171,2.0,1,100.0,1.1,0.0,0.0,0.0,0.0,0.0,0.0,Turkey
Ozan Kabak,DF,26-098,1.0,1,90.0,1.0,0.0,0.0,0.0,0.0,0.0,0.0,Turkey
Oğuz Aydın,DF,25-247,1.0,1,89.0,1.0,0.0,0.0,0.0,0.0,0.0,0.0,Turkey
Yunus Akgün,MF,25-359,2.0,1,88.0,1.0,0.0,0.0,1.0,0.0,0.0,0.0,Turkey
Can Uzun,MF,20-232,2.0,0,38.0,0.4,0.0,1.0,0.0,0.0,0.0,2.37,Turkey
Deniz Gül,FW,21-364,2.0,0,37.0,0.4,0.0,0.0,0.0,0.0,0.0,0.0,Turkey
Çağlar Söyüncü,DF,30-039,1.0,0,7.0,0.1,0.0,0.0,0.0,0.0,0.0,0.0,Turkey
Kaan Ayhan,"DF,MF",31-233,1.0,0,3.0,0.0,1.0,0.0,0.0,0.0,30.0,0.0,Turkey
İrfan Can Kahveci,MF,30-351,1.0,0,1.0,0.0,0.0,0.0,0.0,0.0,0.0,0.0,Turkey
Samet Akaydın,DF,32-110,0.0,0,,,,,,,,,Turkey
Altay Bayındır,GK,28-078,0.0,0,,,,,,,,,Turkey
Mert Günok,GK,37-122,0.0,0,,,,,,,,,Turkey
Weston McKennie,MF,27-311,,4,353.0,3.9,0.0,0.0,0.0,0.0,0.0,0.0,United States
Alex Freeman,DF,21-330,,3,284.0,3.2,1.0,1.0,0.0,0.0,0.32,0.32,United States
Tyler Adams,MF,27-141,,3,270.0,3.0,0.0,0.0,1.0,0.0,0.0,0.0,United States
Matt Freese,GK,27-306,,3,270.0,3.0,0.0,0.0,0.0,0.0,0.0,0.0,United States
Tim Ream,DF,38-273,,3,270.0,3.0,0.0,0.0,0.0,0.0,0.0,0.0,United States
Chris Richards,DF,26-099,,3,270.0,3.0,0.0,0.0,1.0,0.0,0.0,0.0,United States
Malik Tillman,MF,24-038,,3,266.0,3.0,1.0,1.0,0.0,0.0,0.34,0.34,United States
Antonee Robinson,"DF,MF",28-331,,3,259.0,2.9,0.0,0.0,1.0,0.0,0.0,0.0,United States
Sergiño Dest,MF,25-244,,3,252.0,2.8,0.0,0.0,0.0,0.0,0.0,0.0,United States
Folarin Balogun,FW,25-002,,3,223.0,2.5,3.0,0.0,1.0,1.0,1.21,0.0,United States
Ricardo Pepi,FW,23-177,,2,185.0,2.1,0.0,0.0,0.0,0.0,0.0,0.0,United States
Christian Pulisic,MF,27-290,,2,165.0,1.8,0.0,1.0,0.0,0.0,0.0,0.55,United States
Sebastian Berhalter,MF,25-056,,1,155.0,1.7,1.0,1.0,1.0,0.0,0.58,0.58,United States
Auston Trusty,DF,27-327,,1,101.0,1.1,1.0,0.0,0.0,0.0,0.89,0.0,United States
Mark McKenzie,DF,27-130,,1,90.0,1.0,0.0,0.0,0.0,0.0,0.0,0.0,United States
Miles Robinson,DF,29-113,,1,90.0,1.0,0.0,0.0,0.0,0.0,0.0,0.0,United States
Matt Turner,GK,32-011,,1,90.0,1.0,0.0,0.0,0.0,0.0,0.0,0.0,United States
Joe Scally,DF,23-186,,1,87.0,1.0,0.0,0.0,0.0,0.0,0.0,0.0,United States
Gio Reyna,MF,23-234,,1,86.0,1.0,1.0,0.0,0.0,0.0,1.05,0.0,United States
Brenden Aaronson,MF,25-256,,1,76.0,0.8,0.0,0.0,0.0,0.0,0.0,0.0,United States
Timothy Weah,MF,26-133,,1,76.0,0.8,0.0,0.0,0.0,0.0,0.0,0.0,United States
Alejandro Zendejas,"FW,MF",28-148,,0,14.0,0.2,0.0,0.0,0.0,0.0,0.0,0.0,United States
Haji Wright,"FW,MF",28-100,,0,1.0,0.0,0.0,0.0,0.0,0.0,0.0,0.0,United States
Max Arfsten,MF,25-077,,0,,,,,,,,,United States
Chris Brady,GK,22-124,,0,,,,,,,,,United States
Cristian Roldan,MF,31-032,,0,,,,,,,,,United States
Rodrigo Bentancur,MF,29-006,3.0,3,270.0,3.0,0.0,0.0,1.0,0.0,0.0,0.0,Uruguay
Sebastián Cáceres,DF,26-317,3.0,3,270.0,3.0,0.0,0.0,0.0,0.0,0.0,0.0,Uruguay
Mathías Olivera,DF,28-243,3.0,3,270.0,3.0,0.0,0.0,1.0,0.0,0.0,0.0,Uruguay
Guillermo Varela,DF,33-099,3.0,3,270.0,3.0,0.0,0.0,1.0,0.0,0.0,0.0,Uruguay
Maxi Araújo,"FW,MF",26-136,3.0,3,250.0,2.8,2.0,1.0,0.0,0.0,0.72,0.36,Uruguay
Federico Valverde,MF,27-344,3.0,3,236.0,2.6,0.0,0.0,0.0,0.0,0.0,0.0,Uruguay
Fernando Muslera,GK,40-015,3.0,3,225.0,2.5,0.0,0.0,0.0,0.0,0.0,0.0,Uruguay
Manuel Ugarte,MF,25-081,3.0,3,184.0,2.0,0.0,0.0,0.0,0.0,0.0,0.0,Uruguay
Agustín Canobbio,FW,27-273,3.0,2,224.0,2.5,1.0,0.0,0.0,1.0,0.4,0.0,Uruguay
Juan Manuel Sanabria,DF,26-094,3.0,2,204.0,2.3,0.0,0.0,1.0,0.0,0.0,0.0,Uruguay
Federico Viñas,FW,28-001,3.0,2,192.0,2.1,0.0,0.0,0.0,0.0,0.0,0.0,Uruguay
Darwin Núñez,FW,27-007,3.0,2,156.0,1.7,0.0,0.0,0.0,0.0,0.0,0.0,Uruguay
Matías Viña,DF,28-234,1.0,1,45.0,0.5,0.0,0.0,0.0,0.0,0.0,0.0,Uruguay
Nicolás De La Cruz,MF,29-030,3.0,0,86.0,1.0,0.0,0.0,1.0,0.0,0.0,0.0,Uruguay
Sergio Rochet,GK,33-100,1.0,0,45.0,0.5,0.0,0.0,0.0,0.0,0.0,0.0,Uruguay
Brian Rodríguez,"FW,MF",26-042,3.0,0,41.0,0.5,0.0,0.0,0.0,0.0,0.0,0.0,Uruguay
Rodrigo Aguirre,FW,31-273,1.0,0,1.0,0.0,0.0,0.0,0.0,0.0,0.0,0.0,Uruguay
Ronald Araújo,DF,27-116,0.0,0,,,,,,,,,Uruguay
Giorgian de Arrascaeta,"FW,MF",32-030,0.0,0,,,,,,,,,Uruguay
Santiago Bueno,DF,27-234,0.0,0,,,,,,,,,Uruguay
José María Giménez,DF,31-162,0.0,0,,,,,,,,,Uruguay
Emiliano Martínez,MF,26-318,0.0,0,,,,,,,,,Uruguay
Santiago Mele,GK,28-298,0.0,0,,,,,,,,,Uruguay
Facundo Pellistri,"FW,MF",24-193,0.0,0,,,,,,,,,Uruguay
Joaquín Piquerez,"DF,MF",27-311,0.0,0,,,,,,,,,Uruguay
Rodrigo Zalazar,"FW,MF",26-323,0.0,0,,,,,,,,,Uruguay
Abdukodir Khusanov,DF,22-122,3.0,3,270.0,3.0,0.0,0.0,2.0,0.0,0.0,0.0,Uzbekistan
Eldor Shomurodov,FW,31-002,3.0,3,269.0,3.0,1.0,0.0,0.0,0.0,0.33,0.0,Uzbekistan
Rustam Ashurmatov,DF,29-359,3.0,3,256.0,2.8,0.0,0.0,0.0,0.0,0.0,0.0,Uzbekistan
Otabek Shukurov,MF,30-009,3.0,3,237.0,2.6,0.0,0.0,0.0,0.0,0.0,0.0,Uzbekistan
Abbosbek Fayzullayev,MF,22-271,3.0,3,220.0,2.4,1.0,0.0,0.0,0.0,0.41,0.0,Uzbekistan
Sherzod Nasrullaev,"DF,MF",27-343,3.0,3,180.0,2.0,0.0,0.0,1.0,0.0,0.0,0.0,Uzbekistan
Akmal Mozgovoy,MF,27-090,3.0,2,216.0,2.4,0.0,1.0,0.0,0.0,0.0,0.42,Uzbekistan
Abdulla Abdullaev,DF,28-303,2.0,2,180.0,2.0,0.0,0.0,0.0,0.0,0.0,0.0,Uzbekistan
Abduvohid Nematov,GK,25-103,2.0,2,180.0,2.0,0.0,0.0,0.0,0.0,0.0,0.0,Uzbekistan
Bekhruz Karimov,DF,18-328,2.0,2,179.0,2.0,0.0,0.0,0.0,0.0,0.0,0.0,Uzbekistan
Khojiakbar Alijonov,MF,29-073,2.0,1,135.0,1.5,0.0,0.0,0.0,0.0,0.0,0.0,Uzbekistan
Aziz Gʻaniyev,MF,28-129,2.0,1,122.0,1.4,0.0,0.0,0.0,0.0,0.0,0.0,Uzbekistan
Dostonbek Khamdamov,MF,29-342,2.0,1,103.0,1.1,0.0,0.0,0.0,0.0,0.0,0.0,Uzbekistan
Jakhongir Urozov,DF,22-164,2.0,1,95.0,1.1,0.0,0.0,0.0,0.0,0.0,0.0,Uzbekistan
Utkir Yusupov,GK,35-178,1.0,1,90.0,1.0,0.0,0.0,0.0,0.0,0.0,0.0,Uzbekistan
Odiljon Hamrobekov,MF,30-138,2.0,1,77.0,0.9,0.0,0.0,1.0,0.0,0.0,0.0,Uzbekistan
Oston Urunov,MF,25-194,2.0,1,63.0,0.7,0.0,0.0,0.0,0.0,0.0,0.0,Uzbekistan
Farrukh Sayfiev,"DF,MF",35-165,1.0,0,45.0,0.5,0.0,0.0,0.0,0.0,0.0,0.0,Uzbekistan
Igor Sergeev,FW,33-062,3.0,0,28.0,0.3,0.0,0.0,0.0,0.0,0.0,0.0,Uzbekistan
Azizbek Amonov,FW,28-244,1.0,0,14.0,0.2,0.0,0.0,0.0,0.0,0.0,0.0,Uzbekistan
Jamshid Iskanderov,"FW,MF",32-258,1.0,0,9.0,0.1,0.0,0.0,0.0,0.0,0.0,0.0,Uzbekistan
Sherzod Esanov,MF,23-150,1.0,0,1.0,0.0,0.0,0.0,0.0,0.0,0.0,0.0,Uzbekistan
Ruslanbek Jiyanov,FW,25-026,1.0,0,1.0,0.0,0.0,0.0,0.0,0.0,0.0,0.0,Uzbekistan
Botirali Ergashev,GK,31-008,0.0,0,,,,,,,,,Uzbekistan
Umar Eshmurodov,DF,33-213,0.0,0,,,,,,,,,Uzbekistan
Avazbek Ulmasaliev,DF,26-096,0.0,0,,,,,,,,,Uzbekistan
