Player,Pos,Age,90s,Fls,Fld,Off,Crs,Int,TklW,Country
Ramy Bensebaini,DF,31-079,4.0,1,5,0,0,7,6,Algeria
Fares Chaïbi,MF,23-218,4.0,3,2,1,6,3,5,Algeria
Aïssa Mandi,DF,34-255,4.0,0,5,0,0,4,3,Algeria
Ibrahim Maza,"MF,FW",20-222,3.9,1,5,0,1,0,2,Algeria
Rafik Belghali,DF,24-027,3.7,4,2,0,4,1,3,Algeria
Nabil Bentaleb,MF,31-222,3.2,2,3,0,3,3,4,Algeria
Rayan Aït-Nouri,DF,25-028,3.2,6,4,0,8,5,13,Algeria
Luca Zidane,GK,28-052,3.0,0,0,0,0,0,0,Algeria
Riyad Mahrez,MF,35-133,2.9,1,7,1,10,1,2,Algeria
Amine Gouiri,FW,26-138,2.8,1,1,0,1,0,1,Algeria
Houssem Aouar,MF,28-004,1.9,1,2,0,0,0,1,Algeria
Hicham Boudaoui,MF,26-284,1.4,4,1,0,1,2,1,Algeria
Ramiz Zerrouki,MF,28-039,1.2,4,0,0,0,2,1,Algeria
Jaouen Hadjam,DF,23-100,1.2,0,0,0,1,1,1,Algeria
Anis Hadj Moussa,MF,24-143,1.1,0,2,0,5,1,0,Algeria
Oussama Benbot,GK,31-266,1.0,0,1,0,0,0,0,Algeria
Nadhir Benbouali,FW,26-078,0.5,0,0,0,0,0,1,Algeria
Mohamed Amoura,"FW,MF",26-056,0.3,1,0,0,0,0,0,Algeria
Zineddine Belaïd,DF,27-106,0.3,0,0,1,0,0,0,Algeria
Samir Chergui,DF,27-148,0.2,0,0,0,0,0,0,Algeria
Adil Boulbina,FW,23-063,0.2,0,0,1,0,0,0,Algeria
Farés Ghedjemis,"FW,MF",23-301,0.0,0,0,0,0,0,0,Algeria
Emiliano Martínez,GK,33-306,4.3,0,0,0,0,0,0,Argentina
Lautaro Martínez,FW,28-317,2.7,7,2,2,0,0,1,Argentina
Alexis Mac Allister,MF,27-193,3.7,5,6,0,0,5,7,Argentina
Lionel Messi,FW,39-011,3.6,2,11,2,17,0,5,Argentina
Enzo Fernández,MF,25-169,3.3,4,4,0,1,4,4,Argentina
Lisandro Martínez,DF,28-168,3.3,1,0,0,0,2,1,Argentina
Facundo Medina,DF,27-038,2.8,3,2,1,0,1,6,Argentina
Cristian Romero,DF,28-069,2.8,5,2,0,0,5,2,Argentina
Rodrigo De Paul,MF,32-042,2.8,1,1,0,6,3,3,Argentina
Thiago Almada,MF,25-070,2.3,1,2,2,0,0,4,Argentina
Nahuel Molina,DF,28-090,2.6,2,0,1,2,3,1,Argentina
Julián Álvarez,FW,26-155,2.2,2,0,0,0,2,1,Argentina
Leandro Paredes,MF,32-006,1.5,1,0,0,1,2,1,Argentina
Nicolás Otamendi,DF,38-143,1.5,3,0,1,0,5,2,Argentina
Nicolás Tagliafico,DF,33-308,1.5,1,5,1,0,0,1,Argentina
Exequiel Palacios,DF,27-273,1.0,1,1,0,0,5,0,Argentina
Marcos Senesi,DF,29-056,1.0,0,2,0,0,2,0,Argentina
Nicolás Paz,MF,21-300,0.8,2,1,0,0,0,2,Argentina
Giuliano Simeone,FW,23-199,0.8,1,0,0,0,0,0,Argentina
Gonzalo Montiel,DF,29-185,0.7,2,0,0,0,1,2,Argentina
Giovani Lo Celso,MF,30-087,0.7,1,1,1,1,1,0,Argentina
Nicolás González,"FW,MF",28-090,1.3,1,2,0,1,0,2,Argentina
Valentín Barco,"DF,MF",21-347,0.2,0,1,0,0,0,0,Argentina
Flaco López,FW,25-211,0.1,0,0,0,0,0,1,Argentina
Alessandro Circati,DF,22-268,4.3,5,4,0,2,2,7,Australia
Harry Souttar,DF,27-256,4.3,8,1,0,0,4,0,Australia
Patrick Beach,GK,22-333,4.3,0,0,0,0,0,0,Australia
Aiden O'Neill,MF,28-001,4.0,2,8,0,10,2,2,Australia
Jordy Bos,"MF,DF",23-249,3.4,4,4,0,8,3,3,Australia
Connor Metcalfe,MF,26-242,3.5,1,0,0,8,2,5,Australia
Nestory Irankunda,"FW,MF",20-146,2.9,4,5,0,1,1,0,Australia
Jackson Irvine,MF,33-120,2.5,3,3,0,2,1,1,Australia
Aziz Behich,MF,35-201,2.4,1,4,0,6,1,4,Australia
Lucas Herrington,DF,18-303,2.3,2,0,0,0,2,1,Australia
Paul Okon-Engstler,MF,21-162,2.2,3,2,0,2,5,2,Australia
Mo Touré,FW,22-101,1.8,4,2,1,1,0,1,Australia
Jacob Italiano,DF,24-340,1.8,0,0,0,8,1,2,Australia
Cristian Volpato,MF,22-232,1.8,1,2,0,11,0,1,Australia
Cameron Burgess,DF,30-257,1.5,0,0,0,0,1,1,Australia
Nishan Velupillay,MF,25-059,0.8,1,0,0,0,0,1,Australia
Mathew Leckie,MF,35-151,0.7,1,1,0,1,0,0,Australia
Ajdin Hrustic,MF,30-000,0.9,1,0,0,5,0,0,Australia
Kai Trewin,"DF,MF",25-048,0.8,0,1,0,2,2,0,Australia
Jason Geria,DF,33-056,0.7,2,0,0,1,2,1,Australia
Awer Mabil,"FW,MF",30-293,0.3,0,1,0,1,0,0,Australia
Tete Yengi,FW,25-219,0.3,3,0,0,1,0,2,Australia
Mathew Ryan,GK,34-088,0.0,0,0,0,0,0,0,Australia
Konrad Laimer,"MF,DF",29-039,4.0,6,3,3,4,2,6,Austria
Marcel Sabitzer,MF,32-110,4.0,2,3,1,31,6,2,Austria
Alexander Schlager,GK,30-154,4.0,0,1,0,0,0,0,Austria
Stefan Posch,DF,29-052,3.7,7,3,0,3,10,4,Austria
Nicolas Seiwald,MF,25-062,3.5,1,1,0,3,4,5,Austria
David Alaba,DF,34-011,3.1,2,0,0,1,4,1,Austria
Romano Schmid,"MF,FW",26-159,2.9,3,4,0,3,0,4,Austria
Xaver Schlager,MF,28-280,2.6,6,0,0,1,7,3,Austria
Kevin Danso,DF,27-289,2.7,1,2,0,1,0,1,Austria
Paul Wanner,MF,20-194,2.6,4,2,0,1,2,1,Austria
Michael Gregoritsch,FW,32-078,2.1,1,1,2,0,0,0,Austria
Philipp Lienhart,DF,29-359,2.0,0,0,0,0,1,1,Austria
Phillipp Mwene,DF,32-157,1.6,1,1,0,6,3,0,Austria
Marko Arnautović,FW,37-077,1.6,3,1,5,0,0,0,Austria
Saša Kalajdžić,FW,28-363,0.9,2,2,0,1,0,0,Austria
Florian Grillitsch,"DF,MF",30-332,1.0,3,1,0,1,0,1,Austria
Carney Chukwuemeka,MF,22-258,0.9,2,2,0,0,0,0,Austria
Alexander Prass,"DF,MF",25-040,0.3,0,0,0,3,0,0,Austria
Marco Friedl,DF,28-111,0.3,0,0,0,0,0,0,Austria
Patrick Wimmer,"FW,MF",25-036,0.2,3,1,0,0,2,0,Austria
Thibaut Courtois,GK,34-055,4.3,0,0,0,0,0,0,Belgium
Brandon Mechele,DF,33-158,4.3,7,1,0,0,2,3,Belgium
Youri Tielemans,MF,29-059,4.3,6,9,1,13,1,4,Belgium
Leandro Trossard,"MF,FW",31-213,4.0,3,7,1,5,2,1,Belgium
Kevin De Bruyne,MF,35-007,3.3,0,3,0,20,0,1,Belgium
Timothy Castagne,DF,30-212,3.3,5,0,0,15,7,6,Belgium
Maxim De Cuyper,DF,25-195,3.2,5,1,0,8,4,2,Belgium
Jeremy Doku,MF,24-039,2.2,1,10,0,4,1,0,Belgium
Charles De Ketelaere,"FW,MF",25-117,2.2,2,2,0,2,3,3,Belgium
Arthur Theate,DF,26-041,2.5,1,0,0,0,3,0,Belgium
Thomas Meunier,DF,34-296,2.1,9,0,0,7,2,2,Belgium
Hans Vanaken,MF,33-315,2.1,0,4,0,2,0,0,Belgium
Nathan Ngoy,DF,23-025,1.7,4,1,0,0,3,2,Belgium
Romelu Lukaku,FW,33-053,2.0,1,0,1,0,0,0,Belgium
Nicolas Raskin,MF,25-132,1.8,4,0,0,3,0,1,Belgium
Amadou Onana,MF,24-323,1.0,1,3,0,0,2,1,Belgium
Alexis Saelemaekers,MF,27-008,0.8,0,2,2,1,0,2,Belgium
Dodi Lukebakio,"FW,MF",28-284,1.1,0,1,0,3,0,0,Belgium
Diego Moreira,MF,21-333,0.6,2,1,1,5,1,1,Belgium
Matias Fernandez-Pardo,"FW,MF",21-152,0.5,0,0,0,2,0,1,Belgium
Nikola Vasilj,GK,30-215,4.0,0,0,0,0,0,0,Bosnia And Herzegovina
Ermedin Demirović,FW,28-102,3.9,11,3,1,0,1,1,Bosnia And Herzegovina
Sead Kolašinac,DF,33-015,3.7,6,4,0,9,2,6,Bosnia And Herzegovina
Nikola Katić,DF,29-268,3.5,4,0,0,0,5,6,Bosnia And Herzegovina
Kerim Alajbegović,MF,18-287,3.1,4,6,1,15,2,0,Bosnia And Herzegovina
Amar Dedić,DF,23-321,3.0,6,3,0,0,1,7,Bosnia And Herzegovina
Tarik Muharemovic,DF,23-127,2.9,5,2,0,1,8,1,Bosnia And Herzegovina
Ivan Šunjić,MF,29-269,2.2,7,0,0,1,0,3,Bosnia And Herzegovina
Edin Džeko,FW,40-110,2.0,1,2,0,0,1,0,Bosnia And Herzegovina
Benjamin Tahirovic,MF,23-124,2.6,3,2,0,2,4,4,Bosnia And Herzegovina
Esmir Bajraktarevic,MF,21-117,2.6,1,2,0,8,3,0,Bosnia And Herzegovina
Amar Memić,MF,25-166,2.5,4,3,0,5,2,2,Bosnia And Herzegovina
Stjepan Radeljić,DF,28-303,2.0,1,3,0,0,0,1,Bosnia And Herzegovina
Ivan Bašić,MF,24-066,2.0,2,3,0,12,3,1,Bosnia And Herzegovina
Armin Gigovic,MF,24-090,0.9,0,2,0,0,2,1,Bosnia And Herzegovina
Jovo Lukić,FW,27-219,0.7,1,0,0,0,0,1,Bosnia And Herzegovina
Arjan Malic,DF,20-311,0.5,1,1,0,2,0,0,Bosnia And Herzegovina
Ermin Mahmić,MF,21-113,0.8,1,1,0,1,0,1,Bosnia And Herzegovina
Samed Baždar,FW,22-155,0.3,1,1,0,0,0,0,Bosnia And Herzegovina
Dennis Hadžikadunić,DF,27-361,0.3,1,0,0,0,0,2,Bosnia And Herzegovina
Dženis Burnić,MF,28-044,0.2,0,0,0,0,0,0,Bosnia And Herzegovina
Haris Tabaković,FW,32-015,0.2,0,0,0,0,0,0,Bosnia And Herzegovina
Amir Hadžiahmetović,MF,29-119,0.1,0,0,0,1,0,0,Bosnia And Herzegovina
Alisson,GK,33-272,4.0,0,0,0,0,0,0,Brazil
Gabriel Magalhães,DF,28-194,4.0,1,3,0,3,3,2,Brazil
Marquinhos,DF,32-048,4.0,0,1,1,1,1,2,Brazil
Douglas Santos,DF,32-101,3.9,3,2,1,6,4,7,Brazil
Vinicius Júnior,FW,25-354,3.9,4,9,3,11,1,0,Brazil
Bruno Guimarães,MF,28-227,3.8,3,7,0,14,2,5,Brazil
Casemiro,MF,34-128,3.2,5,4,0,2,5,5,Brazil
Lucas Paquetá,MF,28-308,2.6,3,6,0,5,5,4,Brazil
Danilo,DF,34-351,3.5,6,1,1,7,6,0,Brazil
Matheus Cunha,FW,27-035,2.6,1,2,1,3,2,3,Brazil
Rayan,FW,19-332,2.5,3,4,0,10,2,4,Brazil
Raphinha,"MF,FW",29-199,1.4,1,2,2,9,0,0,Brazil
Igor Thiago,FW,25-005,0.7,2,0,0,0,0,1,Brazil
Roger Ibanez,DF,27-220,0.5,2,1,0,0,1,2,Brazil
Endrick,FW,19-345,0.9,1,1,1,0,1,1,Brazil
Gabriel Martinelli,"FW,MF",25-013,0.9,3,2,0,2,1,0,Brazil
Fabinho,"DF,MF",32-251,0.8,4,0,0,0,2,1,Brazil
Luiz Henrique,"FW,MF",25-180,0.3,0,1,0,0,0,0,Brazil
Danilo Santos,MF,25-063,0.2,0,0,0,0,0,0,Brazil
Neymar,"FW,MF",34-146,0.2,0,1,0,4,0,0,Brazil
Éderson Silva,MF,26-359,0.1,1,0,0,0,1,0,Brazil
Alex Sandro,"DF,MF",35-156,0.1,1,0,0,0,0,0,Brazil
Diney,DF,31-169,4.3,2,0,0,0,4,7,Cabo Verde
Pico,DF,34-018,4.3,0,3,0,0,7,5,Cabo Verde
Vozinha,GK,40-032,4.3,0,3,0,0,0,0,Cabo Verde
Kevin Pina,MF,29-159,3.9,5,3,0,2,3,7,Cabo Verde
Ryan Mendes,"FW,MF",36-178,3.7,1,2,2,3,5,2,Cabo Verde
Steven Moreira,DF,31-326,3.3,0,2,0,4,2,3,Cabo Verde
Sidny Lopes Cabral,DF,23-290,3.2,2,9,0,12,4,2,Cabo Verde
Jamiro Monteiro,MF,32-224,3.1,4,2,0,7,4,4,Cabo Verde
Deroy Duarte,MF,27-001,2.9,4,1,0,1,6,5,Cabo Verde
Dailon Livramento,FW,25-062,1.9,1,1,2,2,0,0,Cabo Verde
Laros Duarte,MF,29-127,1.8,0,2,0,2,2,1,Cabo Verde
Jovane Cabral,FW,28-021,1.5,1,2,0,1,1,3,Cabo Verde
Nuno da Costa,FW,35-145,1.8,0,3,0,1,1,2,Cabo Verde
Willy Semedo,FW,32-069,1.5,4,2,0,2,3,0,Cabo Verde
João Paulo Fernandes,DF,28-040,1.2,0,4,0,5,6,1,Cabo Verde
Wagner Pina,DF,23-244,1.0,1,3,0,2,1,0,Cabo Verde
Gilson Benchimol,FW,24-188,0.9,0,1,0,0,0,0,Cabo Verde
Garry Rodrigues,MF,35-220,0.8,0,0,2,2,1,2,Cabo Verde
Telmo Arcanjo,MF,25-014,0.6,0,1,0,1,0,0,Cabo Verde
Hélio Varela,FW,24-063,1.2,1,2,1,1,0,0,Cabo Verde
Yannick,MF,30-188,0.4,1,1,0,2,2,1,Cabo Verde
Maxime Crépeau,GK,32-051,4.0,0,1,0,0,0,1,Canada
Alistair Johnston,DF,27-266,4.0,4,4,0,17,6,1,Canada
Richie Laryea,DF,31-175,3.9,6,12,0,1,1,8,Canada
Jonathan David,FW,26-168,3.7,2,4,0,3,3,1,Canada
Derek Cornelius,DF,28-218,3.5,4,3,0,1,2,3,Canada
Tajon Buchanan,MF,27-143,3.2,2,8,1,14,1,4,Canada
Stephen Eustáquio,MF,29-192,3.4,2,5,0,35,2,3,Canada
Luc De Fougerolles,DF,20-262,3.1,5,6,0,0,1,6,Canada
Tani Oluwaseyi,FW,26-047,2.2,3,4,1,2,0,1,Canada
Nathan Saliba,MF,22-144,2.0,5,2,0,2,4,4,Canada
Cyle Larin,FW,31-075,1.8,3,1,3,0,0,0,Canada
Liam Millar,MF,26-277,1.8,3,1,0,10,0,4,Canada
Ali Ahmed,MF,25-264,1.7,0,3,0,11,2,0,Canada
Ismaël Koné,MF,24-015,1.6,1,3,0,3,3,2,Canada
Moïse Bombito,DF,26-093,1.1,1,0,0,0,1,0,Canada
Mathieu Choinière,MF,27-144,0.6,1,1,0,4,2,1,Canada
Jacob Shaffelburg,MF,26-217,0.9,1,0,0,11,2,1,Canada
Promise David,FW,24-363,0.7,2,1,0,0,1,1,Canada
Niko Sigur,"DF,MF",22-295,0.4,3,0,0,3,0,0,Canada
Alphonso Davies,"DF,FW",25-241,0.2,0,0,0,0,0,0,Canada
Jonathan Osorio,MF,34-019,0.0,0,0,0,0,0,0,Canada
Jhon Lucumí,DF,28-009,4.0,4,0,0,0,2,1,Colombia
Davinson Sánchez,DF,30-023,4.0,3,3,1,0,5,2,Colombia
Camilo Vargas,GK,37-118,4.0,0,0,0,0,0,0,Colombia
Luis Díaz,FW,29-173,4.0,4,5,9,3,0,0,Colombia
Gustavo Puerta,MF,22-347,3.9,8,7,0,2,2,2,Colombia
Jefferson Lerma,MF,31-253,3.7,3,5,0,1,2,0,Colombia
Jhon Arias,MF,28-287,3.5,5,2,0,4,2,6,Colombia
James Rodríguez,FW,34-358,2.8,0,3,0,13,1,0,Colombia
Daniel Muñoz,DF,30-040,3.0,5,1,2,5,5,3,Colombia
Johan Mojica,DF,33-318,3.0,1,4,0,8,3,3,Colombia
Luis Suárez,FW,28-215,2.8,5,6,1,2,0,4,Colombia
Jhon Córdoba,FW,33-055,1.1,1,2,2,0,0,0,Colombia
Deiver Machado,DF,32-306,1.0,1,2,0,1,2,0,Colombia
Santiago Arias,DF,34-173,1.0,1,0,0,2,1,2,Colombia
Richard Ríos,MF,26-033,1.1,8,3,0,1,0,2,Colombia
Juan Quintero,"FW,MF",33-168,0.7,0,0,0,7,0,0,Colombia
Jaminton Campaz,"FW,MF",26-042,0.2,0,1,0,2,0,1,Colombia
Kevin Castaño,MF,25-279,0.2,0,0,0,0,0,0,Colombia
Cucho,"FW,MF",27-076,0.1,0,0,0,1,0,0,Colombia
Andrés Gómez,MF,23-296,0.0,0,0,0,0,1,0,Colombia
Chancel Mbemba,DF,31-331,4.0,1,3,0,4,1,3,Congo Dr
Lionel Mpasi,GK,31-338,4.0,0,0,0,0,0,0,Congo Dr
Axel Tuanzebe,DF,28-233,4.0,3,3,0,0,1,2,Congo Dr
Yoane Wissa,FW,29-305,4.0,5,9,1,0,0,1,Congo Dr
Aaron Wan-Bissaka,DF,28-221,3.9,1,1,1,6,7,4,Congo Dr
Samuel Moutoussamy,MF,29-327,3.7,8,1,0,1,1,8,Congo Dr
Arthur Masuaku,DF,32-240,3.5,0,4,0,12,0,5,Congo Dr
Ngal'Ayel Mukau,MF,21-244,2.2,3,4,1,0,3,2,Congo Dr
Cédric Bakambu,FW,35-085,2.1,2,1,4,1,0,0,Congo Dr
Noah Sadiki,MF,21-200,2.9,2,3,0,1,2,4,Congo Dr
Steve Kapuadi,DF,28-066,2.0,2,0,0,0,1,1,Congo Dr
Edo Kayembe,MF,28-032,1.8,5,3,0,2,0,1,Congo Dr
Brian Cipenga,"MF,FW",28-116,1.6,2,1,1,9,0,2,Congo Dr
Nathanaël Mbuku,"MF,FW",24-111,1.6,4,8,0,14,0,3,Congo Dr
Meschak Elia,"FW,MF",28-333,0.5,2,0,0,2,1,0,Congo Dr
Joris Kayembe,"DF,FW",31-331,0.5,0,1,0,3,4,4,Congo Dr
Fiston Mayele,FW,32-011,0.5,1,1,1,0,0,0,Congo Dr
Simon Banza,"FW,MF",29-326,0.4,1,0,0,0,0,1,Congo Dr
Charles Pickel,"DF,MF",29-051,0.4,2,1,0,0,0,0,Congo Dr
Theo Bongonda,"FW,MF",30-227,0.4,0,1,0,2,1,0,Congo Dr
Gédéon Kalulu,DF,28-310,0.1,0,0,0,0,0,0,Congo Dr
Dominik Livaković,GK,31-177,4.0,0,1,0,0,0,0,Croatia
Ivan Perišić,"MF,DF",37-153,4.0,4,1,0,20,4,4,Croatia
Josip Stanišić,"DF,MF",26-094,4.0,0,4,0,7,5,2,Croatia
Josip Šutalo,DF,26-127,4.0,2,1,0,0,6,4,Croatia
Martin Baturina,"MF,FW",23-139,3.6,1,14,0,8,1,2,Croatia
Luka Modrić,MF,40-299,3.5,4,3,0,11,0,3,Croatia
Petar Sučić,"MF,FW",22-253,3.2,7,6,1,4,1,2,Croatia
Mateo Kovačić,MF,32-060,3.0,3,3,0,0,2,3,Croatia
Marin Pongračić,DF,28-297,3.0,3,0,0,0,0,3,Croatia
Nikola Vlašić,MF,28-274,2.1,5,0,2,3,1,2,Croatia
Ante Budimir,FW,34-348,1.7,6,4,0,0,0,1,Croatia
Joško Gvardiol,DF,24-163,1.5,2,3,0,0,2,2,Croatia
Petar Musa,FW,28-123,1.2,1,1,0,0,0,0,Croatia
Mario Pašalić,MF,31-146,1.4,2,0,1,1,1,1,Croatia
Marco Pašalić,MF,25-294,1.1,0,2,2,11,1,2,Croatia
Luka Vušković,DF,19-131,0.7,1,1,0,0,1,0,Croatia
Igor Matanović,FW,23-096,1.1,4,3,1,0,0,0,Croatia
Andrej Kramarić,"FW,MF",35-016,0.7,0,0,1,2,0,1,Croatia
Luka Sučić,"FW,MF",23-300,0.2,0,0,0,0,0,0,Croatia
Leandro Bacuna,MF,34-314,3.0,3,3,0,4,0,3,Curaçao
Sherel Floranus,DF,27-312,3.0,2,0,1,0,4,6,Curaçao
Armando Obispo,DF,27-118,3.0,1,0,1,0,7,1,Curaçao
Eloy Room,GK,37-145,3.0,0,0,0,0,0,0,Curaçao
Juninho Bacuna,MF,28-328,2.8,6,3,0,5,5,4,Curaçao
Tahith Chong,MF,26-209,2.7,3,13,0,1,1,0,Curaçao
Deveron Fonville,DF,23-046,2.7,2,3,0,0,5,3,Curaçao
Jürgen Locadia,FW,32-236,2.6,3,4,2,0,1,0,Curaçao
Livano Comenencia,MF,22-148,2.6,4,1,0,1,11,1,Curaçao
Joshua Brenet,DF,32-103,2.0,0,1,1,0,1,4,Curaçao
Juriën Gaari,DF,32-190,1.8,4,1,0,0,2,2,Curaçao
Riechedly Bazoer,DF,29-262,1.0,2,0,0,0,1,1,Curaçao
Sontje Hansen,FW,24-044,0.5,0,0,0,0,0,0,Curaçao
Jeremy Antonisse,"FW,MF",24-094,0.8,0,0,0,8,0,1,Curaçao
Jearl Margaritha,"FW,MF",26-082,0.5,0,0,0,0,0,0,Curaçao
Gervane Kastaneer,"FW,MF",30-022,0.3,2,0,0,0,0,0,Curaçao
Kenji Gorré,"FW,MF",31-275,0.2,0,0,0,0,0,0,Curaçao
Roshon van Eijma,DF,28-022,0.2,0,0,0,0,0,0,Curaçao
Tyrese Noslin,MF,23-293,0.2,0,2,0,3,0,0,Curaçao
Godfried Roemeratoe,MF,26-316,0.1,0,0,0,0,0,0,Curaçao
Brandley Kuwas,"FW,MF",33-285,0.0,0,0,0,1,0,0,Curaçao
Shurandy Sambo,DF,24-316,0.0,0,0,0,0,1,0,Curaçao
Vladimír Coufal,"MF,DF",33-313,3.0,4,3,1,20,2,1,Czechia
Robin Hranáč,DF,26-153,3.0,6,0,0,1,1,0,Czechia
Matej Kovar,GK,26-045,3.0,0,0,0,0,0,0,Czechia
Ladislav Krejčí,DF,27-072,3.0,6,2,0,2,1,3,Czechia
Pavel Šulc,FW,25-184,2.1,2,1,1,1,0,2,Czechia
Michal Sadílek,MF,27-031,2.0,0,3,0,12,2,2,Czechia
Patrik Schick,FW,30-158,2.0,1,3,0,0,0,0,Czechia
Lukáš Červ,MF,25-082,1.8,3,3,0,0,0,3,Czechia
Adam Hložek,FW,23-341,1.7,4,4,0,0,1,1,Czechia
Tomáš Holeš,DF,33-092,1.7,2,2,0,0,4,3,Czechia
Alexandr Sojka,"MF,DF",23-090,1.6,0,2,0,6,2,1,Czechia
Tomáš Souček,MF,31-124,1.5,3,1,2,1,1,0,Czechia
Jaroslav Zelený,MF,33-315,1.4,0,2,0,4,0,0,Czechia
Lukáš Provod,FW,29-251,1.4,2,1,1,5,1,3,Czechia
Štěpán Chaloupek,DF,23-115,1.0,1,0,0,0,2,0,Czechia
David Douděra,MF,28-031,1.0,0,1,0,5,1,0,Czechia
Denis Višinský,FW,23-102,0.6,0,1,0,0,0,0,Czechia
Vladimír Darida,MF,35-327,0.6,0,1,0,0,1,0,Czechia
Tomáš Chorý,FW,31-156,0.3,2,1,0,0,0,0,Czechia
David Zima,DF,25-235,0.1,0,0,0,0,0,0,Czechia
Mojmír Chytil,FW,27-063,0.1,1,0,0,0,0,0,Czechia
Moisés Caicedo,MF,24-241,4.0,5,4,0,17,4,6,Ecuador
Hernán Galíndez,GK,39-093,4.0,0,0,0,0,0,0,Ecuador
Willian Pacho,DF,24-258,4.0,3,2,0,0,8,2,Ecuador
Gonzalo Plata,FW,25-242,4.0,5,4,0,8,2,5,Ecuador
Pedro Vite,MF,24-114,4.0,2,5,0,6,5,11,Ecuador
Piero Hincapié,DF,24-173,3.8,5,4,0,14,4,5,Ecuador
John Yeboah,MF,26-008,3.5,0,4,0,11,3,3,Ecuador
Enner Valencia,FW,36-239,3.2,4,7,2,1,0,1,Ecuador
Alan Franco,DF,27-314,2.8,7,0,0,5,4,6,Ecuador
Joel Ordóñez,DF,22-071,2.5,1,1,0,0,1,5,Ecuador
Nilson Angulo,MF,23-012,2.4,4,3,0,5,2,1,Ecuador
Pervis Estupiñán,MF,28-161,1.0,3,0,0,2,0,1,Ecuador
Alan Minda,MF,23-048,0.6,0,1,0,2,1,0,Ecuador
Jordy Alcivar,MF,26-330,0.5,1,0,0,1,0,1,Ecuador
Kevin Rodríguez,FW,26-119,1.3,3,2,0,0,0,1,Ecuador
Ángelo Preciado,"DF,MF",28-133,1.2,0,1,0,7,3,1,Ecuador
Yaimar Medina,"DF,MF",21-238,0.5,1,0,0,4,1,0,Ecuador
Jackson Porozo,DF,25-331,0.3,2,0,0,0,0,0,Ecuador
Jordy Caicedo,FW,28-225,0.2,2,0,0,0,0,0,Ecuador
Kendry Páez,MF,19-058,0.1,1,0,0,0,0,0,Ecuador
Félix Torres Caicedo,DF,29-171,0.1,0,0,0,0,0,0,Ecuador
Mohamed Hany,DF,30-161,4.3,2,1,0,13,5,9,Egypt
Mostafa Shobeir,GK,26-051,4.3,0,4,0,0,0,0,Egypt
Mohamed Salah,"FW,MF",34-020,3.7,3,9,1,14,2,0,Egypt
Emam Ashour,MF,28-135,3.5,2,11,0,4,3,2,Egypt
Mostafa Ziko,"MF,FW",29-069,3.2,6,5,2,2,1,3,Egypt
Yasser Ibrahim,DF,33-145,4.2,5,3,0,0,2,6,Egypt
Marwan Attia,MF,27-327,3.8,4,1,0,9,3,2,Egypt
Omar Marmoush,"FW,MF",27-148,3.5,3,7,0,5,2,3,Egypt
Mohanad Lasheen,MF,30-037,3.0,4,3,0,1,4,10,Egypt
Ahmed Fatouh,DF,28-105,3.0,2,3,0,8,4,5,Egypt
Hamdy Fathy,"DF,MF",31-279,2.1,2,2,1,1,2,1,Egypt
Ramy Rabia,DF,33-046,3.1,3,1,0,0,2,3,Egypt
Trézéguet,MF,31-277,1.6,3,2,0,1,1,0,Egypt
Karim Hafez,DF,30-115,0.9,0,1,0,2,2,1,Egypt
Mahmoud Saber,MF,24-340,0.5,2,1,0,1,0,0,Egypt
Mohamed Abdelmonem,DF,27-154,0.2,1,0,0,0,0,0,Egypt
Hamza Abdelkarim,FW,18-185,0.7,2,0,0,0,0,0,Egypt
Hossam Abdelmaguid,DF,25-066,0.7,1,0,0,0,1,0,Egypt
Zizo,MF,30-176,0.6,2,0,0,6,0,1,Egypt
Haissem Hassan,MF,24-147,0.6,1,0,0,7,0,0,Egypt
Ibrahim Adel,MF,25-073,0.0,0,0,0,0,0,0,Egypt
Ezri Konsa,DF,28-255,4.0,7,8,0,0,1,2,England
Jordan Pickford,GK,32-120,4.0,0,3,0,0,0,0,England
Harry Kane,FW,32-342,3.9,5,6,1,0,1,1,England
Elliot Anderson,MF,23-241,3.7,6,9,0,7,7,8,England
Jude Bellingham,MF,23-006,3.5,4,6,1,8,1,7,England
Nico O'Reilly,DF,21-106,3.3,6,2,0,3,2,3,England
Marc Guéhi,DF,25-357,3.0,2,10,0,0,2,0,England
Declan Rice,MF,27-172,2.8,2,0,0,33,0,1,England
Noni Madueke,MF,24-117,2.7,1,3,0,18,2,3,England
Reece James,DF,26-209,2.0,1,0,0,5,2,0,England
Marcus Rashford,MF,28-247,2.0,5,1,1,14,0,2,England
Djed Spence,DF,25-330,1.9,1,2,0,5,0,3,England
Anthony Gordon,MF,25-131,1.8,2,3,0,4,2,1,England
Bukayo Saka,MF,24-303,1.5,1,5,2,10,0,3,England
Morgan Rogers,MF,23-344,1.4,3,2,1,1,0,3,England
John Stones,DF,32-038,1.0,1,1,0,0,0,0,England
Jarell Quansah,DF,23-157,0.7,0,0,0,0,0,0,England
Eberechi Eze,"FW,MF",28-006,0.6,0,2,0,0,0,0,England
Jordan Henderson,MF,36-018,0.1,0,1,0,2,0,1,England
Ollie Watkins,"FW,MF",30-187,0.1,0,0,0,1,0,0,England
Mike Maignan,GK,30-363,4.0,0,1,0,0,0,0,France
Kylian Mbappé,FW,27-193,3.9,4,3,2,2,0,1,France
Dayot Upamecano,DF,27-247,3.8,4,1,0,0,8,6,France
Jules Koundé,DF,27-231,3.7,2,3,1,6,1,6,France
Michael Olise,MF,24-201,3.4,1,6,0,12,0,3,France
Ousmane Dembélé,MF,29-047,3.2,0,2,2,12,0,2,France
Adrien Rabiot,MF,31-089,3.0,7,1,0,0,2,2,France
William Saliba,DF,25-099,3.0,2,0,0,0,4,0,France
Aurélien Tchouaméni,MF,26-155,3.0,4,2,0,1,5,12,France
Désiré Doué,MF,21-028,2.4,0,3,0,1,1,2,France
Bradley Barcola,MF,23-302,2.3,1,0,1,2,1,3,France
Theo Hernández,DF,28-268,2.1,2,3,0,4,1,1,France
Manu Koné,MF,25-045,2.0,2,2,0,0,0,3,France
Lucas Digne,DF,32-346,1.9,2,1,0,6,0,0,France
Maxence Lacroix,DF,26-086,1.0,2,0,1,0,1,1,France
Rayan Cherki,"FW,MF",22-318,0.7,2,1,0,1,0,1,France
Malo Gusto,"DF,MF",23-043,0.3,2,0,0,0,1,0,France
Ibrahima Konaté,DF,27-037,0.2,0,0,0,0,3,0,France
Jean-Philippe Mateta,FW,29-003,0.1,1,0,0,0,0,0,France
Maghnes Akliouche,MF,24-126,0.1,0,0,0,1,0,0,France
Marcus Thuram,"FW,MF",28-329,0.0,0,0,0,0,0,0,France
Manuel Neuer,GK,40-096,4.3,0,2,0,0,0,0,Germany
Jonathan Tah,DF,30-140,4.1,5,1,0,1,1,3,Germany
Florian Wirtz,MF,23-059,4.0,1,3,1,13,2,6,Germany
Kai Havertz,FW,27-020,3.9,3,4,1,1,1,2,Germany
Joshua Kimmich,DF,31-143,3.9,0,7,0,31,4,4,Germany
Leroy Sané,MF,30-171,3.6,3,2,1,10,2,3,Germany
Aleksandar Pavlovic,MF,22-059,3.0,13,4,0,1,2,3,Germany
Felix Nmecha,MF,25-264,3.0,3,3,0,2,2,9,Germany
Nathaniel Brown,DF,23-015,3.1,4,1,0,17,2,6,Germany
Jamal Musiala,MF,23-125,3.0,5,11,0,5,1,5,Germany
Antonio Rüdiger,DF,33-120,2.9,1,0,0,3,0,0,Germany
Nico Schlotterbeck,DF,26-212,1.5,2,1,0,0,3,2,Germany
Deniz Undav,FW,29-347,1.7,3,0,0,1,0,0,Germany
David Raum,DF,28-070,1.2,2,0,0,13,1,1,Germany
Leon Goretzka,MF,31-145,1.1,0,0,0,1,1,1,Germany
Waldemar Anton,"DF,MF",29-346,0.6,3,1,1,1,2,1,Germany
Angelo Stiller,MF,25-088,0.5,0,0,0,0,1,1,Germany
Nadiem Amiri,MF,29-247,0.5,0,0,0,2,0,1,Germany
Malick Thiaw,"DF,MF",24-327,0.5,1,1,0,0,0,2,Germany
Nick Woltemade,"FW,MF",24-137,0.4,0,0,0,0,0,1,Germany
Jamie Leweling,"FW,MF",25-125,0.3,0,0,0,2,0,0,Germany
Maximilian Beier,"FW,MF",23-257,0.3,1,1,0,0,0,0,Germany
Pascal Groß,"DF,MF",35-016,0.2,1,0,0,1,0,2,Germany
Gideon Mensah,DF,27-352,4.0,2,3,0,3,8,5,Ghana
Antoine Semenyo,"MF,FW",26-179,4.0,6,4,4,5,0,2,Ghana
Jordan Ayew,FW,34-297,3.3,7,7,1,10,1,3,Ghana
Marvin Senaya,DF,25-158,3.1,6,4,0,8,6,12,Ghana
Jerome Opoku,DF,27-264,3.0,2,4,0,0,1,2,Ghana
Thomas Partey,MF,33-022,3.0,2,5,0,0,6,4,Ghana
Caleb Yirenkyi,MF,20-171,2.9,7,3,0,1,3,1,Ghana
Kwasi Sibo,MF,28-011,2.8,7,1,0,0,2,0,Ghana
Jonas Adjetey,DF,22-204,2.5,1,0,0,0,1,3,Ghana
Benjamin Asare,GK,33-357,2.5,0,1,0,0,0,0,Ghana
Derrick Luckassen,DF,31-002,2.0,1,2,0,0,0,1,Ghana
Elisha Owusu,MF,28-240,1.7,2,0,0,3,0,3,Ghana
Lawrence Ati-Zigi,GK,29-218,1.5,0,1,0,0,0,0,Ghana
Kamaldeen Sulemana,"MF,FW",24-140,1.4,2,1,1,4,1,2,Ghana
Iñaki Williams,"MF,FW",32-020,1.4,2,1,1,4,1,0,Ghana
Ernest Nuamah,MF,22-246,1.0,2,2,0,1,0,1,Ghana
Abdul Fatawu Issahaku,"FW,MF",22-119,1.5,1,7,0,7,0,0,Ghana
Alidu Seidu,DF,26-031,0.9,1,0,0,1,1,1,Ghana
Brandon Thomas-Asante,"FW,MF",27-188,0.6,0,1,1,1,0,0,Ghana
Kojo Peprah Oppong,DF,22-031,0.5,1,0,0,0,0,0,Ghana
Prince Kwabena Adu,FW,22-285,0.4,4,0,0,0,0,0,Ghana
Abdul Rahman Baba,"DF,MF",32-003,0.0,0,0,0,0,0,0,Ghana
Ricardo Adé,DF,36-041,3.0,6,4,0,1,5,2,Haiti
Hannes Delcroix,DF,27-123,3.0,1,2,0,0,4,3,Haiti
Martin Expérience,"DF,MF",27-114,3.0,7,6,0,6,4,6,Haiti
Johny Placide,GK,38-153,3.0,0,0,0,0,0,0,Haiti
Jean-Ricner Bellegarde,MF,28-004,2.9,4,5,0,10,3,2,Haiti
Danley Jean-Jacques,MF,26-042,2.9,5,3,0,1,3,6,Haiti
Ruben Providence,MF,24-359,2.4,3,5,0,6,0,2,Haiti
Wilson Isidor,FW,25-308,2.1,3,2,1,0,1,1,Haiti
Josué Casimir,MF,24-280,2.0,4,4,0,3,0,0,Haiti
Jean-Kevin Duverne,DF,28-354,1.9,2,1,1,1,4,2,Haiti
Carlens Arcus,"MF,DF",30-003,1.6,5,3,2,2,3,3,Haiti
Frantzdy Pierrot,FW,31-094,1.6,5,4,2,0,0,0,Haiti
Lenny Joseph,FW,25-262,1.3,6,1,0,0,0,0,Haiti
Louicius Deedson,MF,25-140,1.2,3,1,1,4,1,0,Haiti
Dominique Simon,MF,25-337,0.6,1,1,0,1,1,1,Haiti
Duckens Nazon,"FW,MF",32-085,0.3,0,1,0,0,0,0,Haiti
Derrick Etienne,"FW,MF",29-218,0.1,0,0,0,2,0,0,Haiti
Yassin Fortuné,"FW,MF",27-152,0.1,0,1,0,0,0,0,Haiti
Alireza Beiranvand,GK,33-283,3.0,0,1,0,0,0,0,Iran
Shoja' Khalilzadeh,DF,37-048,3.0,4,0,1,0,3,3,Iran
Ali Nemati,DF,30-143,3.0,3,0,1,2,0,2,Iran
Ramin Rezaeian,"DF,MF",36-102,3.0,2,3,1,18,2,5,Iran
Saeid Ezatolahi,MF,29-273,2.9,7,4,0,0,7,5,Iran
Mehdi Taremi,FW,33-348,2.9,3,5,2,1,2,2,Iran
Mohammad Mohebi,MF,27-193,2.7,1,1,0,1,1,1,Iran
Saman Ghoddos,MF,32-298,2.3,3,0,1,1,5,4,Iran
Milad Mohammadi,DF,32-275,2.3,1,1,2,3,2,4,Iran
Hossein Kanaanizadegan,DF,32-100,1.5,1,0,0,0,2,0,Iran
Ehsan Hajsafi,DF,36-126,1.0,2,1,0,2,1,0,Iran
Mohammad Ghorbani,MF,25-041,1.0,2,1,0,0,2,2,Iran
Saleh Hardani,DF,27-187,1.0,0,2,0,1,2,2,Iran
Shahriar Moghanlou,FW,31-192,1.0,1,1,1,2,0,2,Iran
Aria Yousefi,MF,24-070,0.5,0,1,0,0,1,0,Iran
Alireza Jahanbakhsh,"FW,MF",32-324,0.5,2,0,0,1,0,1,Iran
Mehdi Ghayedi,FW,27-208,0.5,2,1,0,3,0,0,Iran
Ali Alipour,FW,30-232,0.4,1,1,0,0,1,1,Iran
Mehdi Torabi,MF,31-294,0.3,0,0,0,2,1,0,Iran
Amirhossein Hosseinzadeh,FW,25-244,0.2,0,0,0,0,0,2,Iran
Merchas Doski,DF,26-206,3.0,3,8,0,4,6,9,Iraq
Akam Hashim,DF,27-319,3.0,0,3,0,0,2,1,Iraq
Amir Al Ammari,MF,28-339,2.7,3,0,0,8,2,1,Iraq
Ibrahim Bayesh,"MF,FW",26-061,2.6,3,5,0,4,1,4,Iraq
Zidane Iqbal,MF,23-065,2.1,1,2,0,2,1,2,Iraq
Ali Al Hamadi,FW,24-122,2.0,1,5,0,0,2,2,Iraq
Hussein Ali,DF,24-122,1.8,1,0,1,1,2,2,Iraq
Zaid Tahseen,DF,25-153,1.7,3,2,0,0,0,1,Iraq
Ahmed Basil,GK,29-316,1.5,0,1,0,0,0,0,Iraq
Ali Jasim,MF,22-162,1.4,1,0,0,4,0,1,Iraq
Ahmed Qasem,"MF,FW",22-354,1.4,0,1,0,1,0,0,Iraq
Zaid Ismail,MF,24-179,1.3,2,0,0,0,1,4,Iraq
Ayman Hussein,FW,30-101,1.3,2,1,0,0,0,0,Iraq
Jalal Hassan,GK,35-044,1.5,0,1,0,0,0,0,Iraq
Frans Dhia Putros,DF,32-352,1.0,2,0,0,1,2,2,Iraq
Rebin Sulaka,DF,34-080,0.5,1,0,0,0,1,0,Iraq
Manaf Younis,DF,29-227,0.8,0,0,0,0,1,1,Iraq
Marko Farji,MF,22-107,0.6,0,2,0,2,1,1,Iraq
Ahmed Maknzi,DF,24-280,0.4,0,0,0,0,0,2,Iraq
Ali Yousif,FW,30-163,0.4,1,0,0,0,0,1,Iraq
Youssef Amyn,MF,22-314,0.3,0,0,0,0,0,0,Iraq
Kevin Yakob,MF,25-264,0.3,1,0,0,0,1,0,Iraq
Aimar Sher,MF,23-193,0.3,0,0,0,1,0,0,Iraq
Mustafa Saadoon,DF,25-037,0.2,2,0,0,0,0,1,Iraq
Mohanad Ali,FW,26-011,0.1,0,0,0,0,0,0,Iraq
Yahia Fofana,GK,25-314,4.0,0,3,0,0,0,0,Ivory Cost
Franck Kessié,MF,29-194,3.8,7,2,1,2,0,4,Ivory Cost
Yan Diomandé,"MF,FW",19-229,3.7,2,7,0,14,4,6,Ivory Cost
Guéla Doué,DF,23-257,3.1,6,5,0,12,3,5,Ivory Cost
Odilon Kossounou,DF,25-178,3.0,0,1,0,0,3,3,Ivory Cost
Emmanuel Agbadou,DF,29-014,3.0,0,0,0,0,4,6,Ivory Cost
Ghislain Konan,DF,30-186,3.0,0,1,0,8,0,3,Ivory Cost
Ibrahim Sangaré,MF,28-211,3.0,2,4,0,0,6,5,Ivory Cost
Ange-Yoan Bonny,FW,22-249,2.6,1,3,1,1,1,2,Ivory Cost
Nicolas Pépé,FW,31-033,2.6,1,1,1,10,3,0,Ivory Cost
Christ Inao Oulaï,MF,20-086,2.3,3,5,0,0,6,4,Ivory Cost
Amad Diallo,"MF,FW",23-355,2.1,0,2,1,4,2,4,Ivory Cost
Wilfried Singo,DF,25-188,1.9,3,1,0,1,4,0,Ivory Cost
Elye Wahi,FW,23-180,1.2,0,0,0,0,0,1,Ivory Cost
Seko Fofana,MF,31-055,1.0,1,0,0,0,2,0,Ivory Cost
Ousmane Diomande,DF,22-209,1.0,0,0,0,0,1,0,Ivory Cost
Christopher Opéri,DF,29-063,1.0,2,0,0,2,1,2,Ivory Cost
Bazoumana Touré,MF,20-121,0.9,0,1,0,2,0,1,Ivory Cost
Oumar Diakité,FW,22-193,0.3,0,0,0,1,0,1,Ivory Cost
Evann Guessand,"FW,MF",25-000,0.2,1,0,0,0,0,0,Ivory Cost
Simon Adingra,"FW,MF",24-181,0.2,0,0,0,1,0,0,Ivory Cost
Jean Seri,MF,34-347,0.2,0,0,0,3,0,1,Ivory Cost
Hiroki Ito,DF,27-050,4.0,7,0,0,9,0,2,Japan
Zion Suzuki,GK,23-314,4.0,0,1,0,0,0,0,Japan
Daichi Kamada,MF,29-330,3.7,2,4,1,4,1,3,Japan
Ayase Ueda,FW,27-294,3.6,6,4,1,0,0,1,Japan
Keito Nakamura,MF,25-338,3.4,3,1,1,9,1,3,Japan
Ritsu Doan,MF,28-015,3.1,6,4,0,5,1,1,Japan
Kaishū Sano,MF,25-183,3.0,4,1,0,1,4,2,Japan
Daizen Maeda,MF,28-254,2.7,2,1,1,3,2,3,Japan
Shogo Taniguchi,DF,34-351,2.6,2,1,0,0,1,0,Japan
Junya Itō,MF,33-114,2.4,2,5,0,17,1,2,Japan
Ao Tanaka,MF,27-294,2.1,6,2,0,0,1,6,Japan
Takehiro Tomiyasu,DF,27-238,2.0,5,2,0,2,2,1,Japan
Ko Itakura,DF,29-155,1.4,1,0,0,0,1,0,Japan
Yukinari Sugawara,MF,26-003,1.6,3,1,0,4,0,3,Japan
Tsuyoshi Watanabe,DF,29-146,1.0,0,1,0,1,0,2,Japan
Ayumu Seko,DF,26-024,1.0,1,0,0,0,1,1,Japan
Takefusa Kubo,MF,25-027,0.8,1,1,0,0,1,0,Japan
Junnosuke Suzuki,DF,22-354,0.5,2,0,0,0,1,0,Japan
Kōki Ogawa,FW,28-327,0.5,1,0,0,0,0,0,Japan
Yūto Nagatomo,"DF,MF",39-292,0.2,0,0,0,1,1,0,Japan
Shuto Machino,FW,26-274,0.1,1,0,0,1,0,0,Japan
Yuito Suzuki,"FW,MF",24-249,0.1,0,0,0,0,0,1,Japan
Keisuke Gotō,FW,21-028,0.1,0,1,0,0,0,1,Japan
Kento Shiogai,FW,21-097,0.1,0,0,0,0,0,0,Japan
Yazeed Abulaila,GK,33-174,3.0,0,0,0,0,0,0,Jordan
Yazan Al-Arab,DF,30-151,3.0,4,0,0,0,11,1,Jordan
Noor Al Rawabdeh,MF,29-127,3.0,1,0,0,0,2,7,Jordan
Ali Olwan,MF,26-097,3.0,1,4,1,5,1,0,Jordan
Mohannad Abu Taha,DF,23-149,2.9,2,1,0,5,6,2,Jordan
Ihsan Haddad,DF,32-146,2.9,3,1,0,8,2,1,Jordan
Abdallah Nasib,DF,32-126,2.9,1,1,0,0,7,3,Jordan
Nizar Al Rashdan,MF,27-100,2.8,5,4,0,0,2,5,Jordan
Musa Al-Taamari,FW,29-021,2.4,2,3,1,0,0,0,Jordan
Husam Abu Dahab,DF,26-049,2.0,2,1,0,0,0,3,Jordan
Odeh Al-Fakhouri,"MF,FW",20-221,1.6,2,3,1,1,2,1,Jordan
Mahmoud Al-Mardi,MF,32-268,1.4,4,2,0,7,0,1,Jordan
Mo Abualnadi,DF,25-143,0.8,0,0,0,0,0,0,Jordan
Ali Azaizeh,MF,22-079,0.6,1,1,0,1,0,3,Jordan
Salim Obaid,DF,34-165,0.2,1,0,0,0,0,2,Jordan
Amer Jamous,MF,23-363,0.2,1,0,0,0,0,0,Jordan
Saed Al-Rosan,DF,29-150,0.1,0,0,0,0,0,0,Jordan
Mohammad Abu Hasheesh,DF,31-053,0.1,0,0,0,0,0,2,Jordan
Mohammad Al-Dawud,"FW,MF",34-080,0.0,0,0,0,0,0,0,Jordan
Sharara,FW,28-183,0.0,1,0,0,0,0,0,Jordan
Raúl Rangel,GK,26-126,3.9,0,0,0,0,0,0,Mexico
Roberto Alvarado,"FW,MF",27-297,3.8,3,4,1,13,1,2,Mexico
Julián Quiñones,"FW,MF",29-099,3.7,5,7,1,2,0,0,Mexico
Jesús Gallardo,DF,31-320,3.1,5,1,0,3,5,0,Mexico
Jorge Sánchez,DF,28-203,3.0,3,1,1,5,4,2,Mexico
Johan Vásquez,DF,27-252,3.0,0,2,0,0,1,0,Mexico
César Montes,DF,29-127,3.0,3,3,0,2,1,1,Mexico
Erik Lira,MF,26-054,2.8,2,3,0,0,2,3,Mexico
Raúl Jiménez,FW,35-057,2.5,4,2,1,0,0,1,Mexico
Luis Romo,MF,31-026,2.3,1,2,0,1,3,4,Mexico
Israel Reyes,DF,26-039,2.2,1,0,0,2,3,1,Mexico
Edson Álvarez,"MF,DF",28-250,2.2,4,2,0,0,3,6,Mexico
Brian Gutiérrez,MF,23-014,1.9,4,2,0,2,2,1,Mexico
Gilberto Mora,MF,17-260,1.7,1,3,0,3,2,1,Mexico
Álvaro Fidalgo,MF,29-083,0.9,0,2,0,1,1,0,Mexico
Mateo Chávez,DF,22-050,0.9,1,1,0,1,0,1,Mexico
Guillermo Martínez Ayala,FW,31-108,0.7,3,1,0,0,0,0,Mexico
Obed Vargas,MF,20-330,0.7,1,0,0,0,1,2,Mexico
Santiago Giménez,FW,25-074,0.6,1,3,0,0,0,0,Mexico
Orbelín Pineda,"FW,MF",30-099,0.3,0,2,0,0,0,0,Mexico
Luis Chávez,MF,30-167,0.3,1,0,0,1,0,1,Mexico
Armando González,FW,23-072,0.2,1,0,0,0,0,0,Mexico
Guillermo Ochoa,GK,40-353,0.1,0,0,0,0,0,0,Mexico
Alexis Vega,"FW,MF",28-218,0.1,0,0,0,1,0,0,Mexico
César Huerta,"FW,MF",25-210,0.1,0,0,0,0,0,0,Mexico
Yassine Bounou,GK,35-087,4.3,0,2,0,0,0,0,Morocco
Achraf Hakimi,DF,27-239,4.3,4,12,0,27,4,7,Morocco
Neil El Aynaoui,MF,24-364,4.2,11,7,0,0,6,8,Morocco
Ismael Saibari,FW,25-154,4.0,8,3,2,5,0,2,Morocco
Chadi Riad,DF,23-014,3.8,0,1,0,0,4,1,Morocco
Bilal El Khannouss,MF,22-052,3.8,3,4,0,10,0,5,Morocco
Brahim Díaz,MF,26-332,3.3,1,7,0,6,1,1,Morocco
Issa Diop,DF,29-173,3.3,3,0,0,0,4,0,Morocco
Noussair Mazraoui,DF,28-229,3.3,3,2,0,2,1,7,Morocco
Azzedine Ounahi,MF,26-073,2.9,1,2,0,2,1,1,Morocco
Ayyoub Bouaddi,MF,18-272,2.9,2,4,0,0,1,2,Morocco
Anass Salah-Eddine,DF,24-164,1.5,3,2,0,3,0,3,Morocco
Sofyan Amrabat,MF,29-314,1.0,1,1,0,0,2,1,Morocco
Redouane Halhal,DF,23-118,1.0,1,3,1,0,0,1,Morocco
Ayoub El Kaabi,FW,33-005,0.8,1,1,3,0,0,2,Morocco
Samir El Mourabet,MF,20-268,0.9,0,1,0,1,1,1,Morocco
Chemsdine Talbi,MF,21-053,0.7,0,1,0,7,0,0,Morocco
Soufiane Rahimi,FW,30-029,0.7,3,4,0,1,0,1,Morocco
Gessime Yassine,MF,20-221,0.7,1,2,0,0,1,2,Morocco
Ayoube Amaimouni,MF,21-213,0.2,1,0,0,1,0,1,Morocco
Denzel Dumfries,"DF,MF",30-074,4.3,6,3,1,16,1,6,Netherlands
Jan Paul van Hecke,DF,26-023,4.3,4,2,0,1,4,3,Netherlands
Virgil van Dijk,DF,34-358,4.3,2,2,0,0,3,1,Netherlands
Bart Verbruggen,GK,23-317,4.3,0,0,0,0,0,0,Netherlands
Cody Gakpo,FW,27-055,4.1,3,3,3,12,2,1,Netherlands
Ryan Gravenberch,MF,24-046,3.8,5,3,0,4,6,1,Netherlands
Frenkie de Jong,MF,29-050,3.6,6,6,0,1,8,7,Netherlands
Micky van de Ven,"DF,MF",25-073,2.9,5,1,0,2,2,3,Netherlands
Brian Brobbey,FW,24-150,2.5,4,3,2,1,0,1,Netherlands
Tijjani Reijnders,MF,27-337,2.2,0,3,1,15,2,0,Netherlands
Donyell Malen,FW,27-173,2.1,0,2,0,5,0,0,Netherlands
Crysencio Summerville,FW,24-244,2.8,2,5,1,7,2,2,Netherlands
Nathan Aké,DF,31-133,1.9,2,2,0,1,4,0,Netherlands
Teun Koopmeiners,"DF,MF",28-123,1.4,3,0,0,5,1,1,Netherlands
Quinten Timber,MF,25-014,0.6,0,2,0,1,1,0,Netherlands
Memphis,"FW,MF",32-138,0.6,1,1,0,1,0,0,Netherlands
Wout Weghorst,FW,33-328,0.6,1,2,0,0,0,1,Netherlands
Jorrel Hato,DF,20-116,0.4,0,0,0,1,0,0,Netherlands
Guus Til,"FW,MF",28-191,0.4,0,0,0,0,0,0,Netherlands
Justin Kluivert,"FW,MF",27-057,0.3,0,2,0,1,0,0,Netherlands
Marten de Roon,"DF,MF",35-094,0.1,0,0,0,0,0,0,Netherlands
Noa Lang,"FW,MF",27-014,0.1,0,1,0,0,0,0,Netherlands
Max Crocombe,GK,32-323,3.0,0,1,0,0,0,0,New Zealand
Finn Surman,DF,22-281,3.0,4,2,0,0,4,1,New Zealand
Chris Wood,FW,34-206,3.0,2,1,4,0,0,1,New Zealand
Marko Stamenic,MF,24-132,3.0,4,0,0,1,4,1,New Zealand
Elijah Just,MF,26-061,2.9,3,2,0,2,2,3,New Zealand
Joe Bell,MF,27-065,2.7,3,0,0,0,4,2,New Zealand
Tim Payne,DF,32-172,2.5,2,2,0,10,1,3,New Zealand
Liberato Cacace,DF,25-277,2.4,1,5,0,8,3,2,New Zealand
Sarpreet Singh,MF,27-131,2.3,2,2,0,7,0,1,New Zealand
Michael Boxall,DF,37-317,2.3,2,2,0,1,2,1,New Zealand
Callum McCowatt,MF,27-062,1.8,4,1,0,3,1,1,New Zealand
Tyler Bindon,DF,21-155,1.1,2,1,0,2,1,2,New Zealand
Ryan Thomas,MF,31-193,0.9,3,3,0,1,0,2,New Zealand
Ben Old,MF,23-322,1.0,0,1,0,1,1,0,New Zealand
Jesse Randall,MF,23-316,0.7,0,1,0,5,0,0,New Zealand
Francis de Vries,DF,31-215,0.2,0,0,0,3,1,0,New Zealand
Callan Elliot,DF,26-359,0.1,0,0,0,0,0,1,New Zealand
Kristoffer Ajer,DF,28-075,3.0,0,1,0,1,2,5,Norway
Sander Berge,MF,28-137,3.0,2,1,0,1,6,4,Norway
Erling Haaland,FW,25-345,3.0,4,3,0,0,0,0,Norway
Ørjan Nyland,GK,35-294,3.0,0,0,0,0,0,0,Norway
Torbjørn Heggem,DF,27-170,2.9,1,0,0,0,1,4,Norway
Martin Ødegaard,MF,27-196,2.9,3,3,0,8,2,4,Norway
David Møller Wolfe,DF,24-069,2.8,7,1,0,3,3,2,Norway
Alexander Sørloth,FW,30-208,2.5,5,2,1,1,0,1,Norway
Antonio Nusa,FW,21-075,2.4,1,3,1,3,1,1,Norway
Fredrik Aursnes,"MF,DF",30-203,2.4,5,1,0,3,0,6,Norway
Patrick Berg,MF,28-219,2.6,3,0,0,7,2,3,Norway
Julian Ryerson,DF,28-226,1.1,2,0,0,11,0,4,Norway
Marcus Pedersen,DF,25-350,2.3,2,1,0,5,0,1,Norway
Andreas Schjelderup,FW,22-030,1.6,2,3,0,2,3,1,Norway
Oscar Bobb,FW,22-354,1.4,1,3,0,1,2,1,Norway
Leo Østigård,DF,26-215,1.3,1,1,0,0,1,3,Norway
Thelo Aasgaard,MF,24-060,1.0,0,3,0,0,3,1,Norway
Egil Selvik,GK,28-336,1.0,0,0,0,0,0,0,Norway
Jørgen Strand Larsen,FW,26-145,1.0,0,2,1,0,0,0,Norway
Henrik Falchener,DF,23-054,0.7,0,0,0,0,1,0,Norway
Kristian Thorstvedt,MF,27-110,0.7,2,1,0,0,0,1,Norway
Fredrik André Bjørkan,DF,27-314,0.5,0,0,0,0,2,1,Norway
Morten Thorsby,MF,30-057,0.5,1,0,0,0,1,1,Norway
Sondre Langås,DF,25-149,0.3,0,0,0,0,0,0,Norway
Jens Petter Hauge,"DF,FW",26-262,0.1,0,0,0,0,0,0,Norway
Michael Amir Murillo,"DF,MF",30-140,3.0,1,7,1,8,1,3,Panama
Andrés Andrade Cedeño,DF,27-258,3.0,4,0,0,8,3,3,Panama
José Córdoba,DF,25-117,3.0,5,1,0,1,1,3,Panama
Orlando Mosquera,GK,31-188,3.0,0,0,0,0,0,0,Panama
Carlos Harvey,MF,26-148,3.0,8,3,0,0,0,3,Panama
Yoel Bárcenas,MF,32-251,2.8,3,3,0,7,2,0,Panama
Cristian Martínez,"MF,FW",29-145,2.7,5,5,1,12,1,4,Panama
José Luis Rodríguez,"MF,FW",28-012,2.6,4,2,0,17,0,3,Panama
César Blackman,"MF,DF",28-090,2.0,2,2,1,0,1,0,Panama
Jiovany Ramos,DF,29-156,1.8,2,1,0,0,3,1,Panama
José Fajardo,FW,32-317,1.7,4,3,1,0,0,2,Panama
Fidel Escobar,DF,31-173,1.0,1,0,0,1,1,2,Panama
Jorge Gutiérrez,DF,27-303,1.0,1,2,0,0,1,1,Panama
Cecilio Waterman,FW,35-079,0.8,1,1,0,0,0,0,Panama
Tomás Rodríguez,FW,27-114,0.5,3,1,0,0,0,0,Panama
Azarías Londoño,MF,25-010,0.6,1,0,0,1,1,0,Panama
Ismael Díaz,"FW,MF",29-050,0.4,0,0,2,0,0,1,Panama
Erick Davis,DF,35-092,0.0,0,1,0,2,0,1,Panama
Alberto Quintero,"FW,MF",38-195,0.0,1,0,0,1,0,0,Panama
Aníbal Godoy,MF,36-141,0.0,0,1,0,1,0,0,Panama
Andrés Cubas,MF,30-040,4.3,12,3,0,0,8,10,Paraguay
Orlando Gill,GK,26-020,4.3,0,3,0,0,0,0,Paraguay
Gustavo Gómez,DF,33-056,4.3,3,1,1,0,2,2,Paraguay
Juan Cáceres,DF,26-030,3.8,8,3,0,10,2,8,Paraguay
Julio Enciso,FW,22-159,3.6,2,8,0,5,1,4,Paraguay
Júnior Alonso,DF,33-142,3.3,3,3,1,2,2,6,Paraguay
Matías Galarza,MF,24-140,3.3,7,6,0,4,4,9,Paraguay
Omar Alderete,DF,29-187,2.9,2,3,0,0,2,0,Paraguay
Diego Gómez,MF,23-096,2.6,4,1,0,1,7,4,Paraguay
Miguel Almirón,"MF,FW",32-141,2.4,2,5,0,3,2,5,Paraguay
Damián Bobadilla,MF,24-355,2.1,1,1,0,1,5,3,Paraguay
Gabriel Ávalos,FW,35-262,1.3,0,2,0,0,0,2,Paraguay
Gustavo Velásquez,DF,35-075,1.7,0,0,0,3,1,0,Paraguay
José Canale,DF,29-346,1.4,1,2,0,1,1,6,Paraguay
Antonio Sanabria,FW,30-119,0.9,1,2,0,0,0,2,Paraguay
Alexandro Maidana,DF,20-340,0.6,0,0,0,1,1,0,Paraguay
Isidro Pitta,FW,26-321,0.5,2,0,2,0,0,0,Paraguay
Mauricio,MF,25-040,1.7,3,2,0,8,1,5,Paraguay
Gustavo Caballero,"FW,MF",24-283,0.7,0,2,1,0,0,1,Paraguay
Álex Arce,FW,31-015,0.6,1,0,0,0,0,1,Paraguay
Braian Ojeda,MF,26-004,0.2,0,0,0,0,0,0,Paraguay
Ramón Sosa,"FW,MF",26-304,0.1,0,1,0,0,0,0,Paraguay
Kaku,MF,31-171,0.1,1,1,0,0,0,0,Paraguay
Fabián Balbuena,DF,34-312,0.0,0,0,0,0,0,0,Paraguay
Diogo Costa,GK,26-289,4.0,0,1,0,0,0,0,Portugal
Renato Veiga,DF,22-341,4.0,4,3,0,0,5,0,Portugal
Cristiano Ronaldo,FW,41-150,3.9,2,3,5,0,1,1,Portugal
Nuno Mendes,DF,24-016,3.8,3,11,1,16,0,3,Portugal
Bruno Fernandes,MF,31-300,3.7,2,7,0,17,0,5,Portugal
Vitinha,MF,26-142,3.3,4,5,0,1,1,0,Portugal
Pedro Neto,MF,26-118,3.0,3,3,0,11,0,1,Portugal
João Cancelo,DF,32-039,2.7,5,2,1,17,4,4,Portugal
João Neves,MF,21-281,3.3,1,3,0,2,2,5,Portugal
Rúben Dias,DF,29-052,3.0,5,3,0,0,5,3,Portugal
João Félix,MF,26-237,1.5,1,2,0,4,1,3,Portugal
Rafael Leão,MF,27-025,1.5,1,2,0,6,2,0,Portugal
Tomás Araújo,DF,24-050,1.0,1,0,0,0,1,0,Portugal
Bernardo Silva,MF,31-329,1.0,1,0,0,0,1,0,Portugal
Rúben Neves,MF,29-114,0.6,0,0,0,0,0,0,Portugal
Francisco Conceição,MF,23-203,1.3,1,1,1,2,0,2,Portugal
Nélson Semedo,"DF,MF",32-231,1.0,1,1,0,2,0,0,Portugal
Diogo Dalot,"DF,MF",27-109,0.5,0,1,0,1,0,1,Portugal
Gonçalo Ramos,FW,25-015,0.4,0,0,0,0,0,0,Portugal
Francisco Trincão,"FW,MF",26-188,0.3,0,0,0,0,0,1,Portugal
Samu Costa,MF,25-220,0.2,0,0,0,0,0,1,Portugal
Matheus Nunes,"DF,MF",27-312,0.0,0,0,0,0,0,0,Portugal
Mahmoud Abunada,GK,26-146,3.0,1,1,0,0,0,0,Qatar
Boualem Khoukhi,DF,35-357,3.0,2,1,0,2,3,3,Qatar
Issa Laye,"MF,DF",28-191,3.0,0,3,0,0,1,1,Qatar
Ró-Ró,DF,35-329,3.0,1,7,0,2,3,4,Qatar
Akram Afif,"FW,MF",29-225,2.6,0,4,2,11,0,1,Qatar
Edmilson Junior,"MF,FW",31-316,2.3,4,2,1,4,0,1,Qatar
Jassem Gaber,MF,24-131,1.7,7,0,0,0,0,2,Qatar
Ayoub Al-Oui,DF,21-112,1.7,1,0,0,0,2,0,Qatar
Assim Madibo,MF,29-252,1.5,2,1,0,0,4,1,Qatar
Homam Ahmed,DF,26-310,1.4,4,0,0,3,3,1,Qatar
Yusuf Abdurisag,FW,26-329,1.1,1,2,0,0,1,2,Qatar
Ahmed Fathy,MF,33-157,1.7,2,1,0,0,3,3,Qatar
Sultan Al-Brake,DF,30-085,1.6,2,0,0,5,2,1,Qatar
Karim Boudiaf,MF,35-288,1.1,0,2,0,0,0,0,Qatar
Hassan Al-Haydos,MF,35-202,0.6,1,1,0,0,0,0,Qatar
Mohamed Manai,DF,23-249,0.8,3,0,0,0,2,0,Qatar
Abdulaziz Hatem,MF,36-181,0.5,1,0,0,0,0,0,Qatar
Ahmed Alaaeldin,FW,33-151,0.5,1,1,0,0,0,1,Qatar
Ahmed Al-Ganehi,FW,25-282,0.4,1,0,0,1,0,1,Qatar
Al-Hashmi Al-Hussain,MF,22-320,0.4,2,2,0,0,1,2,Qatar
Almoez Ali,FW,29-316,0.2,0,0,0,0,0,0,Qatar
Lucas Mendes,DF,35-363,0.0,0,0,1,0,0,0,Qatar
Mohammed Al-Owais,GK,34-264,3.0,0,1,0,0,0,0,Saudi Arabia
Saud Abdulhamid,DF,26-348,3.0,4,2,0,5,2,9,Saudi Arabia
Salem Al-Dawsari,MF,34-316,2.7,3,4,1,3,1,1,Saudi Arabia
Abdulelah Al-Amri,DF,29-167,2.7,1,0,0,1,4,2,Saudi Arabia
Firas Al-Buraikan,FW,26-048,2.6,2,3,0,0,1,0,Saudi Arabia
Hassan Al Tambakti,DF,27-142,2.4,0,1,0,0,3,3,Saudi Arabia
Abdullah Al-Khaibari,MF,29-319,2.0,0,2,0,0,1,1,Saudi Arabia
Mohamed Kanno,MF,31-282,2.5,5,0,0,0,2,4,Saudi Arabia
Nasser Al-Dawsari,MF,27-194,2.3,7,2,0,1,4,4,Saudi Arabia
Moteb Al-Harbi,DF,26-131,2.1,0,4,0,1,4,1,Saudi Arabia
Musab Al Juwayr,"MF,FW",23-011,1.7,1,1,2,7,1,3,Saudi Arabia
Ali Lajami,DF,30-068,1.7,0,2,0,0,3,2,Saudi Arabia
Mohammed Abu Al-Shamat,MF,23-324,1.5,2,1,0,3,1,3,Saudi Arabia
Nawaf Boushal,DF,26-288,1.0,1,1,0,0,1,0,Saudi Arabia
Sultan Mendash,MF,31-257,0.7,1,2,0,0,0,3,Saudi Arabia
Abdullah Al-Hamdan,FW,26-291,0.8,2,0,0,1,0,0,Saudi Arabia
Alaa Al Hejji,MF,30-210,0.4,0,0,0,0,1,0,Saudi Arabia
Khalid Al Ghannam,MF,25-235,0.0,0,0,0,0,0,0,Saudi Arabia
Lewis Ferguson,MF,26-311,3.0,5,10,0,9,4,7,Scotland
Angus Gunn,GK,30-160,3.0,0,0,0,0,0,1,Scotland
Jack Hendry,DF,31-055,3.0,1,3,0,0,0,2,Scotland
Scott McTominay,MF,29-205,3.0,3,0,0,0,0,2,Scotland
John McGinn,MF,31-256,2.9,2,11,0,10,0,0,Scotland
Andy Robertson,DF,32-112,2.5,3,1,0,10,2,1,Scotland
Ben Gannon-Doak,MF,20-232,2.1,3,1,0,6,0,1,Scotland
Nathan Patterson,DF,24-258,2.1,2,0,0,1,3,2,Scotland
Grant Hanley,DF,34-223,2.0,1,0,1,0,1,2,Scotland
Lawrence Shankland,FW,30-325,1.9,5,3,1,0,0,1,Scotland
Ché Adams,FW,29-353,1.6,4,2,0,0,0,1,Scotland
Kenny McLean,MF,34-174,1.3,1,1,0,2,2,1,Scotland
Kieran Tierney,MF,29-026,1.2,3,2,0,7,2,1,Scotland
Ryan Christie,MF,31-129,1.1,2,1,0,1,2,3,Scotland
Scott McKenna,DF,29-231,1.0,0,0,0,0,0,0,Scotland
Aaron Hickey,DF,24-021,0.8,2,4,0,1,1,0,Scotland
Lyndon Dykes,"FW,MF",30-267,0.4,2,0,0,1,0,0,Scotland
Anthony Ralston,DF,27-227,0.1,2,0,0,1,0,0,Scotland
Findlay Curtis,MF,19-273,0.1,1,0,0,1,0,0,Scotland
Ross Stewart,FW,29-355,0.0,0,0,0,0,0,0,Scotland
Krépin Diatta,DF,27-130,4.3,4,6,0,12,3,10,Senegal
Moussa Niakhaté,DF,30-119,4.3,3,6,0,2,4,1,Senegal
Ismaila Sarr,"MF,FW",28-130,4.0,1,9,2,2,2,1,Senegal
Sadio Mané,"MF,FW",34-086,4.0,4,10,3,13,3,2,Senegal
Idrissa Gueye,MF,36-282,4.0,2,2,0,1,2,4,Senegal
Lamine Camara,MF,22-185,2.8,5,3,0,7,2,1,Senegal
Pape Gueye,MF,27-162,2.6,4,2,0,3,4,1,Senegal
Mory Diaw,GK,33-013,2.6,0,2,0,0,0,0,Senegal
Nicolas Jackson,FW,25-015,2.6,2,0,5,1,1,2,Senegal
Ismail Jakobs,DF,26-322,2.4,2,0,0,18,2,2,Senegal
El Hadji Malick Diouf,DF,21-189,1.9,2,0,0,8,1,1,Senegal
Kalidou Koulibaly,DF,35-015,1.8,0,0,0,0,2,1,Senegal
Édouard Mendy,GK,34-126,1.7,0,0,0,0,0,0,Senegal
Habib Diarra,MF,22-183,1.6,2,2,0,1,1,2,Senegal
Pathé Ciss,DF,32-111,2.0,1,0,0,0,0,0,Senegal
Ibrahim Mbaye,MF,18-162,1.7,0,2,0,9,1,0,Senegal
Iliman Ndiaye,FW,26-121,1.3,2,1,0,2,2,0,Senegal
Abdoulaye Seck,DF,34-031,0.6,1,1,0,0,0,0,Senegal
Pape Matar Sarr,MF,23-294,0.7,1,0,0,0,1,0,Senegal
Bara Sapoko Ndiaye,MF,18-186,0.3,0,2,0,0,0,0,Senegal
Assane Diao,MF,20-301,0.1,0,0,0,0,0,1,Senegal
Bamba Dieng,FW,26-104,0.1,0,0,0,0,0,0,Senegal
Mbekezeli Mbokazi,DF,20-285,4.0,3,5,1,3,4,5,South Africa
Khuliso Mudau,DF,31-066,4.0,4,10,1,3,11,8,South Africa
Ime Okon,DF,22-131,4.0,1,0,0,0,5,2,South Africa
Ronwen Williams,GK,34-161,4.0,0,0,0,0,1,0,South Africa
Aubrey Modiba,DF,30-344,3.8,4,6,2,11,4,5,South Africa
Teboho Mokoena,MF,29-158,3.0,3,6,0,5,5,3,South Africa
Oswin Appollis,"MF,FW",24-310,2.8,1,2,0,8,1,3,South Africa
Thapelo Maseko,"MF,FW",22-232,2.7,4,10,0,2,2,1,South Africa
Sphephelo Sithole,MF,27-120,2.5,5,1,0,0,5,5,South Africa
Thalente Mbatha,MF,26-107,2.9,4,0,0,4,5,2,South Africa
Evidence Makgopa,FW,26-026,2.4,1,1,2,0,1,1,South Africa
Relebohile Mofokeng,MF,21-251,1.9,3,2,0,2,0,2,South Africa
Iqraam Rayners,FW,30-194,1.8,1,1,2,2,0,0,South Africa
Jayden Adams,MF,25-057,1.3,0,0,0,0,2,0,South Africa
Nkosinathi Sibisi,DF,30-282,1.0,1,0,0,0,1,0,South Africa
Lyle Foster,FW,25-301,0.6,0,1,0,0,0,0,South Africa
Tshepang Moremi,MF,25-272,0.4,1,1,0,0,0,1,South Africa
Themba Zwane,"FW,MF",36-332,0.3,1,0,0,0,0,0,South Africa
Kamogelo Sebelebele,"DF,MF",23-345,0.1,1,0,0,1,0,0,South Africa
Lee Gi-hyuk,DF,25-359,3.0,2,1,0,2,5,4,South Korea
Lee Han-beom,DF,24-014,3.0,7,2,0,2,3,2,South Korea
Lee Kang-in,FW,25-132,3.0,1,7,0,19,0,0,South Korea
Kim Seung-gyu,GK,35-274,3.0,0,0,0,0,0,0,South Korea
Hwang In-beom,MF,29-284,2.9,1,1,0,2,4,2,South Korea
Seol Young-woo,MF,27-208,2.8,1,2,4,9,1,0,South Korea
Kim Min-jae,DF,29-228,2.7,2,1,0,0,2,2,South Korea
Paik Seung-ho,MF,29-106,2.3,1,2,0,1,1,0,South Korea
Son Heung-min,FW,33-358,1.9,0,4,2,3,0,1,South Korea
Lee Jae-sung,FW,33-325,1.3,1,4,1,0,2,3,South Korea
Lee Tae-seok,MF,23-338,1.3,3,1,0,8,0,3,South Korea
Oh Hyeon-gyu,FW,25-080,1.4,0,1,0,1,0,0,South Korea
Hwang Hee-chan,FW,30-156,1.2,1,2,0,0,0,1,South Korea
Kim Moon-hwan,MF,30-334,0.8,0,0,0,0,1,1,South Korea
Kim Jin-gyu,MF,29-127,0.6,0,1,0,1,0,1,South Korea
Jens Castrop,MF,22-337,0.5,3,0,0,3,0,0,South Korea
Eom Ji-sung,MF,24-053,0.5,0,1,0,3,0,2,South Korea
Park Jinseob,"DF,MF",30-251,0.4,0,1,0,0,0,0,South Korea
Cho Gue-sung,FW,28-157,0.3,1,0,0,0,0,0,South Korea
Yang Hyun-jun,"FW,MF",24-037,0.2,1,0,1,0,1,1,South Korea
Pau Cubarsí,DF,19-164,4.0,2,1,0,1,3,1,Spain
Marc Cucurella,DF,27-348,4.0,5,3,1,8,3,1,Spain
Unai Simón,GK,29-024,4.0,0,1,0,0,0,0,Spain
Aymeric Laporte,DF,32-039,4.0,2,2,0,1,9,2,Spain
Rodri,MF,30-013,4.0,4,2,1,2,3,11,Spain
Pedri,MF,23-222,3.4,2,4,1,12,7,5,Spain
Mikel Oyarzabal,FW,29-075,3.3,2,2,0,3,0,3,Spain
Lamine Yamal,"FW,MF",18-357,2.5,2,1,3,19,1,2,Spain
Álex Baena,"FW,MF",24-350,2.2,5,2,0,20,1,1,Spain
Marcos Llorente,DF,31-156,2.0,2,1,0,4,1,5,Spain
Pedro Porro,DF,26-295,2.0,2,2,0,13,3,4,Spain
Dani Olmo,MF,28-059,1.9,3,3,0,0,1,4,Spain
Ferrán Torres,FW,26-126,1.8,3,1,1,4,0,0,Spain
Mikel Merino,MF,30-013,1.4,4,2,0,1,3,1,Spain
Fabián Ruiz Peña,MF,30-093,1.4,0,1,0,2,1,1,Spain
Gavi,FW,21-334,0.8,2,1,0,2,1,2,Spain
Yéremy Pino,"FW,MF",23-258,0.8,2,0,1,1,0,0,Spain
Nico Williams,MF,23-358,0.5,0,1,0,2,0,0,Spain
Marc Pubill,DF,23-015,0.0,0,0,0,0,0,0,Spain
Viktor Gyökeres,FW,28-027,4.0,4,7,1,1,0,1,Sweden
Gustaf Lagerbielke,DF,26-082,4.0,1,3,1,1,5,5,Sweden
Alexander Isak,FW,26-283,4.0,4,1,5,3,0,2,Sweden
Victor Lindelöf,"DF,MF",31-349,4.0,3,0,0,0,4,1,Sweden
Yasin Ayari,MF,22-268,3.8,4,8,0,19,3,4,Sweden
Gabriel Gudmundsson,"MF,DF",27-063,3.7,5,7,0,4,5,3,Sweden
Alexander Bernhardsson,MF,27-296,2.4,2,4,0,3,2,2,Sweden
Isak Hien,DF,27-169,2.4,3,3,0,0,1,3,Sweden
Anthony Elanga,"MF,FW",24-065,2.4,0,7,1,12,2,0,Sweden
Kristoffer Nordfeldt,GK,37-008,2.0,0,0,0,0,0,0,Sweden
Jacob Widell Zetterström,GK,27-355,2.0,0,0,0,0,0,0,Sweden
Elliot Stroud,MF,24-009,1.8,3,1,0,4,3,0,Sweden
Jesper Karlström,MF,31-010,1.5,3,0,0,0,1,3,Sweden
Benjamin Nygren,MF,24-358,1.4,3,0,0,5,0,0,Sweden
Lucas Bergvall,MF,20-149,2.0,7,4,0,3,2,2,Sweden
Daniel Svensson,DF,24-139,1.1,0,0,1,2,1,2,Sweden
Besfort Zeneli,MF,23-222,0.7,1,0,0,1,1,0,Sweden
Taha Ali,"FW,MF",28-000,0.4,0,2,0,1,0,0,Sweden
Ken Sema,"FW,MF",32-274,0.2,0,1,0,0,0,1,Sweden
Mattias Svanberg,MF,27-177,0.2,0,1,0,0,1,1,Sweden
Carl Starfelt,DF,31-030,0.0,0,0,0,0,0,0,Sweden
Gustaf Nilsson,FW,29-039,0.0,0,0,0,0,0,0,Sweden
Manuel Akanji,DF,30-351,4.0,0,2,0,0,5,7,Switzerland
Nico Elvedi,DF,29-278,4.0,3,2,0,0,2,1,Switzerland
Gregor Kobel,GK,28-211,4.0,0,1,0,0,0,0,Switzerland
Granit Xhaka,MF,33-281,4.0,1,9,0,1,4,4,Switzerland
Remo Freuler,MF,34-081,4.0,6,2,1,2,5,4,Switzerland
Ricardo Rodríguez,DF,33-314,4.0,9,1,0,15,3,6,Switzerland
Breel Embolo,FW,29-141,3.8,6,8,2,1,2,0,Switzerland
Ruben Vargas,MF,27-334,2.7,5,4,0,21,1,2,Switzerland
Dan Ndoye,"MF,FW",25-253,2.6,2,11,1,7,1,3,Switzerland
Johan Manzambi,"MF,FW",20-264,2.2,3,3,1,3,0,0,Switzerland
Denis Zakaria,DF,29-227,2.0,1,0,0,11,6,5,Switzerland
Michel Aebischer,"MF,FW",29-180,1.7,3,2,0,6,0,1,Switzerland
Fabian Rieder,MF,24-139,1.3,1,2,0,4,1,2,Switzerland
Silvan Widmer,DF,33-122,1.2,1,0,0,3,1,1,Switzerland
Djibril Sow,MF,29-149,1.0,1,1,0,0,1,1,Switzerland
Luca Jaquez,DF,23-033,0.9,3,1,0,2,1,0,Switzerland
Zeki Amdouni,"FW,MF",25-213,0.2,1,4,0,0,0,1,Switzerland
Noah Okafor,"FW,MF",26-042,0.2,0,0,0,0,0,1,Switzerland
Cedric Itten,"FW,MF",29-190,0.1,1,1,0,1,0,0,Switzerland
Christian Fassnacht,"FW,MF",32-236,0.1,0,0,0,0,0,1,Switzerland
Ardon Jashari,MF,23-340,0.0,0,0,0,0,0,0,Switzerland
Miro Muheim,"DF,MF",28-103,0.0,0,0,0,0,0,0,Switzerland
Hannibal Mejbri,MF,23-161,3.0,4,15,0,10,1,4,Tunisia
Montassar Talbi,DF,28-036,3.0,1,1,0,0,5,2,Tunisia
Ali Abdi,DF,32-193,3.0,4,1,0,4,4,8,Tunisia
Yan Valery,DF,27-129,2.8,4,0,1,7,4,1,Tunisia
Ellyes Skhiri,"MF,DF",31-052,2.8,0,1,0,0,2,1,Tunisia
Anis Ben Slimane,"MF,FW",25-107,2.7,0,0,2,6,2,2,Tunisia
Mohamed Amine Ben Hamida,DF,30-198,2.2,3,1,0,1,1,9,Tunisia
Aymen Dahmen,GK,29-154,2.0,0,1,0,0,0,0,Tunisia
Omar Rekik,DF,24-193,2.0,0,1,1,1,3,2,Tunisia
Rani Khedira,MF,32-155,1.7,3,0,0,0,2,1,Tunisia
Elias Saad,"MF,FW",26-186,1.3,1,3,1,2,0,1,Tunisia
Ismaël Gharbi,MF,22-082,1.4,0,2,0,1,1,1,Tunisia
Mouhib Chamakh,GK,24-310,1.0,0,0,0,0,0,0,Tunisia
Hazem Mastouri,FW,29-013,1.0,2,2,0,1,1,0,Tunisia
Sebastian Tounekti,FW,23-353,0.9,1,0,0,3,0,0,Tunisia
Dylan Bronn,DF,31-012,0.5,1,0,0,0,1,0,Tunisia
Firas Chaouat,FW,30-054,0.5,1,2,3,0,0,0,Tunisia
Elias Achouri,"FW,MF",27-141,0.5,0,1,1,0,0,2,Tunisia
Hadj Mahmoud,MF,26-068,0.5,2,0,0,0,0,2,Tunisia
Mortadha Ben Ouanes,"DF,MF",31-364,0.3,0,1,0,0,0,0,Tunisia
Uğurcan Çakır,GK,30-087,3.0,0,0,0,0,0,0,Turkey
Arda Güler,MF,21-126,3.0,3,10,2,14,2,3,Turkey
Abdülkerim Bardakcı,DF,31-297,2.9,1,3,0,7,2,5,Turkey
Kenan Yıldız,MF,21-058,2.4,2,4,0,6,1,2,Turkey
Hakan Çalhanoğlu,MF,32-143,2.0,2,1,0,10,1,3,Turkey
Merih Demiral,DF,28-118,2.0,2,1,3,1,1,1,Turkey
Barış Alper Yılmaz,"MF,FW",26-039,2.0,4,1,2,15,0,0,Turkey
Zeki Çelik,DF,29-134,1.8,1,0,0,1,1,3,Turkey
Ferdi Kadioglu,DF,26-267,1.8,0,3,0,4,1,2,Turkey
Orkun Kökçü,MF,25-184,1.7,2,4,0,6,0,1,Turkey
İsmail Yüksek,MF,27-156,1.5,2,0,0,0,2,5,Turkey
Kerem Aktürkoğlu,FW,27-253,1.4,0,2,0,1,0,1,Turkey
Eren Elmalı,DF,25-359,1.2,2,1,0,1,2,1,Turkey
Mert Müldür,DF,27-089,1.1,1,2,0,6,1,2,Turkey
Salih Özcan,MF,28-171,1.1,2,2,0,1,4,1,Turkey
Ozan Kabak,DF,26-098,1.0,3,0,0,1,0,2,Turkey
Oğuz Aydın,DF,25-247,1.0,0,2,0,3,0,6,Turkey
Yunus Akgün,MF,25-359,1.0,2,1,0,2,0,0,Turkey
Can Uzun,MF,20-232,0.4,0,1,0,0,0,0,Turkey
Deniz Gül,FW,21-364,0.4,2,0,0,0,0,0,Turkey
Çağlar Söyüncü,DF,30-039,0.1,0,0,0,0,0,0,Turkey
Kaan Ayhan,"DF,MF",31-233,0.0,0,0,0,0,0,0,Turkey
İrfan Can Kahveci,MF,30-351,0.0,0,0,0,0,0,1,Turkey
Weston McKennie,MF,27-311,3.9,6,1,0,10,6,7,United States
Alex Freeman,DF,21-330,3.2,1,1,0,1,5,3,United States
Tyler Adams,MF,27-141,3.0,4,5,0,0,8,4,United States
Matt Freese,GK,27-306,3.0,0,2,0,0,0,0,United States
Tim Ream,DF,38-273,3.0,0,2,0,0,4,1,United States
Chris Richards,DF,26-099,3.0,7,3,0,0,4,3,United States
Malik Tillman,MF,24-038,3.0,1,9,0,14,3,5,United States
Antonee Robinson,"DF,MF",28-331,2.9,2,1,0,14,4,1,United States
Sergiño Dest,MF,25-244,2.8,1,4,0,3,5,1,United States
Folarin Balogun,FW,25-002,2.5,3,7,3,0,1,0,United States
Ricardo Pepi,FW,23-177,2.1,5,2,2,0,1,0,United States
Christian Pulisic,MF,27-290,1.8,1,8,2,3,0,1,United States
Sebastian Berhalter,MF,25-056,1.7,3,5,0,9,3,0,United States
Auston Trusty,DF,27-327,1.1,2,0,0,2,4,1,United States
Mark McKenzie,DF,27-130,1.0,1,1,0,0,1,1,United States
Miles Robinson,DF,29-113,1.0,2,0,0,0,1,1,United States
Matt Turner,GK,32-011,1.0,0,0,0,0,0,0,United States
Joe Scally,DF,23-186,1.0,0,2,1,4,1,1,United States
Gio Reyna,MF,23-234,1.0,1,3,0,1,0,0,United States
Brenden Aaronson,MF,25-256,0.8,2,1,0,1,0,1,United States
Timothy Weah,MF,26-133,0.8,2,0,2,0,0,0,United States
Alejandro Zendejas,"FW,MF",28-148,0.2,1,0,0,1,0,1,United States
Haji Wright,"FW,MF",28-100,0.0,0,0,1,0,0,0,United States
Rodrigo Bentancur,MF,29-006,3.0,7,5,0,4,7,5,Uruguay
Sebastián Cáceres,DF,26-317,3.0,2,2,0,1,2,1,Uruguay
Mathías Olivera,DF,28-243,3.0,3,0,0,5,2,4,Uruguay
Guillermo Varela,DF,33-099,3.0,1,1,0,9,7,1,Uruguay
Maxi Araújo,"FW,MF",26-136,2.8,2,7,6,18,0,0,Uruguay
Federico Valverde,MF,27-344,2.6,1,0,0,11,3,2,Uruguay
Fernando Muslera,GK,40-015,2.5,0,0,0,0,0,0,Uruguay
Manuel Ugarte,MF,25-081,2.0,1,0,0,0,3,1,Uruguay
Agustín Canobbio,FW,27-273,2.5,7,5,1,8,2,3,Uruguay
Juan Manuel Sanabria,DF,26-094,2.3,1,0,1,15,1,4,Uruguay
Federico Viñas,FW,28-001,2.1,3,3,3,0,1,2,Uruguay
Darwin Núñez,FW,27-007,1.7,1,1,2,1,2,1,Uruguay
Matías Viña,DF,28-234,0.5,0,1,1,2,0,0,Uruguay
Nicolás De La Cruz,MF,29-030,1.0,2,3,0,5,2,1,Uruguay
Sergio Rochet,GK,33-100,0.5,0,0,0,0,0,0,Uruguay
Brian Rodríguez,"FW,MF",26-042,0.5,0,1,0,13,0,0,Uruguay
Rodrigo Aguirre,FW,31-273,0.0,0,0,0,0,0,0,Uruguay
Abdukodir Khusanov,DF,22-122,3.0,6,0,0,0,5,3,Uzbekistan
Eldor Shomurodov,FW,31-002,3.0,8,4,1,1,0,4,Uzbekistan
Rustam Ashurmatov,DF,29-359,2.8,1,0,0,0,7,2,Uzbekistan
Otabek Shukurov,MF,30-009,2.6,2,5,0,1,0,2,Uzbekistan
Abbosbek Fayzullayev,MF,22-271,2.4,6,4,0,10,1,6,Uzbekistan
Sherzod Nasrullaev,"DF,MF",27-343,2.0,3,2,0,3,2,2,Uzbekistan
Akmal Mozgovoy,MF,27-090,2.4,0,3,0,0,2,0,Uzbekistan
Abdulla Abdullaev,DF,28-303,2.0,5,1,0,0,3,2,Uzbekistan
Abduvohid Nematov,GK,25-103,2.0,0,0,0,0,0,0,Uzbekistan
Bekhruz Karimov,DF,18-328,2.0,8,4,0,2,3,5,Uzbekistan
Khojiakbar Alijonov,MF,29-073,1.5,2,1,0,5,5,2,Uzbekistan
Aziz Gʻaniyev,MF,28-129,1.4,2,1,0,6,0,6,Uzbekistan
Dostonbek Khamdamov,MF,29-342,1.1,1,0,1,5,2,4,Uzbekistan
Jakhongir Urozov,DF,22-164,1.1,0,0,0,0,1,0,Uzbekistan
Utkir Yusupov,GK,35-178,1.0,0,1,0,0,0,0,Uzbekistan
Odiljon Hamrobekov,MF,30-138,0.9,1,1,0,0,0,0,Uzbekistan
Oston Urunov,MF,25-194,0.7,0,0,0,0,1,0,Uzbekistan
Farrukh Sayfiev,"DF,MF",35-165,0.5,0,2,0,2,0,0,Uzbekistan
Igor Sergeev,FW,33-062,0.3,0,0,1,0,0,0,Uzbekistan
Azizbek Amonov,FW,28-244,0.2,0,0,0,1,0,0,Uzbekistan
Jamshid Iskanderov,"FW,MF",32-258,0.1,0,0,0,1,0,0,Uzbekistan
Sherzod Esanov,MF,23-150,0.0,0,0,0,0,1,0,Uzbekistan
Ruslanbek Jiyanov,FW,25-026,0.0,0,0,0,0,0,1,Uzbekistan
