Player;Pos;Age;MP;Starts;Min;90s;Gls;Ast;CrdY;CrdR;Gls_p90;Ast_p90;Country;Pos_sh;Age_sh;90s_sh;Sh;SoT;SoT_pct;Sh_p90;SoT_p90;G_per_Sh;G_per_SoT;Pos_misc;Age_misc;90s_misc;Fls;Fld;Off;Crs;Int;TklW;Pos_gk;Age_gk;MP_gk;Starts_gk;Min_gk;90s_gk;GA;GA90;SoTA;Saves;Save_pct;CS;CS_pct;match_name;Player_tm;Height;Foot;International matches;Goals;TM_Position;Pos_tm;Value_M;Age_tm;n_ast;n_tkl;n_int;n_fls;n_val;n_age;Score
Pedro Vite;MF;24-114;4,0;4;360,0;4,0;0,0;1,0;0,0;0,0;0,0;0,25;Ecuador;MF;24-114;4,0;4,0;1,0;25,0;1,0;0,25;0,0;0,0;MF;24-114;4,0;2,0;5,0;0,0;6,0;5,0;11,0;;;;;;;;;;;;;;pedro vite;Pedro Vite;1,72m;left;21,0;1;Central Midfield;MF;6,0;24;16,89;91,67;45,45;84,62;96,13;69,57;74,9
Nathan Saliba;MF;22-144;3,0;2;182,0;2,0;1,0;2,0;1,0;0,0;0,49;0,99;Canada;MF;22-144;2,0;3,0;1,0;33,3;1,48;0,49;0,33;1,0;MF;22-144;2,0;5,0;2,0;0,0;2,0;4,0;4,0;;;;;;;;;;;;;;nathan dylan saliba;Nathan-Dylan Saliba;1,74m;right;18,0;3;Central Midfield;MF;7,5;22;66,89;33,33;36,36;61,54;95,13;78,26;72,7
Paul Okon-Engstler;MF;21-162;4,0;2;197,0;2,2;0,0;1,0;0,0;0,0;0,0;0,46;Australia;MF;21-162;2,2;0,0;0,0;;0,0;0,0;;;MF;21-162;2,2;3,0;2,0;0,0;2,0;5,0;2,0;;;;;;;;;;;;;;paul okon engstler;Paul Okon-Engstler;1,85m;left;9,0;0;Defensive Midfield;MF;1,2;21;31,08;16,67;45,45;76,92;99,33;82,61;72,4
Livano Comenencia;MF;22-148;3,0;3;233,0;2,6;1,0;0,0;1,0;0,0;0,39;0,0;Curaçao;MF;22-148;2,6;5,0;2,0;40,0;1,93;0,77;0,2;0,5;MF;22-148;2,6;4,0;1,0;0,0;1,0;11,0;1,0;;;;;;;;;;;;;;livano comenencia;Livano Comenencia;1,85m;right;22,0;3;Right-Back;DF;0,5;22;0,0;8,33;100,0;69,23;99,8;78,26;72,3
Alexandr Sojka;MF;23-090;3,0;2;141,0;1,6;0,0;1,0;0,0;0,0;0,0;0,64;Czechia;MF,DF;23-090;1,6;0,0;0,0;;0,0;0,0;;;MF,DF;23-090;1,6;0,0;2,0;0,0;6,0;2,0;1,0;;;;;;;;;;;;;;alexandr sojka;Alexandr Sojka;1,88m;left;5,0;0;Central Midfield;MF;2,3;23;43,24;8,33;18,18;100,0;98,6;73,91;70,0
Gilberto Mora;MF;17-260;3,0;2;153,0;1,7;0,0;0,0;0,0;0,0;0,0;0,0;Mexico;MF;17-260;1,7;4,0;0,0;0,0;2,35;0,0;0,0;;MF;17-260;1,7;1,0;3,0;0,0;3,0;2,0;1,0;;;;;;;;;;;;;;gilberto mora;Gilberto Mora;1,75m;right;11,0;0;Attacking Midfield;MF;10,0;17;0,0;8,33;18,18;92,31;93,46;100,0;69,6
Matías Galarza;MF;24-140;3,0;3;298,0;3,3;1,0;1,0;2,0;0,0;0,3;0,3;Paraguay;MF;24-140;3,3;2,0;1,0;50,0;0,6;0,3;0,5;1,0;MF;24-140;3,3;7,0;6,0;0,0;4,0;4,0;9,0;;;;;;;;;;;;;;matias galarza;Matías Galarza;1,75m;left;18,0;4;Central Midfield;MF;3,0;24;20,27;75,0;36,36;46,15;98,13;69,57;69,5
Christ Inao Oulaï;MF;20-086;4,0;2;208,0;2,3;0,0;0,0;0,0;0,0;0,0;0,0;Ivory Coast;MF;20-086;2,3;2,0;0,0;0,0;0,87;0,0;0,0;;MF;20-086;2,3;3,0;5,0;0,0;0,0;6,0;4,0;;;;;;;;;;;;;;christ inao oulai;Christ Inao Oulaï;1,73m;right;13,0;0;Central Midfield;MF;23,0;20;0,0;33,33;54,55;76,92;84,78;86,96;67,9
Ivan Bašić;MF;24-066;3,0;2;179,0;2,0;0,0;1,0;0,0;0,0;0,0;0,5;Bosnia and Herzegovina;MF;24-066;2,0;4,0;0,0;0,0;2,01;0,0;0,0;;MF;24-066;2,0;2,0;3,0;0,0;12,0;3,0;1,0;;;;;;;;;;;;;;ivan basic;Ivan Basic;1,78m;left;20,0;0;Central Midfield;MF;1,5;24;33,78;8,33;27,27;84,62;99,13;69,57;67,5
Damián Bobadilla;MF;24-355;4,0;2;189,0;2,1;0,0;0,0;0,0;0,0;0,0;0,0;Paraguay;MF;24-355;2,1;0,0;0,0;;0,0;0,0;;;MF;24-355;2,1;1,0;1,0;0,0;1,0;5,0;3,0;;;;;;;;;;;;;;damian bobadilla;Damián Bobadilla;1,80m;right;23,0;1;Central Midfield;MF;6,0;24;0,0;25,0;45,45;92,31;96,13;69,57;67,3
Benjamin Tahirovic;MF;23-124;4,0;2;237,0;2,6;0,0;0,0;0,0;0,0;0,0;0,0;Bosnia and Herzegovina;MF;23-124;2,6;1,0;0,0;0,0;0,38;0,0;0,0;;MF;23-124;2,6;3,0;2,0;0,0;2,0;4,0;4,0;;;;;;;;;;;;;;benjamin tahirovic;Benjamin Tahirović;1,91m;right;31,0;2;Central Midfield;MF;4,5;23;0,0;33,33;36,36;76,92;97,13;73,91;67,1
Deroy Duarte;MF;27-001;4,0;2;264,0;2,9;1,0;0,0;0,0;0,0;0,34;0,0;Cape Verde;MF;27-001;2,9;3,0;2,0;66,7;1,02;0,68;0,33;0,5;MF;27-001;2,9;4,0;1,0;0,0;1,0;6,0;5,0;;;;;;;;;;;;;;deroy duarte;Deroy Duarte;1,77m;right;34,0;0;Central Midfield;MF;1,8;26;0,0;41,67;54,55;69,23;98,93;60,87;66,4
Noor Al Rawabdeh;MF;29-127;3,0;3;270,0;3,0;0,0;1,0;0,0;0,0;0,0;0,33;Jordan;MF;29-127;3,0;1,0;0,0;0,0;0,33;0,0;0,0;;MF;29-127;3,0;1,0;0,0;0,0;0,0;2,0;7,0;;;;;;;;;;;;;;noor al rawabdeh;Noor Al-Rawabdeh;1,82m;right;61,0;3;Central Midfield;MF;0,5;29;22,3;58,33;18,18;92,31;99,8;47,83;66,0
Esmir Bajraktarevic;MF;21-117;4,0;2;230,0;2,6;0,0;0,0;0,0;0,0;0,0;0,0;Bosnia and Herzegovina;MF;21-117;2,6;3,0;2,0;66,7;1,17;0,78;0,0;0,0;MF;21-117;2,6;1,0;2,0;0,0;8,0;3,0;0,0;;;;;;;;;;;;;;esmir bajraktarevic;Esmir Bajraktarevic;1,75m;left;19,0;1;Right Winger;FW;8,0;21;0,0;0,0;27,27;92,31;94,79;82,61;65,8
Hannibal Mejbri;MF;23-161;3,0;3;270,0;3,0;0,0;2,0;0,0;0,0;0,0;0,67;Tunisia;MF;23-161;3,0;3,0;1,0;33,3;1,0;0,33;0,0;0,0;MF;23-161;3,0;4,0;15,0;0,0;10,0;1,0;4,0;;;;;;;;;;;;;;hannibal;Hannibal;1,77m;right;48,0;1;Attacking Midfield;MF;15,0;23;45,27;33,33;9,09;69,23;90,12;73,91;65,7
Connor Metcalfe;MF;26-242;4,0;3;315,0;3,5;1,0;0,0;0,0;0,0;0,29;0,0;Australia;MF;26-242;3,5;5,0;2,0;40,0;1,43;0,57;0,2;0,5;MF;26-242;3,5;1,0;0,0;0,0;8,0;2,0;5,0;;;;;;;;;;;;;;connor metcalfe;Connor Metcalfe;1,83m;left;39,0;2;Central Midfield;MF;1,5;26;0,0;41,67;18,18;92,31;99,13;60,87;65,1
Zidane Iqbal;MF;23-065;3,0;2;188,0;2,1;0,0;0,0;0,0;0,0;0,0;0,0;Iraq;MF;23-065;2,1;0,0;0,0;;0,0;0,0;;;MF;23-065;2,1;1,0;2,0;0,0;2,0;1,0;2,0;;;;;;;;;;;;;;zidane iqbal;Zidane Iqbal;1,81m;right;28,0;2;Central Midfield;MF;1,0;23;0,0;16,67;9,09;92,31;99,47;73,91;65,1
Mohammed Abu Al-Shamat;MF;23-324;;1;136,0;1,5;0,0;0,0;0,0;0,0;0,0;0,0;Saudi Arabia;MF;23-324;1,5;1,0;1,0;100,0;0,66;0,66;0,0;0,0;MF;23-324;1,5;2,0;1,0;0,0;3,0;1,0;3,0;;;;;;;;;;;;;;mohammed abu al shamat;Mohammed Abu Al-Shamat;1,70m;right;10,0;0;Right-Back;DF;1,8;23;0,0;25,0;9,09;84,62;98,93;73,91;65,0
Musab Al Juwayr;MF;23-011;;2;152,0;1,7;0,0;0,0;0,0;0,0;0,0;0,0;Saudi Arabia;MF,FW;23-011;1,7;0,0;0,0;;0,0;0,0;;;MF,FW;23-011;1,7;1,0;1,0;2,0;7,0;1,0;3,0;;;;;;;;;;;;;;musab al juwayr;Musab Al-Juwayr;1,75m;right;39,0;6;Central Midfield;MF;6,0;23;0,0;25,0;9,09;92,31;96,13;73,91;64,8
Fares Chaïbi;MF;23-218;4,0;4;360,0;4,0;0,0;0,0;1,0;0,0;0,0;0,0;Algeria;MF;23-218;4,0;9,0;3,0;33,3;2,25;0,75;0,0;0,0;MF;23-218;4,0;3,0;2,0;1,0;6,0;3,0;5,0;;;;;;;;;;;;;;fares chaibi;Farès Chaïbi;1,83m;right;33,0;3;Attacking Midfield;MF;15,0;23;0,0;41,67;27,27;76,92;90,12;73,91;64,6
Oswin Appollis;MF;24-310;4,0;3;255,0;2,8;0,0;0,0;0,0;0,0;0,0;0,0;South Africa;MF,FW;24-310;2,8;4,0;1,0;25,0;1,41;0,35;0,0;0,0;MF,FW;24-310;2,8;1,0;2,0;0,0;8,0;1,0;3,0;;;;;;;;;;;;;;oswin appollis;Oswin Appollis;1,71m;right;30,0;8;Left Winger;FW;2,5;24;0,0;25,0;9,09;92,31;98,46;69,57;64,5
Relebohile Mofokeng;MF;21-251;3,0;2;169,0;1,9;0,0;0,0;0,0;0,0;0,0;0,0;South Africa;MF;21-251;1,9;3,0;1,0;33,3;1,6;0,53;0,0;0,0;MF;21-251;1,9;3,0;2,0;0,0;2,0;0,0;2,0;;;;;;;;;;;;;;relebohile mofokeng;Relebohile Mofokeng;1,68m;right;16,0;0;Left Winger;FW;3,0;21;0,0;16,67;0,0;76,92;98,13;82,61;64,4
Diego Gómez;MF;23-096;3,0;3;234,0;2,6;0,0;0,0;2,0;0,0;0,0;0,0;Paraguay;MF;23-096;2,6;5,0;0,0;0,0;1,92;0,0;0,0;;MF;23-096;2,6;4,0;1,0;0,0;1,0;7,0;4,0;;;;;;;;;;;;;;diego gomez;Diego Gómez;1,83m;right;27,0;3;Central Midfield;MF;25,0;23;0,0;33,33;63,64;69,23;83,44;73,91;64,3
Ngal'Ayel Mukau;MF;21-244;;3;195,0;2,2;0,0;0,0;0,0;0,0;0,0;0,0;DR Congo;MF;21-244;2,2;1,0;0,0;0,0;0,46;0,0;0,0;;MF;21-244;2,2;3,0;4,0;1,0;0,0;3,0;2,0;;;;;;;;;;;;;;ngalayel mukau;Ngal'ayel Mukau;1,86m;left;17,0;0;Defensive Midfield;MF;15,0;21;0,0;16,67;27,27;76,92;90,12;82,61;64,3
Abbosbek Fayzullayev;MF;22-271;3,0;3;220,0;2,4;1,0;0,0;0,0;0,0;0,41;0,0;Uzbekistan;MF;22-271;2,4;3,0;2,0;66,7;1,23;0,82;0,33;0,5;MF;22-271;2,4;6,0;4,0;0,0;10,0;1,0;6,0;;;;;;;;;;;;;;abbosbek fayzullaev;Abbosbek Fayzullaev;1,67m;right;35,0;9;Right Winger;FW;7,0;22;0,0;50,0;9,09;53,85;95,46;78,26;64,3
John Yeboah;MF;26-008;4,0;4;311,0;3,5;0,0;0,0;0,0;0,0;0,0;0,0;Ecuador;MF;26-008;3,5;8,0;3,0;37,5;2,32;0,87;0,0;0,0;MF;26-008;3,5;0,0;4,0;0,0;11,0;3,0;3,0;;;;;;;;;;;;;;john yeboah;John Yeboah;1,70m;left;27,0;3;Second Striker;FW;5,5;26;0,0;25,0;27,27;100,0;96,46;60,87;64,2
Mohanad Lasheen;MF;30-037;3,0;3;270,0;3,0;0,0;0,0;2,0;0,0;0,0;0,0;Egypt;MF;30-037;3,0;2,0;0,0;0,0;0,67;0,0;0,0;;MF;30-037;3,0;4,0;3,0;0,0;1,0;4,0;10,0;;;;;;;;;;;;;;mohanad lasheen;Mohanad Lasheen;1,80m;right;26,0;0;Defensive Midfield;MF;3,0;30;0,0;83,33;36,36;69,23;98,13;43,48;64,1
Thapelo Maseko;MF;22-232;3,0;3;242,0;2,7;1,0;0,0;0,0;0,0;0,37;0,0;South Africa;MF,FW;22-232;2,7;8,0;1,0;12,5;2,98;0,37;0,13;1,0;MF,FW;22-232;2,7;4,0;10,0;0,0;2,0;2,0;1,0;;;;;;;;;;;;;;thapelo maseko;Thapelo Maseko;1,78m;left;10,0;2;Right Winger;FW;0,75;22;0,0;8,33;18,18;69,23;99,63;78,26;64,0
Sphephelo Sithole;MF;27-120;3,0;3;229,0;2,5;0,0;0,0;0,0;1,0;0,0;0,0;South Africa;MF;27-120;2,5;0,0;0,0;;0,0;0,0;;;MF;27-120;2,5;5,0;1,0;0,0;0,0;5,0;5,0;;;;;;;;;;;;;;yaya sithole;Yaya Sithole;1,86m;right;31,0;1;Central Midfield;MF;0,6;27;0,0;41,67;45,45;61,54;99,73;56,52;63,9
Anis Ben Slimane;MF;25-107;3,0;3;240,0;2,7;0,0;0,0;0,0;0,0;0,0;0,0;Tunisia;MF,FW;25-107;2,7;1,0;1,0;100,0;0,37;0,37;0,0;0,0;MF,FW;25-107;2,7;0,0;0,0;2,0;6,0;2,0;2,0;;;;;;;;;;;;;;anis ben slimane;Anis Ben Slimane;1,88m;both;44,0;4;Attacking Midfield;MF;4,0;25;0,0;16,67;18,18;100,0;97,46;65,22;63,9
Malik Tillman;MF;24-038;;3;266,0;3,0;1,0;1,0;0,0;0,0;0,34;0,34;United States;MF;24-038;3,0;7,0;3,0;42,9;2,37;1,02;0,14;0,33;MF;24-038;3,0;1,0;9,0;0,0;14,0;3,0;5,0;;;;;;;;;;;;;;malik tillman;Malik Tillman;1,87m;right;33,0;3;Attacking Midfield;MF;30,0;24;22,97;41,67;27,27;92,31;80,11;69,57;63,9
Sebastian Berhalter;MF;25-056;;1;155,0;1,7;1,0;1,0;1,0;0,0;0,58;0,58;United States;MF;25-056;1,7;2,0;1,0;50,0;1,16;0,58;0,5;1,0;MF;25-056;1,7;3,0;5,0;0,0;9,0;3,0;0,0;;;;;;;;;;;;;;sebastian berhalter;Sebastian Berhalter;1,75m;right;16,0;2;Central Midfield;MF;8,0;25;39,19;0,0;27,27;76,92;94,79;65,22;63,8
Ibrahim Sangaré;MF;28-211;4,0;3;268,0;3,0;0,0;1,0;0,0;0,0;0,0;0,34;Ivory Coast;MF;28-211;3,0;1,0;0,0;0,0;0,34;0,0;0,0;;MF;28-211;3,0;2,0;4,0;0,0;0,0;6,0;5,0;;;;;;;;;;;;;;ibrahim sangare;Ibrahim Sangaré;1,91m;right;58,0;11;Defensive Midfield;MF;20,0;28;22,97;41,67;54,55;84,62;86,78;52,17;63,8
Akmal Mozgovoy;MF;27-090;3,0;2;216,0;2,4;0,0;1,0;0,0;0,0;0,0;0,42;Uzbekistan;MF;27-090;2,4;1,0;0,0;0,0;0,42;0,0;0,0;;MF;27-090;2,4;0,0;3,0;0,0;0,0;2,0;0,0;;;;;;;;;;;;;;akmal mozgovoy;Akmal Mozgovoy;1,80m;right;28,0;1;Central Midfield;MF;1,4;27;28,38;0,0;18,18;100,0;99,2;56,52;63,5
Danley Jean-Jacques;MF;26-042;;3;259,0;2,9;0,0;0,0;1,0;0,0;0,0;0,0;Haiti;MF;26-042;2,9;0,0;0,0;;0,0;0,0;;;MF;26-042;2,9;5,0;3,0;0,0;1,0;3,0;6,0;;;;;;;;;;;;;;danley jean jacques;Danley Jean Jacques;1,82m;right;33,0;6;Defensive Midfield;MF;3,0;26;0,0;50,0;27,27;61,54;98,13;60,87;63,4
Patrick Berg;MF;28-219;4,0;2;235,0;2,6;0,0;2,0;1,0;0,0;0,0;0,77;Norway;MF;28-219;2,6;1,0;0,0;0,0;0,38;0,0;0,0;;MF;28-219;2,6;3,0;0,0;0,0;7,0;2,0;3,0;;;;;;;;;;;;;;patrick berg;Patrick Berg;1,78m;right;47,0;0;Defensive Midfield;MF;8,0;28;52,03;25,0;18,18;76,92;94,79;52,17;63,4
Houssem Aouar;MF;28-004;3,0;2;173,0;1,9;0,0;2,0;0,0;0,0;0,0;1,04;Algeria;MF;28-004;1,9;3,0;1,0;33,3;1,56;0,52;0,0;0,0;MF;28-004;1,9;1,0;2,0;0,0;0,0;0,0;1,0;;;;;;;;;;;;;;houssem aouar;Houssem Aouar;1,75m;right;23,0;6;Attacking Midfield;MF;8,0;28;70,27;8,33;0,0;92,31;94,79;52,17;63,3
Marko Stamenic;MF;24-132;3,0;3;269,0;3,0;0,0;0,0;1,0;0,0;0,0;0,0;New Zealand;MF;24-132;3,0;3,0;0,0;0,0;1,0;0,0;0,0;;MF;24-132;3,0;4,0;0,0;0,0;1,0;4,0;1,0;;;;;;;;;;;;;;marko stamenic;Marko Stamenić;1,88m;right;42,0;3;Central Midfield;MF;3,0;24;0,0;8,33;36,36;69,23;98,13;69,57;63,1
Thalente Mbatha;MF;26-107;4,0;2;260,0;2,9;0,0;0,0;1,0;0,0;0,0;0,0;South Africa;MF;26-107;2,9;4,0;1,0;25,0;1,38;0,35;0,0;0,0;MF;26-107;2,9;4,0;0,0;0,0;4,0;5,0;2,0;;;;;;;;;;;;;;thalente mbatha;Thalente Mbatha;1,79m;right;19,0;3;Central Midfield;MF;2,0;26;0,0;16,67;45,45;69,23;98,8;60,87;62,9
Jordy Bos;MF;23-249;4,0;4;308,0;3,4;0,0;0,0;1,0;0,0;0,0;0,0;Australia;MF,DF;23-249;3,4;5,0;2,0;40,0;1,46;0,58;0,0;0,0;MF,DF;23-249;3,4;4,0;4,0;0,0;8,0;3,0;3,0;;;;;;;;;;;;;;jordan bos;Jordan Bos;1,80m;left;30,0;4;Left-Back;DF;12,0;23;0,0;25,0;27,27;69,23;92,12;73,91;62,9
Ibrahim Mbaye;MF;18-162;4,0;1;157,0;1,7;1,0;0,0;0,0;0,0;0,57;0,0;Senegal;MF;18-162;1,7;4,0;1,0;25,0;2,29;0,57;0,25;1,0;MF;18-162;1,7;0,0;2,0;0,0;9,0;1,0;0,0;;;;;;;;;;;;;;ibrahim mbaye;Ibrahim Mbaye;1,75m;right;14,0;4;Right Winger;FW;30,0;18;0,0;0,0;9,09;100,0;80,11;95,65;62,9
Caleb Yirenkyi;MF;20-171;4,0;3;264,0;2,9;1,0;0,0;2,0;0,0;0,34;0,0;Ghana;MF;20-171;2,9;2,0;1,0;50,0;0,68;0,34;0,5;1,0;MF;20-171;2,9;7,0;3,0;0,0;1,0;3,0;1,0;;;;;;;;;;;;;;caleb yirenkyi;Caleb Yirenkyi;1,82m;right;14,0;2;Central Midfield;MF;10,0;20;0,0;8,33;27,27;46,15;93,46;86,96;62,6
Lewis Ferguson;MF;26-311;3,0;3;270,0;3,0;0,0;0,0;0,0;0,0;0,0;0,0;Scotland;MF;26-311;3,0;2,0;1,0;50,0;0,67;0,33;0,0;0,0;MF;26-311;3,0;5,0;10,0;0,0;9,0;4,0;7,0;;;;;;;;;;;;;;lewis ferguson;Lewis Ferguson;1,81m;right;27,0;1;Central Midfield;MF;14,0;26;0,0;58,33;36,36;61,54;90,79;60,87;62,6
Erik Lira;MF;26-054;3,0;3;255,0;2,8;0,0;1,0;0,0;0,0;0,0;0,35;Mexico;MF;26-054;2,8;0,0;0,0;;0,0;0,0;;;MF;26-054;2,8;2,0;3,0;0,0;0,0;2,0;3,0;;;;;;;;;;;;;;erik lira;Érik Lira;1,72m;right;28,0;0;Defensive Midfield;MF;12,0;26;23,65;25,0;18,18;84,62;92,12;60,87;62,6
Xaver Schlager;MF;28-280;4,0;4;238,0;2,6;0,0;1,0;0,0;0,0;0,0;0,38;Austria;MF;28-280;2,6;1,0;0,0;0,0;0,38;0,0;0,0;;MF;28-280;2,6;6,0;0,0;0,0;1,0;7,0;3,0;;;;;;;;;;;;;;xaver schlager;Xaver Schlager;1,74m;left;54,0;4;Central Midfield;MF;10,0;28;25,68;25,0;63,64;53,85;93,46;52,17;62,6
Kerim Alajbegović;MF;18-287;4,0;3;277,0;3,1;1,0;0,0;0,0;0,0;0,32;0,0;Bosnia and Herzegovina;MF;18-287;3,1;4,0;1,0;25,0;1,3;0,32;0,25;1,0;MF;18-287;3,1;4,0;6,0;1,0;15,0;2,0;0,0;;;;;;;;;;;;;;kerim alajbegovic;Kerim Alajbegovic;1,86m;both;13,0;2;Left Winger;FW;22,0;18;0,0;0,0;18,18;69,23;85,45;95,65;62,6
Nicolas Seiwald;MF;25-062;4,0;4;315,0;3,5;0,0;0,0;0,0;0,0;0,0;0,0;Austria;MF;25-062;3,5;3,0;0,0;0,0;0,86;0,0;0,0;;MF;25-062;3,5;1,0;1,0;0,0;3,0;4,0;5,0;;;;;;;;;;;;;;nicolas seiwald;Nicolas Seiwald;1,79m;right;50,0;1;Defensive Midfield;MF;25,0;25;0,0;41,67;36,36;92,31;83,44;65,22;62,5
Luis Romo;MF;31-026;3,0;3;204,0;2,3;1,0;1,0;0,0;0,0;0,44;0,44;Mexico;MF;31-026;2,3;2,0;1,0;50,0;0,88;0,44;0,5;1,0;MF;31-026;2,3;1,0;2,0;0,0;1,0;3,0;4,0;;;;;;;;;;;;;;luis romo;Luis Romo;1,83m;right;66,0;5;Centre-Back;DF;3,0;31;29,73;33,33;27,27;92,31;98,13;39,13;62,4
Cristian Volpato;MF;22-232;3,0;2;160,0;1,8;0,0;0,0;0,0;0,0;0,0;0,0;Australia;MF;22-232;1,8;4,0;1,0;25,0;2,25;0,56;0,0;0,0;MF;22-232;1,8;1,0;2,0;0,0;11,0;0,0;1,0;;;;;;;;;;;;;;cristian volpato;Cristian Volpato;1,87m;left;3,0;0;Attacking Midfield;MF;10,0;22;0,0;8,33;0,0;92,31;93,46;78,26;62,3
Hwang In-beom;MF;29-284;;3;263,0;2,9;1,0;1,0;0,0;0,0;0,34;0,34;South Korea;MF;29-284;2,9;4,0;2,0;50,0;1,37;0,68;0,25;0,5;MF;29-284;2,9;1,0;1,0;0,0;2,0;4,0;2,0;;;;;;;;;;;;;;in beom hwang;In-beom Hwang;1,77m;both;76,0;7;Defensive Midfield;MF;7,0;29;22,97;16,67;36,36;92,31;95,46;47,83;62,2
Keito Nakamura;MF;25-338;4,0;4;307,0;3,4;1,0;1,0;0,0;0,0;0,29;0,29;Japan;MF;25-338;3,4;5,0;2,0;40,0;1,47;0,59;0,2;0,5;MF;25-338;3,4;3,0;1,0;1,0;9,0;1,0;3,0;;;;;;;;;;;;;;keito nakamura;Keito Nakamura;1,80m;right;29,0;11;Left Winger;FW;10,0;25;19,59;25,0;9,09;76,92;93,46;65,22;62,1
Ibrahim Bayesh;MF;26-061;3,0;3;235,0;2,6;0,0;0,0;0,0;0,0;0,0;0,0;Iraq;MF,FW;26-061;2,6;1,0;0,0;0,0;0,38;0,0;0,0;;MF,FW;26-061;2,6;3,0;5,0;0,0;4,0;1,0;4,0;;;;;;;;;;;;;;ibrahim bayesh;Ibrahim Bayesh;1,77m;right;77,0;8;Right Winger;FW;0,8;26;0,0;33,33;9,09;76,92;99,6;60,87;62,0
Ali Ahmed;MF;25-264;3,0;2;157,0;1,7;0,0;0,0;0,0;0,0;0,0;0,0;Canada;MF;25-264;1,7;2,0;1,0;50,0;1,15;0,57;0,0;0,0;MF;25-264;1,7;0,0;3,0;0,0;11,0;2,0;0,0;;;;;;;;;;;;;;ali ahmed;Ali Ahmed;1,80m;right;27,0;1;Left Midfield;MF;5,0;25;0,0;0,0;18,18;100,0;96,8;65,22;62,0
Ben Gannon-Doak;MF;20-232;3,0;2;186,0;2,1;0,0;0,0;0,0;0,0;0,0;0,0;Scotland;MF;20-232;2,1;4,0;0,0;0,0;1,94;0,0;0,0;;MF;20-232;2,1;3,0;1,0;0,0;6,0;0,0;1,0;;;;;;;;;;;;;;ben gannon doak;Ben Gannon-Doak;1,73m;right;17,0;1;Right Winger;FW;15,0;20;0,0;8,33;0,0;76,92;90,12;86,96;61,8
Sergiño Dest;MF;25-244;;3;252,0;2,8;0,0;0,0;0,0;0,0;0,0;0,0;United States;MF;25-244;2,8;3,0;1,0;33,3;1,07;0,36;0,0;0,0;MF;25-244;2,8;1,0;4,0;0,0;3,0;5,0;1,0;;;;;;;;;;;;;;sergino dest;Sergiño Dest;1,73m;right;42,0;3;Right-Back;DF;18,0;25;0,0;8,33;45,45;92,31;88,12;65,22;61,8
Saeid Ezatolahi;MF;29-273;;3;264,0;2,9;0,0;0,0;2,0;0,0;0,0;0,0;Iran;MF;29-273;2,9;6,0;2,0;33,3;2,05;0,68;0,0;0,0;MF;29-273;2,9;7,0;4,0;0,0;0,0;7,0;5,0;;;;;;;;;;;;;;saeed ezatolahi;Saeed Ezatolahi;1,89m;right;85,0;2;Defensive Midfield;MF;1,8;29;0,0;41,67;63,64;46,15;98,93;47,83;61,7
Ruben Providence;MF;24-359;;3;220,0;2,4;0,0;0,0;0,0;0,0;0,0;0,0;Haiti;MF;24-359;2,4;4,0;1,0;25,0;1,64;0,41;0,0;0,0;MF;24-359;2,4;3,0;5,0;0,0;6,0;0,0;2,0;;;;;;;;;;;;;;ruben providence;Ruben Providence;1,78m;right;18,0;3;Left Winger;FW;0,3;24;0,0;16,67;0,0;76,92;99,93;69,57;61,7
Elijah Just;MF;26-061;3,0;3;264,0;2,9;3,0;0,0;1,0;0,0;1,02;0,0;New Zealand;MF;26-061;2,9;7,0;5,0;71,4;2,39;1,7;0,43;0,6;MF;26-061;2,9;3,0;2,0;0,0;2,0;2,0;3,0;;;;;;;;;;;;;;elijah just;Elijah Just;1,76m;left;47,0;12;Right Winger;FW;2,5;26;0,0;25,0;18,18;76,92;98,46;60,87;61,7
Nathanaël Mbuku;MF;24-111;;2;143,0;1,6;0,0;0,0;1,0;0,0;0,0;0,0;DR Congo;MF,FW;24-111;1,6;3,0;2,0;66,7;1,89;1,26;0,0;0,0;MF,FW;24-111;1,6;4,0;8,0;0,0;14,0;0,0;3,0;;;;;;;;;;;;;;nathanael mbuku;Nathanaël Mbuku;1,70m;left;21,0;2;Left Winger;FW;2,0;24;0,0;25,0;0,0;69,23;98,8;69,57;61,4
Gustavo Puerta;MF;22-347;4,0;4;349,0;3,9;0,0;1,0;1,0;0,0;0,0;0,26;Colombia;MF;22-347;3,9;12,0;4,0;33,3;3,09;1,03;0,0;0,0;MF;22-347;3,9;8,0;7,0;0,0;2,0;2,0;2,0;;;;;;;;;;;;;;gustavo puerta;Gustavo Puerta;1,73m;right;9,0;1;Central Midfield;MF;10,0;22;17,57;16,67;18,18;38,46;93,46;78,26;61,4
Joe Bell;MF;27-065;3,0;3;243,0;2,7;0,0;0,0;0,0;0,0;0,0;0,0;New Zealand;MF;27-065;2,7;1,0;0,0;0,0;0,37;0,0;0,0;;MF;27-065;2,7;3,0;0,0;0,0;0,0;4,0;2,0;;;;;;;;;;;;;;joe bell;Joe Bell;1,82m;right;35,0;1;Defensive Midfield;MF;3,5;27;0,0;16,67;36,36;76,92;97,8;56,52;61,4
Andrés Cubas;MF;30-040;4,0;4;390,0;4,3;0,0;0,0;1,0;0,0;0,0;0,0;Paraguay;MF;30-040;4,3;1,0;0,0;0,0;0,23;0,0;0,0;;MF;30-040;4,3;12,0;3,0;0,0;0,0;8,0;10,0;;;;;;;;;;;;;;andres cubas;Andrés Cubas;1,66m;right;37,0;0;Defensive Midfield;MF;4,5;30;0,0;83,33;72,73;7,69;97,13;43,48;61,2
Brian Gutiérrez;MF;23-014;3,0;2;168,0;1,9;0,0;0,0;1,0;0,0;0,0;0,0;Mexico;MF;23-014;1,9;5,0;0,0;0,0;2,68;0,0;0,0;;MF;23-014;1,9;4,0;2,0;0,0;2,0;2,0;1,0;;;;;;;;;;;;;;brian gutierrez;Brian Gutiérrez;1,78m;right;10,0;2;Attacking Midfield;MF;8,0;23;0,0;8,33;18,18;69,23;94,79;73,91;61,2
Paul Wanner;MF;20-194;4,0;2;234,0;2,6;0,0;0,0;0,0;0,0;0,0;0,0;Austria;MF;20-194;2,6;1,0;0,0;0,0;0,38;0,0;0,0;;MF;20-194;2,6;4,0;2,0;0,0;1,0;2,0;1,0;;;;;;;;;;;;;;paul wanner;Paul Wanner;1,85m;left;6,0;0;Central Midfield;MF;22,0;20;0,0;8,33;18,18;69,23;85,45;86,96;61,2
Nizar Al Rashdan;MF;27-100;3,0;3;255,0;2,8;1,0;0,0;0,0;0,0;0,35;0,0;Jordan;MF;27-100;2,8;2,0;1,0;50,0;0,71;0,35;0,5;1,0;MF;27-100;2,8;5,0;4,0;0,0;0,0;2,0;5,0;;;;;;;;;;;;;;nizar al rashdan;Nizar Al-Rashdan;1,83m;right;43,0;5;Defensive Midfield;MF;0,6;27;0,0;41,67;18,18;61,54;99,73;56,52;61,2
Noah Sadiki;MF;21-200;;2;259,0;2,9;0,0;0,0;2,0;0,0;0,0;0,0;DR Congo;MF;21-200;2,9;0,0;0,0;;0,0;0,0;;;MF;21-200;2,9;2,0;3,0;0,0;1,0;2,0;4,0;;;;;;;;;;;;;;noah sadiki;Noah Sadiki;1,65m;right;23,0;0;Central Midfield;MF;35,0;21;0,0;33,33;18,18;84,62;76,77;82,61;61,1
Teboho Mokoena;MF;29-158;3,0;3;270,0;3,0;1,0;0,0;2,0;0,0;0,33;0,0;South Africa;MF;29-158;3,0;4,0;2,0;50,0;1,33;0,67;0,0;0,0;MF;29-158;3,0;3,0;6,0;0,0;5,0;5,0;3,0;;;;;;;;;;;;;;teboho mokoena;Teboho Mokoena;1,77m;right;54,0;10;Defensive Midfield;MF;2,8;29;0,0;25,0;45,45;76,92;98,26;47,83;61,1
Elliot Stroud;MF;24-009;4,0;2;166,0;1,8;0,0;0,0;0,0;0,0;0,0;0,0;Sweden;MF;24-009;1,8;1,0;0,0;0,0;0,54;0,0;0,0;;MF;24-009;1,8;3,0;1,0;0,0;4,0;3,0;0,0;;;;;;;;;;;;;;elliot stroud;Elliot Stroud;1,85m;left;5,0;0;Left Midfield;MF;8,0;24;0,0;0,0;27,27;76,92;94,79;69,57;61,0
Juninho Bacuna;MF;28-328;3,0;3;254,0;2,8;0,0;0,0;2,0;0,0;0,0;0,0;Curaçao;MF;28-328;2,8;5,0;1,0;20,0;1,77;0,35;0,0;0,0;MF;28-328;2,8;6,0;3,0;0,0;5,0;5,0;4,0;;;;;;;;;;;;;;juninho bacuna;Juninho Bacuna;1,78m;right;52,0;14;Central Midfield;MF;1,7;28;0,0;33,33;45,45;53,85;99,0;52,17;61,0
Tyler Adams;MF;27-141;;3;270,0;3,0;0,0;0,0;1,0;0,0;0,0;0,0;United States;MF;27-141;3,0;0,0;0,0;;0,0;0,0;;;MF;27-141;3,0;4,0;5,0;0,0;0,0;8,0;4,0;;;;;;;;;;;;;;tyler adams;Tyler Adams;1,75m;right;56,0;2;Defensive Midfield;MF;25,0;27;0,0;33,33;72,73;69,23;83,44;56,52;60,9
Michal Sadílek;MF;27-031;3,0;2;183,0;2,0;1,0;0,0;0,0;0,0;0,49;0,0;Czechia;MF;27-031;2,0;7,0;3,0;42,9;3,44;1,48;0,14;0,33;MF;27-031;2,0;0,0;3,0;0,0;12,0;2,0;2,0;;;;;;;;;;;;;;michal sadilek;Michal Sadílek;1,69m;left;38,0;2;Central Midfield;MF;8,0;27;0,0;16,67;18,18;100,0;94,79;56,52;60,8
Neil El Aynaoui;MF;24-364;4,0;4;382,0;4,2;0,0;0,0;0,0;0,0;0,0;0,0;Morocco;MF;24-364;4,2;6,0;2,0;33,3;1,41;0,47;0,0;0,0;MF;24-364;4,2;11,0;7,0;0,0;0,0;6,0;8,0;;;;;;;;;;;;;;neil el aynaoui;Neil El Aynaoui;1,85m;right;20,0;2;Central Midfield;MF;23,0;24;0,0;66,67;54,55;15,38;84,78;69,57;60,7
Amar Memić;MF;25-166;4,0;2;224,0;2,5;0,0;0,0;0,0;0,0;0,0;0,0;Bosnia and Herzegovina;MF;25-166;2,5;3,0;1,0;33,3;1,21;0,4;0,0;0,0;MF;25-166;2,5;4,0;3,0;0,0;5,0;2,0;2,0;;;;;;;;;;;;;;amar memic;Amar Memić;1,76m;right;16,0;1;Right Midfield;MF;4,5;25;0,0;16,67;18,18;69,23;97,13;65,22;60,7
Amir Al Ammari;MF;28-339;3,0;3;247,0;2,7;0,0;1,0;2,0;0,0;0,0;0,36;Iraq;MF;28-339;2,7;0,0;0,0;;0,0;0,0;;;MF;28-339;2,7;3,0;0,0;0,0;8,0;2,0;1,0;;;;;;;;;;;;;;amir al ammari;Amir Al-Ammari;1,84m;left;53,0;3;Defensive Midfield;MF;1,0;28;24,32;8,33;18,18;76,92;99,47;52,17;60,6
Mauricio;MF;25-040;3,0;0;153,0;1,7;1,0;0,0;0,0;0,0;0,59;0,0;Paraguay;MF;25-040;1,7;3,0;3,0;100,0;1,76;1,76;0,33;0,33;MF;25-040;1,7;3,0;2,0;0,0;8,0;1,0;5,0;;;;;;;;;;;;;;mauricio;Mauricio;1,75m;left;6,0;1;Attacking Midfield;MF;15,0;25;0,0;41,67;9,09;76,92;90,12;65,22;60,6
Liam Millar;MF;26-277;3,0;2;162,0;1,8;0,0;0,0;1,0;0,0;0,0;0,0;Canada;MF;26-277;1,8;1,0;0,0;0,0;0,56;0,0;0,0;;MF;26-277;1,8;3,0;1,0;0,0;10,0;0,0;4,0;;;;;;;;;;;;;;liam millar;Liam Millar;1,81m;right;44,0;1;Left Winger;FW;3,0;26;0,0;33,33;0,0;76,92;98,13;60,87;60,6
Nasser Al-Dawsari;MF;27-194;;2;207,0;2,3;0,0;0,0;1,0;0,0;0,0;0,0;Saudi Arabia;MF;27-194;2,3;1,0;0,0;0,0;0,43;0,0;0,0;;MF;27-194;2,3;7,0;2,0;0,0;1,0;4,0;4,0;;;;;;;;;;;;;;nasser al dawsari;Nasser Al-Dawsari;1,78m;left;48,0;0;Central Midfield;MF;0,9;27;0,0;33,33;36,36;46,15;99,53;56,52;60,6
Kevin Pina;MF;29-159;4,0;4;349,0;3,9;1,0;0,0;1,0;0,0;0,26;0,0;Cape Verde;MF;29-159;3,9;5,0;1,0;20,0;1,29;0,26;0,2;1,0;MF;29-159;3,9;5,0;3,0;0,0;2,0;3,0;7,0;;;;;;;;;;;;;;kevin pina;Kevin Pina;1,77m;both;34,0;4;Defensive Midfield;MF;5,0;29;0,0;58,33;27,27;61,54;96,8;47,83;60,5
Aiden O'Neill;MF;28-001;4,0;4;360,0;4,0;0,0;0,0;0,0;0,0;0,0;0,0;Australia;MF;28-001;4,0;2,0;0,0;0,0;0,5;0,0;0,0;;MF;28-001;4,0;2,0;8,0;0,0;10,0;2,0;2,0;;;;;;;;;;;;;;aiden oneill;Aiden O'Neill;1,80m;right;34,0;0;Defensive Midfield;MF;3,0;27;0,0;16,67;18,18;84,62;98,13;56,52;60,4
Alexander Bernhardsson;MF;27-296;3,0;3;217,0;2,4;0,0;0,0;0,0;0,0;0,0;0,0;Sweden;MF;27-296;2,4;1,0;1,0;100,0;0,41;0,41;0,0;0,0;MF;27-296;2,4;2,0;4,0;0,0;3,0;2,0;2,0;;;;;;;;;;;;;;alexander bernhardsson;Alexander Bernhardsson;1,84m;left;14,0;0;Right Winger;FW;3,0;27;0,0;16,67;18,18;84,62;98,13;56,52;60,4
Thiago Almada;MF;25-070;4,0;3;211,0;2,3;0,0;0,0;0,0;0,0;0,0;0,0;Argentina;MF;25-070;2,3;2,0;0,0;0,0;0,85;0,0;0,0;;MF;25-070;2,3;1,0;2,0;2,0;0,0;0,0;4,0;;;;;;;;;;;;;;thiago almada;Thiago Almada;1,71m;right;19,0;5;Left Winger;FW;15,0;25;0,0;33,33;0,0;92,31;90,12;65,22;60,4
Ismaël Koné;MF;24-015;2,0;2;146,0;1,6;0,0;0,0;0,0;0,0;0,0;0,0;Canada;MF;24-015;1,6;2,0;0,0;0,0;1,23;0,0;0,0;;MF;24-015;1,6;1,0;3,0;0,0;3,0;3,0;2,0;;;;;;;;;;;;;;ismael kone;Ismaël Koné;1,88m;right;42,0;4;Central Midfield;MF;25,0;24;0,0;16,67;27,27;92,31;83,44;69,57;60,2
Ali Olwan;MF;26-097;3,0;3;268,0;3,0;1,0;0,0;0,0;0,0;0,34;0,0;Jordan;MF;26-097;3,0;6,0;3,0;50,0;2,01;1,01;0,17;0,33;MF;26-097;3,0;1,0;4,0;1,0;5,0;1,0;0,0;;;;;;;;;;;;;;ali olwan;Ali Olwan;1,82m;right;62,0;28;Centre-Forward;FW;0,8;26;0,0;0,0;9,09;92,31;99,6;60,87;60,2
Lukáš Červ;MF;25-082;2,0;2;163,0;1,8;0,0;0,0;0,0;0,0;0,0;0,0;Czechia;MF;25-082;1,8;3,0;2,0;66,7;1,66;1,1;0,0;0,0;MF;25-082;1,8;3,0;3,0;0,0;0,0;0,0;3,0;;;;;;;;;;;;;;lukas cerv;Lukas Cerv;1,82m;;19,0;2;Central Midfield;MF;6,0;25;0,0;25,0;0,0;76,92;96,13;65,22;60,1
İsmail Yüksek;MF;27-156;2,0;2;139,0;1,5;0,0;0,0;0,0;0,0;0,0;0,0;Turkey;MF;27-156;1,5;5,0;0,0;0,0;3,24;0,0;0,0;;MF;27-156;1,5;2,0;0,0;0,0;0,0;2,0;5,0;;;;;;;;;;;;;;ismail yuksek;İsmail Yüksek;1,83m;right;34,0;1;Defensive Midfield;MF;15,0;27;0,0;41,67;18,18;84,62;90,12;56,52;60,1
Lucas Bergvall;MF;20-149;4,0;1;181,0;2,0;0,0;1,0;1,0;0,0;0,0;0,5;Sweden;MF;20-149;2,0;2,0;0,0;0,0;0,99;0,0;0,0;;MF;20-149;2,0;7,0;4,0;0,0;3,0;2,0;2,0;;;;;;;;;;;;;;lucas bergvall;Lucas Bergvall;1,87m;right;14,0;0;Central Midfield;MF;35,0;20;33,78;16,67;18,18;46,15;76,77;86,96;60,1
Nicolas Raskin;MF;25-132;;1;163,0;1,8;0,0;1,0;0,0;0,0;0,0;0,55;Belgium;MF;25-132;1,8;1,0;0,0;0,0;0,55;0,0;0,0;;MF;25-132;1,8;4,0;0,0;0,0;3,0;0,0;1,0;;;;;;;;;;;;;;nicolas raskin;Nicolas Raskin;1,78m;right;16,0;2;Defensive Midfield;MF;12,0;25;37,16;8,33;0,0;69,23;92,12;65,22;60,0
Emam Ashour;MF;28-135;4,0;4;317,0;3,5;2,0;0,0;0,0;0,0;0,57;0,0;Egypt;MF;28-135;3,5;10,0;2,0;20,0;2,84;0,57;0,2;1,0;MF;28-135;3,5;2,0;11,0;0,0;4,0;3,0;2,0;;;;;;;;;;;;;;emam ashour;Emam Ashour;1,80m;right;32,0;1;Central Midfield;MF;4,0;28;0,0;16,67;27,27;84,62;97,46;52,17;60,0
Issa Laye;MF;28-191;3,0;3;270,0;3,0;0,0;0,0;0,0;0,0;0,0;0,0;Qatar;MF,DF;28-191;3,0;1,0;0,0;0,0;0,33;0,0;0,0;;MF,DF;28-191;3,0;0,0;3,0;0,0;0,0;1,0;1,0;;;;;;;;;;;;;;issa laye;Issa Laye;1,78m;right;7,0;0;Centre-Back;DF;0,2;28;0,0;8,33;9,09;100,0;100,0;52,17;59,8
Mohammad Mohebi;MF;27-193;;3;244,0;2,7;1,0;0,0;0,0;0,0;0,37;0,0;Iran;MF;27-193;2,7;2,0;1,0;50,0;0,74;0,37;0,5;1,0;MF;27-193;2,7;1,0;1,0;0,0;1,0;1,0;1,0;;;;;;;;;;;;;;mohammad mohebi;Mohammad Mohebi;1,87m;right;38,0;14;Left Winger;FW;2,5;27;0,0;8,33;9,09;92,31;98,46;56,52;59,6
Marwan Attia;MF;27-327;4,0;3;344,0;3,8;0,0;0,0;1,0;0,0;0,0;0,0;Egypt;MF;27-327;3,8;4,0;0,0;0,0;1,05;0,0;0,0;;MF;27-327;3,8;4,0;1,0;0,0;9,0;3,0;2,0;;;;;;;;;;;;;;marwan ateya;Marwan Ateya;1,76m;right;38,0;1;Defensive Midfield;MF;4,0;27;0,0;16,67;27,27;69,23;97,46;56,52;59,6
Sander Berge;MF;28-137;3,0;3;270,0;3,0;0,0;0,0;0,0;0,0;0,0;0,0;Norway;MF;28-137;3,0;0,0;0,0;;0,0;0,0;;;MF;28-137;3,0;2,0;1,0;0,0;1,0;6,0;4,0;;;;;;;;;;;;;;sander berge;Sander Berge;1,95m;right;69,0;1;Defensive Midfield;MF;25,0;28;0,0;33,33;54,55;84,62;83,44;52,17;59,5
Thomas Partey;MF;33-022;3,0;3;270,0;3,0;0,0;0,0;0,0;0,0;0,0;0,0;Ghana;MF;33-022;3,0;2,0;0,0;0,0;0,67;0,0;0,0;;MF;33-022;3,0;2,0;5,0;0,0;0,0;6,0;4,0;;;;;;;;;;;;;;thomas partey;Thomas Partey;1,85m;right;59,0;15;Defensive Midfield;MF;2,0;33;0,0;33,33;54,55;84,62;98,8;30,43;59,4
Laros Duarte;MF;29-127;4,0;2;166,0;1,8;0,0;0,0;0,0;0,0;0,0;0,0;Cape Verde;MF;29-127;1,8;3,0;3,0;100,0;1,63;1,63;0,0;0,0;MF;29-127;1,8;0,0;2,0;0,0;2,0;2,0;1,0;;;;;;;;;;;;;;laros duarte;Laros Duarte;1,80m;right;21,0;1;Defensive Midfield;MF;1,0;29;0,0;8,33;18,18;100,0;99,47;47,83;59,4
Yasin Ayari;MF;22-268;4,0;4;339,0;3,8;2,0;0,0;1,0;0,0;0,53;0,0;Sweden;MF;22-268;3,8;7,0;3,0;42,9;1,86;0,8;0,29;0,67;MF;22-268;3,8;4,0;8,0;0,0;19,0;3,0;4,0;;;;;;;;;;;;;;yasin ayari;Yasin Ayari;1,72m;right;25,0;5;Central Midfield;MF;35,0;22;0,0;33,33;27,27;69,23;76,77;78,26;59,4
Edson Álvarez;MF;28-250;3,0;2;195,0;2,2;0,0;0,0;1,0;0,0;0,0;0,0;Mexico;MF,DF;28-250;2,2;0,0;0,0;;0,0;0,0;;;MF,DF;28-250;2,2;4,0;2,0;0,0;0,0;3,0;6,0;;;;;;;;;;;;;;edson alvarez;Edson Álvarez;1,90m;right;102,0;7;Defensive Midfield;MF;15,0;28;0,0;50,0;27,27;69,23;90,12;52,17;59,2
Yukinari Sugawara;MF;26-003;4,0;1;148,0;1,6;0,0;0,0;0,0;0,0;0,0;0,0;Japan;MF;26-003;1,6;2,0;2,0;100,0;1,22;1,22;0,0;0,0;MF;26-003;1,6;3,0;1,0;0,0;4,0;0,0;3,0;;;;;;;;;;;;;;yukinari sugawara;Yukinari Sugawara;1,79m;right;25,0;2;Right-Back;DF;5,5;26;0,0;25,0;0,0;76,92;96,46;60,87;59,2
Nilson Angulo;MF;23-012;4,0;2;218,0;2,4;1,0;0,0;0,0;0,0;0,41;0,0;Ecuador;MF;23-012;2,4;2,0;2,0;100,0;0,83;0,83;0,5;0,5;MF;23-012;2,4;4,0;3,0;0,0;5,0;2,0;1,0;;;;;;;;;;;;;;nilson angulo;Nilson Angulo;1,84m;right;18,0;3;Left Winger;FW;17,0;23;0,0;8,33;18,18;69,23;88,79;73,91;59,1
Tajon Buchanan;MF;27-143;4,0;4;290,0;3,2;0,0;0,0;0,0;0,0;0,0;0,0;Canada;MF;27-143;3,2;5,0;2,0;40,0;1,55;0,62;0,0;0,0;MF;27-143;3,2;2,0;8,0;1,0;14,0;1,0;4,0;;;;;;;;;;;;;;tajon buchanan;Tajon Buchanan;1,83m;right;64,0;8;Right Winger;FW;12,0;27;0,0;33,33;9,09;84,62;92,12;56,52;59,1
Saman Ghoddos;MF;32-298;;3;208,0;2,3;0,0;0,0;0,0;0,0;0,0;0,0;Iran;MF;32-298;2,3;4,0;0,0;0,0;1,73;0,0;0,0;;MF;32-298;2,3;3,0;0,0;1,0;1,0;5,0;4,0;;;;;;;;;;;;;;saman ghoddos;Saman Ghoddos;1,76m;right;70,0;2;Attacking Midfield;MF;1,2;32;0,0;33,33;45,45;76,92;99,33;34,78;59,0
Felix Nmecha;MF;25-264;;4;270,0;3,0;1,0;1,0;0,0;0,0;0,33;0,33;Germany;MF;25-264;3,0;8,0;3,0;37,5;2,67;1,0;0,13;0,33;MF;25-264;3,0;3,0;3,0;0,0;2,0;2,0;9,0;;;;;;;;;;;;;;felix nmecha;Felix Nmecha;1,90m;right;12,0;2;Central Midfield;MF;50,0;25;22,3;75,0;18,18;76,92;66,76;65,22;58,9
Azzedine Ounahi;MF;26-073;4,0;3;259,0;2,9;0,0;0,0;0,0;0,0;0,0;0,0;Morocco;MF;26-073;2,9;2,0;0,0;0,0;0,69;0,0;0,0;;MF;26-073;2,9;1,0;2,0;0,0;2,0;1,0;1,0;;;;;;;;;;;;;;azzedine ounahi;Azzedine Ounahi;1,82m;right;53,0;9;Central Midfield;MF;10,0;26;0,0;8,33;9,09;92,31;93,46;60,87;58,9
Johan Manzambi;MF;20-264;4,0;2;199,0;2,2;3,0;2,0;0,0;0,0;1,36;0,9;Switzerland;MF,FW;20-264;2,2;6,0;3,0;50,0;2,71;1,36;0,5;1,0;MF,FW;20-264;2,2;3,0;3,0;1,0;3,0;0,0;0,0;;;;;;;;;;;;;;johan manzambi;Johan Manzambi;1,82m;right;15,0;6;Central Midfield;MF;50,0;20;60,81;0,0;0,0;76,92;66,76;86,96;58,9
Weston McKennie;MF;27-311;;4;353,0;3,9;0,0;0,0;0,0;0,0;0,0;0,0;United States;MF;27-311;3,9;5,0;1,0;20,0;1,27;0,25;0,0;0,0;MF;27-311;3,9;6,0;1,0;0,0;10,0;6,0;7,0;;;;;;;;;;;;;;weston mckennie;Weston McKennie;1,80m;right;69,0;12;Central Midfield;MF;30,0;27;0,0;58,33;54,55;53,85;80,11;56,52;58,8
Lucas Paquetá;MF;28-308;4,0;4;233,0;2,6;0,0;1,0;0,0;0,0;0,0;0,39;Brazil;MF;28-308;2,6;5,0;1,0;20,0;1,93;0,39;0,0;0,0;MF;28-308;2,6;3,0;6,0;0,0;5,0;5,0;4,0;;;;;;;;;;;;;;lucas paqueta;Lucas Paquetá;1,83m;left;67,0;13;Attacking Midfield;MF;32,0;28;26,35;33,33;45,45;76,92;78,77;52,17;58,8
Orkun Kökçü;MF;25-184;3,0;2;153,0;1,7;0,0;1,0;0,0;0,0;0,0;0,59;Turkey;MF;25-184;1,7;3,0;0,0;0,0;1,76;0,0;0,0;;MF;25-184;1,7;2,0;4,0;0,0;6,0;0,0;1,0;;;;;;;;;;;;;;orkun kokcu;Orkun Kökçü;1,75m;both;53,0;4;Central Midfield;MF;25,0;25;39,86;8,33;0,0;84,62;83,44;65,22;58,8
Josué Casimir;MF;24-280;;2;182,0;2,0;0,0;0,0;1,0;0,0;0,0;0,0;Haiti;MF;24-280;2,0;1,0;0,0;0,0;0,49;0,0;0,0;;MF;24-280;2,0;4,0;4,0;0,0;3,0;0,0;0,0;;;;;;;;;;;;;;josue casimir;Josué Casimir;1,78m;right;10,0;0;Right Winger;FW;3,0;24;0,0;0,0;0,0;69,23;98,13;69,57;58,7
Jassem Gaber;MF;24-131;3,0;3;149,0;1,7;0,0;0,0;1,0;0,0;0,0;0,0;Qatar;MF;24-131;1,7;0,0;0,0;;0,0;0,0;;;MF;24-131;1,7;7,0;0,0;0,0;0,0;0,0;2,0;;;;;;;;;;;;;;jassem gaber;Jassem Gaber;1,81m;right;37,0;1;Defensive Midfield;MF;0,5;24;0,0;16,67;0,0;46,15;99,8;69,57;58,6
Abdullah Al-Khaibari;MF;29-319;;3;180,0;2,0;0,0;0,0;0,0;0,0;0,0;0,0;Saudi Arabia;MF;29-319;2,0;1,0;0,0;0,0;0,5;0,0;0,0;;MF;29-319;2,0;0,0;2,0;0,0;0,0;1,0;1,0;;;;;;;;;;;;;;abdullah al khaibari;Abdullah Al-Khaibari;1,75m;right;41,0;0;Defensive Midfield;MF;0,75;29;0,0;8,33;9,09;100,0;99,63;47,83;58,6
Stephen Eustáquio;MF;29-192;4,0;3;302,0;3,4;1,0;0,0;0,0;0,0;0,3;0,0;Canada;MF;29-192;3,4;4,0;1,0;25,0;1,19;0,3;0,25;1,0;MF;29-192;3,4;2,0;5,0;0,0;35,0;2,0;3,0;;;;;;;;;;;;;;stephen eustaquio;Stephen Eustaquio;1,75m;right;60,0;5;Central Midfield;MF;6,0;29;0,0;25,0;18,18;84,62;96,13;47,83;58,4
Sarpreet Singh;MF;27-131;3,0;3;209,0;2,3;0,0;0,0;1,0;0,0;0,0;0,0;New Zealand;MF;27-131;2,3;4,0;2,0;50,0;1,72;0,86;0,0;0,0;MF;27-131;2,3;2,0;2,0;0,0;7,0;0,0;1,0;;;;;;;;;;;;;;sarpreet singh;Sarpreet Singh;1,80m;left;31,0;3;Attacking Midfield;MF;0,5;27;0,0;8,33;0,0;84,62;99,8;56,52;58,4
Martin Baturina;MF;23-139;;4;321,0;3,6;1,0;0,0;0,0;0,0;0,28;0,0;Croatia;MF,FW;23-139;3,6;3,0;1,0;33,3;0,84;0,28;0,33;1,0;MF,FW;23-139;3,6;1,0;14,0;0,0;8,0;1,0;2,0;;;;;;;;;;;;;;martin baturina;Martin Baturina;1,72m;right;22,0;2;Attacking Midfield;MF;30,0;23;0,0;16,67;9,09;92,31;80,11;73,91;58,3
Ayyoub Bouaddi;MF;18-272;3,0;3;258,0;2,9;0,0;0,0;0,0;0,0;0,0;0,0;Morocco;MF;18-272;2,9;3,0;0,0;0,0;1,05;0,0;0,0;;MF;18-272;2,9;2,0;4,0;0,0;0,0;1,0;2,0;;;;;;;;;;;;;;ayyoub bouaddi;Ayyoub Bouaddi;1,85m;right;6,0;0;Central Midfield;MF;50,0;18;0,0;16,67;9,09;84,62;66,76;95,65;58,3
Manuel Ugarte;MF;25-081;3,0;3;184,0;2,0;0,0;0,0;0,0;0,0;0,0;0,0;Uruguay;MF;25-081;2,0;3,0;1,0;33,3;1,47;0,49;0,0;0,0;MF;25-081;2,0;1,0;0,0;0,0;0,0;3,0;1,0;;;;;;;;;;;;;;manuel ugarte;Manuel Ugarte;1,82m;right;38,0;1;Defensive Midfield;MF;25,0;25;0,0;8,33;27,27;92,31;83,44;65,22;58,3
Nabil Bentaleb;MF;31-222;4,0;3;285,0;3,2;0,0;0,0;0,0;0,0;0,0;0,0;Algeria;MF;31-222;3,2;1,0;0,0;0,0;0,32;0,0;0,0;;MF;31-222;3,2;2,0;3,0;0,0;3,0;3,0;4,0;;;;;;;;;;;;;;nabil bentaleb;Nabil Bentaleb;1,89m;left;62,0;6;Defensive Midfield;MF;4,5;31;0,0;33,33;27,27;84,62;97,13;39,13;58,3
Bilal El Khannouss;MF;22-052;4,0;4;338,0;3,8;0,0;0,0;0,0;0,0;0,0;0,0;Morocco;MF;22-052;3,8;6,0;4,0;66,7;1,6;1,07;0,0;0,0;MF;22-052;3,8;3,0;4,0;0,0;10,0;0,0;5,0;;;;;;;;;;;;;;bilal el khannouss;Bilal El Khannouss;1,80m;right;41,0;3;Attacking Midfield;MF;35,0;22;0,0;41,67;0,0;76,92;76,77;78,26;58,3
Amad Diallo;MF;23-355;4,0;2;185,0;2,1;2,0;0,0;0,0;0,0;0,97;0,0;Ivory Coast;MF,FW;23-355;2,1;8,0;4,0;50,0;3,89;1,95;0,25;0,5;MF,FW;23-355;2,1;0,0;2,0;1,0;4,0;2,0;4,0;;;;;;;;;;;;;;amad diallo;Amad Diallo;1,73m;left;23,0;8;Right Winger;FW;45,0;23;0,0;33,33;18,18;100,0;70,09;73,91;58,2
Samuel Moutoussamy;MF;29-327;;4;330,0;3,7;0,0;0,0;1,0;0,0;0,0;0,0;DR Congo;MF;29-327;3,7;3,0;0,0;0,0;0,82;0,0;0,0;;MF;29-327;3,7;8,0;1,0;0,0;1,0;1,0;8,0;;;;;;;;;;;;;;samuel moutoussamy;Samuel Moutoussamy;1,76m;left;61,0;0;Central Midfield;MF;1,2;29;0,0;66,67;9,09;38,46;99,33;47,83;58,1
Elisha Owusu;MF;28-240;3,0;2;151,0;1,7;0,0;0,0;0,0;0,0;0,0;0,0;Ghana;MF;28-240;1,7;0,0;0,0;;0,0;0,0;;;MF;28-240;1,7;2,0;0,0;0,0;3,0;0,0;3,0;;;;;;;;;;;;;;elisha owusu;Elisha Owusu;1,82m;right;22,0;0;Defensive Midfield;MF;4,0;28;0,0;25,0;0,0;84,62;97,46;52,17;58,1
Tahith Chong;MF;26-209;3,0;3;247,0;2,7;0,0;0,0;0,0;0,0;0,0;0,0;Curaçao;MF;26-209;2,7;4,0;2,0;50,0;1,46;0,73;0,0;0,0;MF;26-209;2,7;3,0;13,0;0,0;1,0;1,0;0,0;;;;;;;;;;;;;;tahith chong;Tahith Chong;1,85m;left;9,0;3;Attacking Midfield;MF;3,5;26;0,0;0,0;9,09;76,92;97,8;60,87;58,0
Marcel Sabitzer;MF;32-110;4,0;4;360,0;4,0;1,0;0,0;1,0;0,0;0,25;0,0;Austria;MF;32-110;4,0;5,0;2,0;40,0;1,25;0,5;0,2;0,5;MF;32-110;4,0;2,0;3,0;1,0;31,0;6,0;2,0;;;;;;;;;;;;;;marcel sabitzer;Marcel Sabitzer;1,78m;right;101,0;27;Central Midfield;MF;6,0;32;0,0;16,67;54,55;84,62;96,13;34,78;57,9
Daizen Maeda;MF;28-254;3,0;3;244,0;2,7;1,0;0,0;0,0;0,0;0,37;0,0;Japan;MF;28-254;2,7;2,0;1,0;50,0;0,74;0,37;0,5;1,0;MF;28-254;2,7;2,0;1,0;1,0;3,0;2,0;3,0;;;;;;;;;;;;;;daizen maeda;Daizen Maeda;1,73m;right;30,0;5;Left Winger;FW;13,0;28;0,0;25,0;18,18;84,62;91,46;52,17;57,8
Seol Young-woo;MF;27-208;;3;250,0;2,8;0,0;0,0;0,0;0,0;0,0;0,0;South Korea;MF;27-208;2,8;2,0;0,0;0,0;0,72;0,0;0,0;;MF;27-208;2,8;1,0;2,0;4,0;9,0;1,0;0,0;;;;;;;;;;;;;;young woo seol;Young-woo Seol;1,80m;right;37,0;0;Right-Back;DF;6,5;27;0,0;0,0;9,09;92,31;95,79;56,52;57,8
Romano Schmid;MF;26-159;4,0;4;263,0;2,9;1,0;0,0;0,0;0,0;0,34;0,0;Austria;MF,FW;26-159;2,9;2,0;1,0;50,0;0,68;0,34;0,5;1,0;MF,FW;26-159;2,9;3,0;4,0;0,0;3,0;0,0;4,0;;;;;;;;;;;;;;romano schmid;Romano Schmid;1,68m;right;37,0;4;Attacking Midfield;MF;15,0;26;0,0;33,33;0,0;76,92;90,12;60,87;57,8
Brian Cipenga;MF;28-116;;2;146,0;1,6;1,0;0,0;0,0;0,0;0,62;0,0;DR Congo;MF,FW;28-116;1,6;6,0;1,0;16,7;3,7;0,62;0,17;1,0;MF,FW;28-116;1,6;2,0;1,0;1,0;9,0;0,0;2,0;;;;;;;;;;;;;;brian cipenga;Brian Cipenga;1,72m;right;9,0;0;Left Winger;FW;2,0;28;0,0;16,67;0,0;84,62;98,8;52,17;57,8
Gabriel Gudmundsson;MF;27-063;4,0;4;330,0;3,7;0,0;0,0;1,0;0,0;0,0;0,0;Sweden;MF,DF;27-063;3,7;0,0;0,0;;0,0;0,0;;;MF,DF;27-063;3,7;5,0;7,0;0,0;4,0;5,0;3,0;;;;;;;;;;;;;;gabriel gudmundsson;Gabriel Gudmundsson;1,81m;left;28,0;0;Left-Back;DF;20,0;27;0,0;25,0;45,45;61,54;86,78;56,52;57,7
Aurélien Tchouaméni;MF;26-155;3,0;3;270,0;3,0;0,0;1,0;1,0;0,0;0,0;0,33;France;MF;26-155;3,0;2,0;0,0;0,0;0,67;0,0;0,0;;MF;26-155;3,0;4,0;2,0;0,0;1,0;5,0;12,0;;;;;;;;;;;;;;aurelien tchouameni;Aurélien Tchouaméni;1,88m;right;49,0;3;Defensive Midfield;MF;70,0;26;22,3;100,0;45,45;69,23;53,4;60,87;57,6
Jhon Arias;MF;28-287;4,0;4;312,0;3,5;1,0;0,0;1,0;0,0;0,29;0,0;Colombia;MF;28-287;3,5;8,0;4,0;50,0;2,31;1,15;0,13;0,25;MF;28-287;3,5;5,0;2,0;0,0;4,0;2,0;6,0;;;;;;;;;;;;;;jhon arias;Jhon Arias;1,68m;right;41,0;6;Right Winger;FW;15,0;28;0,0;50,0;18,18;61,54;90,12;52,17;57,6
Ruben Vargas;MF;27-334;4,0;3;247,0;2,7;2,0;1,0;0,0;0,0;0,73;0,36;Switzerland;MF;27-334;2,7;6,0;4,0;66,7;2,19;1,46;0,33;0,5;MF;27-334;2,7;5,0;4,0;0,0;21,0;1,0;2,0;;;;;;;;;;;;;;ruben vargas;Rubén Vargas;1,79m;right;64,0;13;Left Winger;FW;12,0;27;24,32;16,67;9,09;61,54;92,12;56,52;57,5
Jamiro Monteiro;MF;32-224;4,0;3;281,0;3,1;0,0;0,0;0,0;0,0;0,0;0,0;Cape Verde;MF;32-224;3,1;5,0;1,0;20,0;1,6;0,32;0,0;0,0;MF;32-224;3,1;4,0;2,0;0,0;7,0;4,0;4,0;;;;;;;;;;;;;;jamiro monteiro;Jamiro Monteiro;1,75m;right;56,0;5;Central Midfield;MF;0,65;32;0,0;33,33;36,36;69,23;99,7;34,78;57,5
Rodrigo Bentancur;MF;29-006;3,0;3;270,0;3,0;0,0;0,0;1,0;0,0;0,0;0,0;Uruguay;MF;29-006;3,0;4,0;0,0;0,0;1,33;0,0;0,0;;MF;29-006;3,0;7,0;5,0;0,0;4,0;7,0;5,0;;;;;;;;;;;;;;rodrigo bentancur;Rodrigo Bentancur;1,87m;right;76,0;3;Defensive Midfield;MF;20,0;29;0,0;41,67;63,64;46,15;86,78;47,83;57,5
Habib Diarra;MF;22-183;3,0;2;143,0;1,6;2,0;0,0;0,0;0,0;1,26;0,0;Senegal;MF;22-183;1,6;4,0;2,0;50,0;2,52;1,26;0,5;1,0;MF;22-183;1,6;2,0;2,0;0,0;1,0;1,0;2,0;;;;;;;;;;;;;;habib diarra;Habib Diarra;1,78m;right;23,0;5;Central Midfield;MF;35,0;22;0,0;16,67;9,09;84,62;76,77;78,26;57,5
Mostafa Ziko;MF;29-069;4,0;4;291,0;3,2;1,0;1,0;0,0;0,0;0,31;0,31;Egypt;MF,FW;29-069;3,2;7,0;2,0;28,6;2,16;0,62;0,14;0,5;MF,FW;29-069;3,2;6,0;5,0;2,0;2,0;1,0;3,0;;;;;;;;;;;;;;mostafa ziko;Mostafa Ziko;1,79m;right;5,0;3;Left Winger;FW;1,8;29;20,95;25,0;9,09;53,85;98,93;47,83;57,5
Ao Tanaka;MF;27-294;3,0;2;193,0;2,1;0,0;0,0;0,0;0,0;0,0;0,0;Japan;MF;27-294;2,1;2,0;0,0;0,0;0,93;0,0;0,0;;MF;27-294;2,1;6,0;2,0;0,0;0,0;1,0;6,0;;;;;;;;;;;;;;ao tanaka;Ao Tanaka;1,80m;right;41,0;8;Central Midfield;MF;13,0;27;0,0;50,0;9,09;53,85;91,46;56,52;57,4
Frenkie de Jong;MF;29-050;4,0;4;328,0;3,6;0,0;0,0;0,0;0,0;0,0;0,0;Netherlands;MF;29-050;3,6;1,0;0,0;0,0;0,27;0,0;0,0;;MF;29-050;3,6;6,0;6,0;0,0;1,0;8,0;7,0;;;;;;;;;;;;;;frenkie de jong;Frenkie de Jong;1,81m;right;70,0;2;Central Midfield;MF;35,0;29;0,0;58,33;72,73;53,85;76,77;47,83;57,3
Rodrigo De Paul;MF;32-042;3,0;3;254,0;2,8;0,0;1,0;0,0;0,0;0,0;0,35;Argentina;MF;32-042;2,8;0,0;0,0;;0,0;0,0;;;MF;32-042;2,8;1,0;1,0;0,0;6,0;3,0;3,0;;;;;;;;;;;;;;rodrigo de paul;Rodrigo De Paul;1,78m;right;89,0;2;Central Midfield;MF;14,0;32;23,65;25,0;27,27;92,31;90,79;34,78;57,3
Callum McCowatt;MF;27-062;3,0;2;159,0;1,8;0,0;0,0;1,0;0,0;0,0;0,0;New Zealand;MF;27-062;1,8;4,0;3,0;75,0;2,26;1,7;0,0;0,0;MF;27-062;1,8;4,0;1,0;0,0;3,0;1,0;1,0;;;;;;;;;;;;;;callum mccowatt;Callum McCowatt;1,80m;right;35,0;4;Attacking Midfield;MF;2,5;27;0,0;8,33;9,09;69,23;98,46;56,52;57,3
Cristian Martínez;MF;29-145;;3;242,0;2,7;0,0;0,0;0,0;0,0;0,0;0,0;Panama;MF,FW;29-145;2,7;1,0;0,0;0,0;0,37;0,0;0,0;;MF,FW;29-145;2,7;5,0;5,0;1,0;12,0;1,0;4,0;;;;;;;;;;;;;;cristian martinez;Cristian Martínez;1,70m;right;69,0;2;Defensive Midfield;MF;0,8;29;0,0;33,33;9,09;61,54;99,6;47,83;57,2
Brahim Díaz;MF;26-332;4,0;4;294,0;3,3;0,0;2,0;0,0;0,0;0,0;0,61;Morocco;MF;26-332;3,3;5,0;1,0;20,0;1,53;0,31;0,0;0,0;MF;26-332;3,3;1,0;7,0;0,0;6,0;1,0;1,0;;;;;;;;;;;;;;brahim diaz;Brahim Díaz;1,70m;both;30,0;14;Right Winger;FW;35,0;26;41,22;8,33;9,09;92,31;76,77;60,87;57,2
Ibrahim Maza;MF;20-222;4,0;4;351,0;3,9;0,0;0,0;0,0;0,0;0,0;0,0;Algeria;MF,FW;20-222;3,9;11,0;3,0;27,3;2,82;0,77;0,0;0,0;MF,FW;20-222;3,9;1,0;5,0;0,0;1,0;0,0;2,0;;;;;;;;;;;;;;ibrahim maza;Ibrahim Maza;1,80m;right;20,0;2;Attacking Midfield;MF;45,0;20;0,0;16,67;0,0;92,31;70,09;86,96;57,2
Granit Xhaka;MF;33-281;4,0;4;360,0;4,0;1,0;0,0;1,0;0,0;0,25;0,0;Switzerland;MF;33-281;4,0;5,0;1,0;20,0;1,25;0,25;0,0;0,0;MF;33-281;4,0;1,0;9,0;0,0;1,0;4,0;4,0;;;;;;;;;;;;;;granit xhaka;Granit Xhaka;1,83m;left;149,0;18;Defensive Midfield;MF;8,0;33;0,0;33,33;36,36;92,31;94,79;30,43;57,0
José Luis Rodríguez;MF;28-012;;3;233,0;2,6;0,0;0,0;0,0;0,0;0,0;0,0;Panama;MF,FW;28-012;2,6;3,0;1,0;33,3;1,16;0,39;0,0;0,0;MF,FW;28-012;2,6;4,0;2,0;0,0;17,0;0,0;3,0;;;;;;;;;;;;;;jose luis rodriguez;José Luis Rodríguez;1,80m;left;73,0;8;Left Winger;FW;2,5;28;0,0;25,0;0,0;69,23;98,46;52,17;56,9
Carlens Arcus;MF;30-003;;2;146,0;1,6;0,0;0,0;1,0;0,0;0,0;0,0;Haiti;MF,DF;30-003;1,6;0,0;0,0;;0,0;0,0;;;MF,DF;30-003;1,6;5,0;3,0;2,0;2,0;3,0;3,0;;;;;;;;;;;;;;carlens arcus;Carlens Arcus;1,80m;right;56,0;1;Right-Back;DF;1,8;30;0,0;25,0;27,27;61,54;98,93;43,48;56,9
César Blackman;MF;28-090;;2;178,0;2,0;0,0;0,0;1,0;0,0;0,0;0,0;Panama;MF,DF;28-090;2,0;2,0;1,0;50,0;1,01;0,51;0,0;0,0;MF,DF;28-090;2,0;2,0;2,0;1,0;0,0;1,0;0,0;;;;;;;;;;;;;;cesar blackman;César Blackman;1,74m;right;42,0;3;Right-Back;DF;2,5;28;0,0;0,0;9,09;84,62;98,46;52,17;56,9
Anthony Elanga;MF;24-065;4,0;2;217,0;2,4;2,0;0,0;0,0;0,0;0,83;0,0;Sweden;MF,FW;24-065;2,4;3,0;3,0;100,0;1,24;1,24;0,67;0,67;MF,FW;24-065;2,4;0,0;7,0;1,0;12,0;2,0;0,0;;;;;;;;;;;;;;anthony elanga;Anthony Elanga;1,78m;right;34,0;8;Right Winger;FW;32,0;24;0,0;0,0;18,18;100,0;78,77;69,57;56,8
Paik Seung-ho;MF;29-106;;3;204,0;2,3;0,0;0,0;1,0;0,0;0,0;0,0;South Korea;MF;29-106;2,3;0,0;0,0;;0,0;0,0;;;MF;29-106;2,3;1,0;2,0;0,0;1,0;1,0;0,0;;;;;;;;;;;;;;seung ho paik;Seung-ho Paik;1,82m;right;30,0;3;Central Midfield;MF;2,0;29;0,0;0,0;9,09;92,31;98,8;47,83;56,7
Trézéguet;MF;31-277;3,0;1;146,0;1,6;1,0;1,0;0,0;0,0;0,62;0,62;Egypt;MF;31-277;1,6;6,0;3,0;50,0;3,7;1,85;0,17;0,33;MF;31-277;1,6;3,0;2,0;0,0;1,0;1,0;0,0;;;;;;;;;;;;;;trezeguet;Trezeguet;1,81m;right;98,0;24;Left Winger;FW;4,5;31;41,89;0,0;9,09;76,92;97,13;39,13;56,6
Miguel Almirón;MF;32-141;3,0;3;212,0;2,4;0,0;0,0;1,0;1,0;0,0;0,0;Paraguay;MF,FW;32-141;2,4;3,0;0,0;0,0;1,27;0,0;0,0;;MF,FW;32-141;2,4;2,0;5,0;0,0;3,0;2,0;5,0;;;;;;;;;;;;;;miguel almiron;Miguel Almirón;1,78m;left;79,0;10;Right Winger;FW;7,0;32;0,0;41,67;18,18;84,62;95,46;34,78;56,6
Daichi Kamada;MF;29-330;4,0;4;329,0;3,7;2,0;0,0;1,0;0,0;0,55;0,0;Japan;MF;29-330;3,7;3,0;2,0;66,7;0,82;0,55;0,67;1,0;MF;29-330;3,7;2,0;4,0;1,0;4,0;1,0;3,0;;;;;;;;;;;;;;daichi kamada;Daichi Kamada;1,80m;right;53,0;14;Attacking Midfield;MF;10,0;29;0,0;25,0;9,09;84,62;93,46;47,83;56,5
Lamine Camara;MF;22-185;4,0;3;248,0;2,8;0,0;1,0;1,0;0,0;0,0;0,36;Senegal;MF;22-185;2,8;3,0;0,0;0,0;1,09;0,0;0,0;;MF;22-185;2,8;5,0;3,0;0,0;7,0;2,0;1,0;;;;;;;;;;;;;;lamine camara;Lamine Camara;1,74m;right;36,0;5;Central Midfield;MF;40,0;22;24,32;8,33;18,18;61,54;73,43;78,26;56,5
Carlos Harvey;MF;26-148;;3;267,0;3,0;0,0;0,0;1,0;0,0;0,0;0,0;Panama;MF;26-148;3,0;5,0;0,0;0,0;1,69;0,0;0,0;;MF;26-148;3,0;8,0;3,0;0,0;0,0;0,0;3,0;;;;;;;;;;;;;;carlos harvey;Carlos Harvey;1,84m;right;31,0;3;Defensive Midfield;MF;0,6;26;0,0;25,0;0,0;38,46;99,73;60,87;56,5
Kaishū Sano;MF;25-183;3,0;3;270,0;3,0;1,0;1,0;1,0;0,0;0,33;0,33;Japan;MF;25-183;3,0;1,0;1,0;100,0;0,33;0,33;1,0;1,0;MF;25-183;3,0;4,0;1,0;0,0;1,0;4,0;2,0;;;;;;;;;;;;;;kaishu sano;Kaishu Sano;1,76m;both;16,0;1;Defensive Midfield;MF;40,0;25;22,3;16,67;36,36;69,23;73,43;65,22;56,5
Ellyes Skhiri;MF;31-052;3,0;3;250,0;2,8;0,0;0,0;0,0;0,0;0,0;0,0;Tunisia;MF,DF;31-052;2,8;0,0;0,0;;0,0;0,0;;;MF,DF;31-052;2,8;0,0;1,0;0,0;0,0;2,0;1,0;;;;;;;;;;;;;;ellyes skhiri;Ellyes Skhiri;1,85m;right;86,0;4;Defensive Midfield;MF;5,0;31;0,0;8,33;18,18;100,0;96,8;39,13;56,3
Elliot Anderson;MF;23-241;;4;336,0;3,7;0,0;1,0;0,0;0,0;0,0;0,27;England;MF;23-241;3,7;7,0;1,0;14,3;1,87;0,27;0,0;0,0;MF;23-241;3,7;6,0;9,0;0,0;7,0;7,0;8,0;;;;;;;;;;;;;;elliot anderson;Elliot Anderson;1,79m;right;12,0;0;Central Midfield;MF;75,0;23;18,24;66,67;63,64;53,85;50,07;73,91;56,2
Mohamed Kanno;MF;31-282;;2;225,0;2,5;0,0;0,0;1,0;0,0;0,0;0,0;Saudi Arabia;MF;31-282;2,5;3,0;2,0;66,7;1,2;0,8;0,0;0,0;MF;31-282;2,5;5,0;0,0;0,0;0,0;2,0;4,0;;;;;;;;;;;;;;mohamed kanno;Mohamed Kanno;1,91m;right;78,0;8;Central Midfield;MF;0,8;31;0,0;33,33;18,18;61,54;99,6;39,13;55,9
Yan Diomandé;MF;19-229;4,0;4;329,0;3,7;0,0;1,0;0,0;0,0;0,0;0,27;Ivory Coast;MF,FW;19-229;3,7;4,0;0,0;0,0;1,09;0,0;0,0;;MF,FW;19-229;3,7;2,0;7,0;0,0;14,0;4,0;6,0;;;;;;;;;;;;;;yan diomande;Yan Diomande;1,80m;right;14,0;3;Left Winger;FW;90,0;19;18,24;50,0;36,36;84,62;40,05;91,3;55,8
Dan Ndoye;MF;25-253;4,0;3;232,0;2,6;1,0;0,0;0,0;0,0;0,39;0,0;Switzerland;MF,FW;25-253;2,6;11,0;5,0;45,5;4,27;1,94;0,09;0,2;MF,FW;25-253;2,6;2,0;11,0;1,0;7,0;1,0;3,0;;;;;;;;;;;;;;dan ndoye;Dan Ndoye;1,84m;right;34,0;8;Right Winger;FW;32,0;25;0,0;25,0;9,09;84,62;78,77;65,22;55,7
Otabek Shukurov;MF;30-009;3,0;3;237,0;2,6;0,0;0,0;0,0;0,0;0,0;0,0;Uzbekistan;MF;30-009;2,6;2,0;0,0;0,0;0,76;0,0;0,0;;MF;30-009;2,6;2,0;5,0;0,0;1,0;0,0;2,0;;;;;;;;;;;;;;otabek shukurov;Otabek Shukurov;1,83m;right;92,0;9;Central Midfield;MF;1,5;30;0,0;16,67;0,0;84,62;99,13;43,48;55,7
Jean-Ricner Bellegarde;MF;28-004;;3;260,0;2,9;0,0;0,0;1,0;0,0;0,0;0,0;Haiti;MF;28-004;2,9;6,0;0,0;0,0;2,08;0,0;0,0;;MF;28-004;2,9;4,0;5,0;0,0;10,0;3,0;2,0;;;;;;;;;;;;;;jean ricner bellegarde;Jean-Ricner Bellegarde;1,70m;right;13,0;0;Central Midfield;MF;16,0;28;0,0;16,67;27,27;69,23;89,45;52,17;55,7
Mateo Kovačić;MF;32-060;;3;270,0;3,0;0,0;1,0;0,0;0,0;0,0;0,33;Croatia;MF;32-060;3,0;5,0;4,0;80,0;1,67;1,33;0,0;0,0;MF;32-060;3,0;3,0;3,0;0,0;0,0;2,0;3,0;;;;;;;;;;;;;;mateo kovacic;Mateo Kovacic;1,78m;right;116,0;5;Central Midfield;MF;10,0;32;22,3;25,0;18,18;76,92;93,46;34,78;55,6
Edmilson Junior;MF;31-316;3,0;3;210,0;2,3;0,0;1,0;0,0;0,0;0,0;0,43;Qatar;MF,FW;31-316;2,3;3,0;2,0;66,7;1,29;0,86;0,0;0,0;MF,FW;31-316;2,3;4,0;2,0;1,0;4,0;0,0;1,0;;;;;;;;;;;;;;edmilson junior;Edmílson Junior;1,80m;right;19,0;0;Left Winger;FW;1,8;31;29,05;8,33;0,0;69,23;98,93;39,13;55,1
Casemiro;MF;34-128;4,0;4;289,0;3,2;1,0;0,0;2,0;0,0;0,31;0,0;Brazil;MF;34-128;3,2;3,0;2,0;66,7;0,93;0,62;0,33;0,5;MF;34-128;3,2;5,0;4,0;0,0;2,0;5,0;5,0;;;;;;;;;;;;;;casemiro;Casemiro;1,85m;right;90,0;10;Defensive Midfield;MF;6,0;34;0,0;41,67;45,45;61,54;96,13;26,09;55,0
Jesper Karlström;MF;31-010;2,0;2;138,0;1,5;0,0;0,0;0,0;0,0;0,0;0,0;Sweden;MF;31-010;1,5;1,0;0,0;0,0;0,65;0,0;0,0;;MF;31-010;1,5;3,0;0,0;0,0;0,0;1,0;3,0;;;;;;;;;;;;;;jesper karlstrom;Jesper Karlström;1,82m;right;27,0;0;Defensive Midfield;MF;4,0;31;0,0;25,0;9,09;76,92;97,46;39,13;55,0
Hans Vanaken;MF;33-315;;2;190,0;2,1;0,0;1,0;0,0;0,0;0,0;0,47;Belgium;MF;33-315;2,1;4,0;0,0;0,0;1,89;0,0;0,0;;MF;33-315;2,1;0,0;4,0;0,0;2,0;0,0;0,0;;;;;;;;;;;;;;hans vanaken;Hans Vanaken;1,95m;right;37,0;7;Attacking Midfield;MF;5,0;33;31,76;0,0;0,0;100,0;96,8;30,43;54,7
Anthony Gordon;MF;25-131;;2;165,0;1,8;0,0;2,0;0,0;0,0;0,0;1,09;England;MF;25-131;1,8;4,0;2,0;50,0;2,18;1,09;0,0;0,0;MF;25-131;1,8;2,0;3,0;0,0;4,0;2,0;1,0;;;;;;;;;;;;;;anthony gordon;Anthony Gordon;1,83m;right;21,0;3;Left Winger;FW;65,0;25;73,65;8,33;18,18;84,62;56,74;65,22;54,6
Michel Aebischer;MF;29-180;4,0;2;156,0;1,7;0,0;0,0;0,0;0,0;0,0;0,0;Switzerland;MF,FW;29-180;1,7;2,0;1,0;50,0;1,15;0,58;0,0;0,0;MF,FW;29-180;1,7;3,0;2,0;0,0;6,0;0,0;1,0;;;;;;;;;;;;;;michel aebischer;Michel Aebischer;1,83m;right;43,0;2;Central Midfield;MF;4,0;29;0,0;8,33;0,0;76,92;97,46;47,83;54,6
Petar Sučić;MF;22-253;;3;289,0;3,2;1,0;1,0;1,0;0,0;0,31;0,31;Croatia;MF,FW;22-253;3,2;3,0;2,0;66,7;0,93;0,62;0,33;0,5;MF,FW;22-253;3,2;7,0;6,0;1,0;4,0;1,0;2,0;;;;;;;;;;;;;;petar sucic;Petar Sučić;1,83m;right;20,0;2;Central Midfield;MF;40,0;22;20,95;16,67;9,09;46,15;73,43;78,26;54,6
Nikola Vlašić;MF;28-274;;2;189,0;2,1;1,0;0,0;0,0;0,0;0,48;0,0;Croatia;MF;28-274;2,1;3,0;1,0;33,3;1,43;0,48;0,33;1,0;MF;28-274;2,1;5,0;0,0;2,0;3,0;1,0;2,0;;;;;;;;;;;;;;nikola vlasic;Nikola Vlašić;1,79m;right;65,0;11;Attacking Midfield;MF;10,0;28;0,0;16,67;9,09;61,54;93,46;52,17;54,5
Leandro Paredes;MF;32-006;3,0;1;136,0;1,5;0,0;0,0;1,0;0,0;0,0;0,0;Argentina;MF;32-006;1,5;1,0;1,0;100,0;0,66;0,66;0,0;0,0;MF;32-006;1,5;1,0;0,0;0,0;1,0;2,0;1,0;;;;;;;;;;;;;;leandro paredes;Leandro Paredes;1,82m;right;79,0;5;Defensive Midfield;MF;5,0;32;0,0;8,33;18,18;92,31;96,8;34,78;54,5
Noni Madueke;MF;24-117;;3;241,0;2,7;0,0;0,0;0,0;0,0;0,0;0,0;England;MF;24-117;2,7;6,0;1,0;16,7;2,24;0,37;0,0;0,0;MF;24-117;2,7;1,0;3,0;0,0;18,0;2,0;3,0;;;;;;;;;;;;;;noni madueke;Noni Madueke;1,82m;left;14,0;1;Right Winger;FW;50,0;24;0,0;25,0;18,18;92,31;66,76;69,57;54,3
Kwasi Sibo;MF;28-011;4,0;3;248,0;2,8;0,0;0,0;0,0;0,0;0,0;0,0;Ghana;MF;28-011;2,8;0,0;0,0;;0,0;0,0;;;MF;28-011;2,8;7,0;1,0;0,0;0,0;2,0;0,0;;;;;;;;;;;;;;kwasi sibo;Kwasi Sibo;1,83m;right;11,0;0;Central Midfield;MF;1,4;28;0,0;0,0;18,18;46,15;99,2;52,17;54,2
Edo Kayembe;MF;28-032;;2;160,0;1,8;0,0;0,0;0,0;0,0;0,0;0,0;DR Congo;MF;28-032;1,8;2,0;1,0;50,0;1,13;0,56;0,0;0,0;MF;28-032;1,8;5,0;3,0;0,0;2,0;0,0;1,0;;;;;;;;;;;;;;edo kayembe;Edo Kayembe;1,83m;left;44,0;2;Central Midfield;MF;4,0;28;0,0;8,33;0,0;61,54;97,46;52,17;54,1
Remo Freuler;MF;34-081;4,0;4;358,0;4,0;0,0;0,0;0,0;0,0;0,0;0,0;Switzerland;MF;34-081;4,0;2,0;1,0;50,0;0,5;0,25;0,0;0,0;MF;34-081;4,0;6,0;2,0;1,0;2,0;5,0;4,0;;;;;;;;;;;;;;remo freuler;Remo Freuler;1,81m;right;91,0;11;Central Midfield;MF;3,0;34;0,0;33,33;45,45;53,85;98,13;26,09;54,1
Aziz Behich;MF;35-201;3,0;2;217,0;2,4;0,0;0,0;0,0;0,0;0,0;0,0;Australia;MF;35-201;2,4;1,0;1,0;100,0;0,41;0,41;0,0;0,0;MF;35-201;2,4;1,0;4,0;0,0;6,0;1,0;4,0;;;;;;;;;;;;;;aziz behich;Aziz Behich;1,70m;left;86,0;3;Left-Back;DF;0,25;35;0,0;33,33;9,09;92,31;99,97;21,74;53,9
Vladimír Coufal;MF;33-313;3,0;3;270,0;3,0;0,0;1,0;0,0;0,0;0,0;0,33;Czechia;MF,DF;33-313;3,0;1,0;0,0;0,0;0,33;0,0;0,0;;MF,DF;33-313;3,0;4,0;3,0;1,0;20,0;2,0;1,0;;;;;;;;;;;;;;vladimir coufal;Vladimír Coufal;1,75m;right;65,0;2;Right-Back;DF;2,5;33;22,3;8,33;18,18;69,23;98,46;30,43;53,9
Martin Ødegaard;MF;27-196;3,0;3;260,0;2,9;0,0;3,0;0,0;0,0;0,0;1,04;Norway;MF;27-196;2,9;5,0;1,0;20,0;1,73;0,35;0,0;0,0;MF;27-196;2,9;3,0;3,0;0,0;8,0;2,0;4,0;;;;;;;;;;;;;;martin ødegaard;Martin Ødegaard;1,78m;left;71,0;5;Attacking Midfield;MF;65,0;27;70,27;33,33;18,18;76,92;56,74;56,52;53,9
Pape Gueye;MF;27-162;4,0;3;234,0;2,6;2,0;1,0;1,0;0,0;0,77;0,38;Senegal;MF;27-162;2,6;8,0;3,0;37,5;3,08;1,15;0,25;0,67;MF;27-162;2,6;4,0;2,0;0,0;3,0;4,0;1,0;;;;;;;;;;;;;;pape gueye;Pape Gueye;1,89m;left;44,0;7;Central Midfield;MF;40,0;27;25,68;8,33;36,36;69,23;73,43;56,52;53,8
Ivan Šunjić;MF;29-269;4,0;3;196,0;2,2;0,0;0,0;0,0;0,0;0,0;0,0;Bosnia and Herzegovina;MF;29-269;2,2;1,0;1,0;100,0;0,46;0,46;0,0;0,0;MF;29-269;2,2;7,0;0,0;0,0;1,0;0,0;3,0;;;;;;;;;;;;;;ivan sunjic;Ivan Šunjić;1,83m;right;14,0;0;Defensive Midfield;MF;2,0;29;0,0;25,0;0,0;46,15;98,8;47,83;53,7
Rani Khedira;MF;32-155;3,0;2;149,0;1,7;0,0;0,0;1,0;0,0;0,0;0,0;Tunisia;MF;32-155;1,7;1,0;0,0;0,0;0,6;0,0;0,0;;MF;32-155;1,7;3,0;0,0;0,0;0,0;2,0;1,0;;;;;;;;;;;;;;rani khedira;Rani Khedira;1,88m;right;6,0;0;Defensive Midfield;MF;2,0;32;0,0;8,33;18,18;76,92;98,8;34,78;53,6
Christian Pulisic;MF;27-290;;2;165,0;1,8;0,0;1,0;0,0;0,0;0,0;0,55;United States;MF;27-290;1,8;4,0;2,0;50,0;2,18;1,09;0,0;0,0;MF;27-290;1,8;1,0;8,0;2,0;3,0;0,0;1,0;;;;;;;;;;;;;;christian pulisic;Christian Pulisic;1,77m;right;88,0;33;Right Winger;FW;40,0;27;37,16;8,33;0,0;92,31;73,43;56,52;53,6
Ivan Perišić;MF;37-153;;4;360,0;4,0;1,0;1,0;2,0;0,0;0,25;0,25;Croatia;MF,DF;37-153;4,0;2,0;2,0;100,0;0,5;0,5;0,5;0,5;MF,DF;37-153;4,0;4,0;1,0;0,0;20,0;4,0;4,0;;;;;;;;;;;;;;ivan perisic;Ivan Perišić;1,86m;both;157,0;38;Left Winger;FW;1,2;37;16,89;33,33;36,36;69,23;99,33;13,04;53,6
Fredrik Aursnes;MF;30-203;4,0;3;215,0;2,4;0,0;0,0;0,0;0,0;0,0;0,0;Norway;MF,DF;30-203;2,4;1,0;0,0;0,0;0,42;0,0;0,0;;MF,DF;30-203;2,4;5,0;1,0;0,0;3,0;0,0;6,0;;;;;;;;;;;;;;fredrik aursnes;Fredrik Aursnes;1,81m;right;26,0;1;Central Midfield;MF;15,0;30;0,0;50,0;0,0;61,54;90,12;43,48;53,6
Barış Alper Yılmaz;MF;26-039;3,0;2;179,0;2,0;1,0;1,0;0,0;0,0;0,5;0,5;Turkey;MF,FW;26-039;2,0;2,0;1,0;50,0;1,01;0,5;0,5;1,0;MF,FW;26-039;2,0;4,0;1,0;2,0;15,0;0,0;0,0;;;;;;;;;;;;;;barıs alper yılmaz;Barış Alper Yılmaz;1,86m;right;38,0;5;Left Winger;FW;30,0;26;33,78;0,0;0,0;69,23;80,11;60,87;53,6
Konrad Laimer;MF;29-039;4,0;4;360,0;4,0;0,0;1,0;1,0;0,0;0,0;0,25;Austria;MF,DF;29-039;4,0;1,0;0,0;0,0;0,25;0,0;0,0;;MF,DF;29-039;4,0;6,0;3,0;3,0;4,0;2,0;6,0;;;;;;;;;;;;;;konrad laimer;Konrad Laimer;1,80m;right;60,0;7;Right-Back;DF;32,0;29;16,89;50,0;18,18;53,85;78,77;47,83;53,4
Riyad Mahrez;MF;35-133;4,0;3;262,0;2,9;2,0;1,0;0,0;0,0;0,69;0,34;Algeria;MF;35-133;2,9;6,0;3,0;50,0;2,06;1,03;0,33;0,67;MF;35-133;2,9;1,0;7,0;1,0;10,0;1,0;2,0;;;;;;;;;;;;;;riyad mahrez;Riyad Mahrez;1,79m;left;118,0;40;Right Winger;FW;5,0;35;22,97;16,67;9,09;92,31;96,8;21,74;53,4
Ritsu Doan;MF;28-015;4,0;4;278,0;3,1;0,0;1,0;0,0;0,0;0,0;0,32;Japan;MF;28-015;3,1;1,0;0,0;0,0;0,32;0,0;0,0;;MF;28-015;3,1;6,0;4,0;0,0;5,0;1,0;1,0;;;;;;;;;;;;;;ritsu doan;Ritsu Doan;1,72m;left;69,0;11;Right Winger;FW;17,0;28;21,62;8,33;9,09;53,85;88,79;52,17;53,4
Leroy Sané;MF;30-171;;4;326,0;3,6;1,0;0,0;0,0;0,0;0,28;0,0;Germany;MF;30-171;3,6;6,0;2,0;33,3;1,66;0,55;0,17;0,5;MF;30-171;3,6;3,0;2,0;1,0;10,0;2,0;3,0;;;;;;;;;;;;;;leroy sane;Leroy Sané;1,83m;left;80,0;18;Right Winger;FW;20,0;30;0,0;25,0;18,18;76,92;86,78;43,48;53,3
Sadio Mané;MF;34-086;4,0;4;362,0;4,0;0,0;1,0;0,0;0,0;0,0;0,25;Senegal;MF,FW;34-086;4,0;6,0;3,0;50,0;1,49;0,75;0,0;0,0;MF,FW;34-086;4,0;4,0;10,0;3,0;13,0;3,0;2,0;;;;;;;;;;;;;;sadio mane;Sadio Mané;1,75m;right;129,0;54;Left Winger;FW;6,0;34;16,89;16,67;27,27;69,23;96,13;26,09;53,2
Yoel Bárcenas;MF;32-251;;3;249,0;2,8;0,0;0,0;1,0;0,0;0,0;0,0;Panama;MF;32-251;2,8;2,0;0,0;0,0;0,72;0,0;0,0;;MF;32-251;2,8;3,0;3,0;0,0;7,0;2,0;0,0;;;;;;;;;;;;;;yoel barcenas;Yoel Bárcenas;1,75m;right;106,0;9;Right Winger;FW;0,65;32;0,0;0,0;18,18;76,92;99,7;34,78;53,1
Rodri;MF;30-013;;4;356,0;4,0;0,0;0,0;0,0;0,0;0,0;0,0;Spain;MF;30-013;4,0;4,0;0,0;0,0;1,01;0,0;0,0;;MF;30-013;4,0;4,0;2,0;1,0;2,0;3,0;11,0;;;;;;;;;;;;;;rodri;Rodri;1,90m;right;65,0;4;Defensive Midfield;MF;50,0;30;0,0;91,67;27,27;69,23;66,76;43,48;53,1
Junya Itō;MF;33-114;4,0;2;216,0;2,4;1,0;0,0;0,0;0,0;0,42;0,0;Japan;MF;33-114;2,4;3,0;1,0;33,3;1,25;0,42;0,33;1,0;MF;33-114;2,4;2,0;5,0;0,0;17,0;1,0;2,0;;;;;;;;;;;;;;junya ito;Junya Ito;1,77m;right;73,0;16;Right Winger;FW;3,0;33;0,0;16,67;9,09;84,62;98,13;30,43;53,0
Jefferson Lerma;MF;31-253;4,0;4;329,0;3,7;0,0;0,0;1,0;0,0;0,0;0,0;Colombia;MF;31-253;3,7;5,0;1,0;20,0;1,37;0,27;0,0;0,0;MF;31-253;3,7;3,0;5,0;0,0;1,0;2,0;0,0;;;;;;;;;;;;;;jefferson lerma;Jefferson Lerma;1,80m;right;68,0;5;Defensive Midfield;MF;6,0;31;0,0;0,0;18,18;76,92;96,13;39,13;52,9
Rafael Leão;MF;27-025;;1;138,0;1,5;1,0;1,0;0,0;0,0;0,65;0,65;Portugal;MF;27-025;1,5;4,0;1,0;25,0;2,61;0,65;0,25;1,0;MF;27-025;1,5;1,0;2,0;0,0;6,0;2,0;0,0;;;;;;;;;;;;;;rafael leao;Rafael Leão;1,88m;right;47,0;6;Left Winger;FW;50,0;27;43,92;0,0;18,18;92,31;66,76;56,52;52,9
Idrissa Gueye;MF;36-282;4,0;4;361,0;4,0;0,0;0,0;0,0;0,0;0,0;0,0;Senegal;MF;36-282;4,0;5,0;1,0;20,0;1,25;0,25;0,0;0,0;MF;36-282;4,0;2,0;2,0;0,0;1,0;2,0;4,0;;;;;;;;;;;;;;idrissa gueye;Idrissa Gueye;1,74m;right;134,0;7;Defensive Midfield;MF;0,5;36;0,0;33,33;18,18;84,62;99,8;17,39;52,9
Bradley Barcola;MF;23-302;4,0;2;209,0;2,3;2,0;1,0;0,0;0,0;0,86;0,43;France;MF;23-302;2,3;5,0;3,0;60,0;2,15;1,29;0,4;0,67;MF;23-302;2,3;1,0;0,0;1,0;2,0;1,0;3,0;;;;;;;;;;;;;;bradley barcola;Bradley Barcola;1,87m;right;24,0;5;Left Winger;FW;70,0;23;29,05;25,0;9,09;92,31;53,4;73,91;52,7
Leandro Trossard;MF;31-213;;4;359,0;4,0;2,0;1,0;0,0;0,0;0,5;0,25;Belgium;MF,FW;31-213;4,0;13,0;3,0;23,1;3,26;0,75;0,15;0,67;MF,FW;31-213;4,0;3,0;7,0;1,0;5,0;2,0;1,0;;;;;;;;;;;;;;leandro trossard;Leandro Trossard;1,72m;right;54,0;14;Left Winger;FW;18,0;31;16,89;8,33;18,18;76,92;88,12;39,13;52,7
Bruno Guimarães;MF;28-227;4,0;4;338,0;3,8;0,0;4,0;0,0;0,0;0,0;1,07;Brazil;MF;28-227;3,8;6,0;1,0;16,7;1,6;0,27;0,0;0,0;MF;28-227;3,8;3,0;7,0;0,0;14,0;2,0;5,0;;;;;;;;;;;;;;bruno guimaraes;Bruno Guimarães;1,82m;right;47,0;3;Central Midfield;MF;70,0;28;72,3;41,67;18,18;76,92;53,4;52,17;52,6
Tijjani Reijnders;MF;27-337;3,0;3;199,0;2,2;0,0;1,0;0,0;0,0;0,0;0,45;Netherlands;MF;27-337;2,2;4,0;2,0;50,0;1,81;0,9;0,0;0,0;MF;27-337;2,2;0,0;3,0;1,0;15,0;2,0;0,0;;;;;;;;;;;;;;tijjani reijnders;Tijjani Reijnders;1,78m;right;35,0;7;Central Midfield;MF;50,0;27;30,41;0,0;18,18;100,0;66,76;56,52;52,4
Ismaila Sarr;MF;28-130;4,0;4;364,0;4,0;4,0;1,0;0,0;0,0;0,99;0,25;Senegal;MF,FW;28-130;4,0;17,0;6,0;35,3;4,2;1,48;0,24;0,67;MF,FW;28-130;4,0;1,0;9,0;2,0;2,0;2,0;1,0;;;;;;;;;;;;;;ismaila sarr;Ismaïla Sarr;1,85m;right;86,0;22;Right Winger;FW;40,0;28;16,89;8,33;18,18;92,31;73,43;52,17;52,3
Franck Kessié;MF;29-194;4,0;4;346,0;3,8;1,0;0,0;1,0;0,0;0,26;0,0;Ivory Coast;MF;29-194;3,8;4,0;2,0;50,0;1,04;0,52;0,25;0,5;MF;29-194;3,8;7,0;2,0;1,0;2,0;0,0;4,0;;;;;;;;;;;;;;franck kessie;Franck Kessié;1,83m;right;104,0;15;Central Midfield;MF;12,0;29;0,0;33,33;0,0;46,15;92,12;47,83;52,1
Hakan Çalhanoğlu;MF;32-143;2,0;2;180,0;2,0;0,0;0,0;0,0;0,0;0,0;0,0;Turkey;MF;32-143;2,0;11,0;2,0;18,2;5,5;1,0;0,0;0,0;MF;32-143;2,0;2,0;1,0;0,0;10,0;1,0;3,0;;;;;;;;;;;;;;hakan calhanoglu;Hakan Çalhanoğlu;1,78m;right;108,0;22;Defensive Midfield;MF;16,0;32;0,0;25,0;9,09;84,62;89,45;34,78;51,9
Jackson Irvine;MF;33-120;4,0;2;223,0;2,5;0,0;0,0;1,0;0,0;0,0;0,0;Australia;MF;33-120;2,5;3,0;1,0;33,3;1,21;0,4;0,0;0,0;MF;33-120;2,5;3,0;3,0;0,0;2,0;1,0;1,0;;;;;;;;;;;;;;jackson irvine;Jackson Irvine;1,89m;right;85,0;14;Central Midfield;MF;1,0;33;0,0;8,33;9,09;76,92;99,47;30,43;51,9
Leandro Bacuna;MF;34-314;3,0;3;270,0;3,0;0,0;0,0;1,0;0,0;0,0;0,0;Curaçao;MF;34-314;3,0;6,0;1,0;16,7;2,0;0,33;0,0;0,0;MF;34-314;3,0;3,0;3,0;0,0;4,0;0,0;3,0;;;;;;;;;;;;;;leandro bacuna;Leandro Bacuna;1,80m;right;74,0;16;Central Midfield;MF;0,25;34;0,0;25,0;0,0;76,92;99,97;26,09;51,7
Florian Wirtz;MF;23-059;;4;361,0;4,0;0,0;3,0;0,0;0,0;0,0;0,75;Germany;MF;23-059;4,0;10,0;1,0;10,0;2,49;0,25;0,0;0,0;MF;23-059;4,0;1,0;3,0;1,0;13,0;2,0;6,0;;;;;;;;;;;;;;florian wirtz;Florian Wirtz;1,77m;right;45,0;11;Attacking Midfield;MF;100,0;23;50,68;50,0;18,18;92,31;33,38;73,91;51,3
Alexis Mac Allister;MF;27-193;4,0;3;330,0;3,7;0,0;1,0;0,0;0,0;0,0;0,27;Argentina;MF;27-193;3,7;4,0;1,0;25,0;1,09;0,27;0,0;0,0;MF;27-193;3,7;5,0;6,0;0,0;0,0;5,0;7,0;;;;;;;;;;;;;;alexis mac allister;Alexis Mac Allister;1,76m;right;49,0;6;Central Midfield;MF;70,0;27;18,24;58,33;45,45;61,54;53,4;56,52;51,2
Bruno Fernandes;MF;31-300;;4;332,0;3,7;0,0;1,0;0,0;0,0;0,0;0,27;Portugal;MF;31-300;3,7;8,0;3,0;37,5;2,17;0,81;0,0;0,0;MF;31-300;3,7;2,0;7,0;0,0;17,0;0,0;5,0;;;;;;;;;;;;;;bruno fernandes;Bruno Fernandes;1,83m;right;92,0;29;Attacking Midfield;MF;35,0;31;18,24;41,67;0,0;84,62;76,77;39,13;51,1
Tomáš Souček;MF;31-124;3,0;1;137,0;1,5;0,0;0,0;0,0;0,0;0,0;0,0;Czechia;MF;31-124;1,5;1,0;0,0;0,0;0,66;0,0;0,0;;MF;31-124;1,5;3,0;1,0;2,0;1,0;1,0;0,0;;;;;;;;;;;;;;tomas soucek;Tomáš Souček;1,92m;right;93,0;17;Defensive Midfield;MF;10,0;31;0,0;0,0;9,09;76,92;93,46;39,13;51,1
Adrien Rabiot;MF;31-089;3,0;3;270,0;3,0;0,0;1,0;0,0;0,0;0,0;0,33;France;MF;31-089;3,0;3,0;1,0;33,3;1,0;0,33;0,0;0,0;MF;31-089;3,0;7,0;1,0;0,0;0,0;2,0;2,0;;;;;;;;;;;;;;adrien rabiot;Adrien Rabiot;1,91m;left;62,0;7;Central Midfield;MF;18,0;31;22,3;16,67;18,18;46,15;88,12;39,13;51,0
Salem Al-Dawsari;MF;34-316;;3;245,0;2,7;0,0;0,0;1,0;0,0;0,0;0,0;Saudi Arabia;MF;34-316;2,7;3,0;0,0;0,0;1,1;0,0;0,0;;MF;34-316;2,7;3,0;4,0;1,0;3,0;1,0;1,0;;;;;;;;;;;;;;salem al dawsari;Salem Al-Dawsari;1,73m;right;110,0;26;Left Winger;FW;1,2;34;0,0;8,33;9,09;76,92;99,33;26,09;50,7
Manu Koné;MF;25-045;2,0;2;180,0;2,0;0,0;0,0;0,0;0,0;0,0;0,0;France;MF;25-045;2,0;2,0;1,0;50,0;1,0;0,5;0,0;0,0;MF;25-045;2,0;2,0;2,0;0,0;0,0;0,0;3,0;;;;;;;;;;;;;;manu kone;Manu Koné;1,85m;right;16,0;0;Central Midfield;MF;50,0;25;0,0;25,0;0,0;84,62;66,76;65,22;50,6
John McGinn;MF;31-256;3,0;3;259,0;2,9;1,0;0,0;0,0;0,0;0,35;0,0;Scotland;MF;31-256;2,9;3,0;1,0;33,3;1,04;0,35;0,33;1,0;MF;31-256;2,9;2,0;11,0;0,0;10,0;0,0;0,0;;;;;;;;;;;;;;john mcginn;John McGinn;1,78m;left;89,0;21;Central Midfield;MF;13,0;31;0,0;0,0;0,0;84,62;91,46;39,13;50,3
Ryan Gravenberch;MF;24-046;4,0;4;345,0;3,8;0,0;2,0;0,0;0,0;0,0;0,52;Netherlands;MF;24-046;3,8;5,0;0,0;0,0;1,3;0,0;0,0;;MF;24-046;3,8;5,0;3,0;0,0;4,0;6,0;1,0;;;;;;;;;;;;;;ryan gravenberch;Ryan Gravenberch;1,90m;right;31,0;1;Defensive Midfield;MF;80,0;24;35,14;8,33;54,55;61,54;46,73;69,57;49,7
Youri Tielemans;MF;29-059;;4;384,0;4,3;2,0;0,0;0,0;0,0;0,47;0,0;Belgium;MF;29-059;4,3;9,0;3,0;33,3;2,11;0,7;0,11;0,33;MF;29-059;4,3;6,0;9,0;1,0;13,0;1,0;4,0;;;;;;;;;;;;;;youri tielemans;Youri Tielemans;1,76m;right;88,0;13;Central Midfield;MF;30,0;29;0,0;33,33;9,09;53,85;80,11;47,83;49,6
Dani Olmo;MF;28-059;;2;171,0;1,9;0,0;1,0;0,0;0,0;0,0;0,53;Spain;MF;28-059;1,9;6,0;0,0;0,0;3,16;0,0;0,0;;MF;28-059;1,9;3,0;3,0;0,0;0,0;1,0;4,0;;;;;;;;;;;;;;dani olmo;Dani Olmo;1,79m;right;53,0;12;Attacking Midfield;MF;60,0;28;35,81;33,33;9,09;76,92;60,08;52,17;49,6
Kevin De Bruyne;MF;35-007;;4;297,0;3,3;1,0;0,0;0,0;0,0;0,3;0,0;Belgium;MF;35-007;3,3;18,0;4,0;22,2;5,45;1,21;0,06;0,25;MF;35-007;3,3;0,0;3,0;0,0;20,0;0,0;1,0;;;;;;;;;;;;;;kevin de bruyne;Kevin De Bruyne;1,81m;right;122,0;38;Attacking Midfield;MF;8,0;35;0,0;8,33;0,0;100,0;94,79;21,74;49,4
Kenan Yıldız;MF;21-058;3,0;2;218,0;2,4;0,0;0,0;0,0;0,0;0,0;0,0;Turkey;MF;21-058;2,4;14,0;1,0;7,1;5,78;0,41;0,0;0,0;MF;21-058;2,4;2,0;4,0;0,0;6,0;1,0;2,0;;;;;;;;;;;;;;kenan yıldız;Kenan Yıldız;1,87m;both;31,0;5;Left Winger;FW;75,0;21;0,0;16,67;9,09;84,62;50,07;82,61;49,2
Bukayo Saka;MF;24-303;;1;137,0;1,5;0,0;2,0;0,0;0,0;0,0;1,31;England;MF;24-303;1,5;5,0;1,0;20,0;3,28;0,66;0,0;0,0;MF;24-303;1,5;1,0;5,0;2,0;10,0;0,0;3,0;;;;;;;;;;;;;;bukayo saka;Bukayo Saka;1,78m;left;52,0;14;Right Winger;FW;110,0;24;88,51;25,0;0,0;92,31;26,7;69,57;47,3
Pedro Neto;MF;26-118;;4;268,0;3,0;0,0;1,0;0,0;0,0;0,0;0,34;Portugal;MF;26-118;3,0;0,0;0,0;;0,0;0,0;;;MF;26-118;3,0;3,0;3,0;0,0;11,0;0,0;1,0;;;;;;;;;;;;;;pedro neto;Pedro Neto;1,74m;left;28,0;3;Right Winger;FW;60,0;26;22,97;8,33;0,0;76,92;60,08;60,87;47,1
Scott McTominay;MF;29-205;3,0;3;270,0;3,0;0,0;0,0;0,0;0,0;0,0;0,0;Scotland;MF;29-205;3,0;8,0;3,0;37,5;2,67;1,0;0,0;0,0;MF;29-205;3,0;3,0;0,0;0,0;0,0;0,0;2,0;;;;;;;;;;;;;;scott mctominay;Scott McTominay;1,93m;right;73,0;15;Central Midfield;MF;40,0;29;0,0;16,67;0,0;76,92;73,43;47,83;47,0
Arda Güler;MF;21-126;3,0;3;270,0;3,0;1,0;0,0;0,0;0,0;0,33;0,0;Turkey;MF;21-126;3,0;12,0;4,0;33,3;4,0;1,33;0,08;0,25;MF;21-126;3,0;3,0;10,0;2,0;14,0;2,0;3,0;;;;;;;;;;;;;;arda guler;Arda Güler;1,75m;left;33,0;7;Attacking Midfield;MF;90,0;21;0,0;25,0;18,18;76,92;40,05;82,61;46,7
Marcus Rashford;MF;28-247;;2;177,0;2,0;1,0;0,0;0,0;0,0;0,51;0,0;England;MF;28-247;2,0;9,0;3,0;33,3;4,58;1,53;0,11;0,33;MF;28-247;2,0;5,0;1,0;1,0;14,0;0,0;2,0;;;;;;;;;;;;;;marcus rashford;Marcus Rashford;1,85m;right;75,0;19;Left Winger;FW;40,0;28;0,0;16,67;0,0;61,54;73,43;52,17;46,6
Luka Modrić;MF;40-299;;4;317,0;3,5;0,0;1,0;1,0;0,0;0,0;0,28;Croatia;MF;40-299;3,5;1,0;0,0;0,0;0,28;0,0;0,0;;MF;40-299;3,5;4,0;3,0;0,0;11,0;0,0;3,0;;;;;;;;;;;;;;luka modric;Luka Modrić;1,72m;right;201,0;29;Central Midfield;MF;3,5;40;18,92;25,0;0,0;69,23;97,8;0,0;45,5
Jeremy Doku;MF;24-039;;3;195,0;2,2;0,0;0,0;0,0;0,0;0,0;0,0;Belgium;MF;24-039;2,2;3,0;1,0;33,3;1,38;0,46;0,0;0,0;MF;24-039;2,2;1,0;10,0;0,0;4,0;1,0;0,0;;;;;;;;;;;;;;jeremy doku;Jérémy Doku;1,73m;right;45,0;7;Left Winger;FW;75,0;24;0,0;0,0;9,09;92,31;50,07;69,57;45,1
Enzo Fernández;MF;25-169;3,0;3;300,0;3,3;0,0;0,0;0,0;0,0;0,0;0,0;Argentina;MF;25-169;3,3;6,0;2,0;33,3;1,8;0,6;0,0;0,0;MF;25-169;3,3;4,0;4,0;0,0;1,0;4,0;4,0;;;;;;;;;;;;;;enzo fernandez;Enzo Fernández;1,78m;right;44,0;6;Central Midfield;MF;90,0;25;0,0;33,33;36,36;69,23;40,05;65,22;44,2
Moisés Caicedo;MF;24-241;4,0;4;360,0;4,0;0,0;0,0;1,0;0,0;0,0;0,0;Ecuador;MF;24-241;4,0;4,0;1,0;25,0;1,0;0,25;0,0;0,0;MF;24-241;4,0;5,0;4,0;0,0;17,0;4,0;6,0;;;;;;;;;;;;;;moises caicedo;Moisés Caicedo;1,78m;right;65,0;3;Defensive Midfield;MF;100,0;24;0,0;50,0;36,36;61,54;33,38;69,57;43,9
Federico Valverde;MF;27-344;3,0;3;236,0;2,6;0,0;0,0;0,0;0,0;0,0;0,0;Uruguay;MF;27-344;2,6;10,0;2,0;20,0;3,81;0,76;0,0;0,0;MF;27-344;2,6;1,0;0,0;0,0;11,0;3,0;2,0;;;;;;;;;;;;;;federico valverde;Federico Valverde;1,82m;right;76,0;9;Central Midfield;MF;90,0;27;0,0;16,67;27,27;92,31;40,05;56,52;41,8
Jamal Musiala;MF;23-125;;3;270,0;3,0;1,0;0,0;1,0;0,0;0,33;0,0;Germany;MF;23-125;3,0;6,0;1,0;16,7;2,0;0,33;0,17;1,0;MF;23-125;3,0;5,0;11,0;0,0;5,0;1,0;5,0;;;;;;;;;;;;;;jamal musiala;Jamal Musiala;1,84m;right;46,0;10;Attacking Midfield;MF;100,0;23;0,0;41,67;9,09;61,54;33,38;73,91;41,4
Désiré Doué;MF;21-028;4,0;2;215,0;2,4;1,0;0,0;0,0;0,0;0,42;0,0;France;MF;21-028;2,4;7,0;5,0;71,4;2,93;2,09;0,14;0,2;MF;21-028;2,4;0,0;3,0;0,0;1,0;1,0;2,0;;;;;;;;;;;;;;desire doue;Désiré Doué;1,81m;right;11,0;3;Right Winger;FW;120,0;21;0,0;16,67;9,09;100,0;20,03;82,61;40,2
Ousmane Dembélé;MF;29-047;4,0;4;284,0;3,2;4,0;2,0;0,0;0,0;1,27;0,63;France;MF;29-047;3,2;10,0;5,0;50,0;3,17;1,58;0,4;0,8;MF;29-047;3,2;0,0;2,0;2,0;12,0;0,0;2,0;;;;;;;;;;;;;;ousmane dembele;Ousmane Dembélé;1,79m;both;63,0;11;Centre-Forward;FW;100,0;29;42,57;16,67;0,0;100,0;33,38;47,83;39,6
Michael Olise;MF;24-201;4,0;4;305,0;3,4;0,0;5,0;0,0;0,0;0,0;1,48;France;MF;24-201;3,4;14,0;5,0;35,7;4,13;1,48;0,0;0,0;MF;24-201;3,4;1,0;6,0;0,0;12,0;0,0;3,0;;;;;;;;;;;;;;michael olise;Michael Olise;1,80m;left;21,0;7;Right Winger;FW;150,0;24;100,0;25,0;0,0;92,31;0,0;69,57;39,1
Jude Bellingham;MF;23-006;;4;312,0;3,5;2,0;1,0;1,0;0,0;0,58;0,29;England;MF;23-006;3,5;9,0;6,0;66,7;2,6;1,73;0,22;0,33;MF;23-006;3,5;4,0;6,0;1,0;8,0;1,0;7,0;;;;;;;;;;;;;;jude bellingham;Jude Bellingham;1,86m;right;51,0;8;Attacking Midfield;MF;130,0;23;19,59;58,33;9,09;69,23;13,35;73,91;38,8
Antoine Semenyo;MF;26-179;4,0;4;360,0;4,0;0,0;0,0;0,0;0,0;0,0;0,0;Ghana;MF,FW;26-179;4,0;6,0;0,0;0,0;1,5;0,0;0,0;;MF,FW;26-179;4,0;6,0;4,0;4,0;5,0;0,0;2,0;;;;;;;;;;;;;;antoine semenyo;Antoine Semenyo;1,85m;right;37,0;3;Right Winger;FW;80,0;26;0,0;16,67;0,0;53,85;46,73;60,87;38,6
João Neves;MF;21-281;;3;300,0;3,3;1,0;0,0;0,0;0,0;0,3;0,0;Portugal;MF;21-281;3,3;2,0;1,0;50,0;0,6;0,3;0,5;1,0;MF;21-281;3,3;1,0;3,0;0,0;2,0;2,0;5,0;;;;;;;;;;;;;;joao neves;João Neves;1,71m;right;25,0;4;Central Midfield;MF;140,0;21;0,0;41,67;18,18;92,31;6,68;82,61;38,2
Aleksandar Pavlovic;MF;22-059;;4;272,0;3,0;0,0;0,0;1,0;0,0;0,0;0,0;Germany;MF;22-059;3,0;4,0;1,0;25,0;1,32;0,33;0,0;0,0;MF;22-059;3,0;13,0;4,0;0,0;1,0;2,0;3,0;;;;;;;;;;;;;;aleksandar pavlovic;Aleksandar Pavlovic;1,88m;both;15,0;1;Defensive Midfield;MF;90,0;22;0,0;25,0;18,18;0,0;40,05;78,26;37,9
Pedri;MF;23-222;;4;307,0;3,4;0,0;0,0;1,0;0,0;0,0;0,0;Spain;MF;23-222;3,4;3,0;1,0;33,3;0,88;0,29;0,0;0,0;MF;23-222;3,4;2,0;4,0;1,0;12,0;7,0;5,0;;;;;;;;;;;;;;pedri;Pedri;1,74m;right;44,0;6;Central Midfield;MF;150,0;23;0,0;41,67;63,64;84,62;0,0;73,91;37,5
Declan Rice;MF;27-172;;3;250,0;2,8;0,0;1,0;1,0;0,0;0,0;0,36;England;MF;27-172;2,8;4,0;1,0;25,0;1,44;0,36;0,0;0,0;MF;27-172;2,8;2,0;0,0;0,0;33,0;0,0;1,0;;;;;;;;;;;;;;declan rice;Declan Rice;1,88m;right;75,0;7;Central Midfield;MF;120,0;27;24,32;8,33;0,0;84,62;20,03;56,52;32,9
Vitinha;MF;26-142;;4;294,0;3,3;0,0;0,0;0,0;0,0;0,0;0,0;Portugal;MF;26-142;3,3;3,0;0,0;0,0;0,92;0,0;0,0;;MF;26-142;3,3;4,0;5,0;0,0;1,0;1,0;0,0;;;;;;;;;;;;;;vitinha;Vitinha;1,70m;right;41,0;0;Defensive Midfield;MF;140,0;26;0,0;0,0;9,09;69,23;6,68;60,87;25,4
