Player;Pos;Age;MP;Starts;Min;90s;Gls;Ast;CrdY;CrdR;Gls_p90;Ast_p90;Country;Pos_sh;Age_sh;90s_sh;Sh;SoT;SoT_pct;Sh_p90;SoT_p90;G_per_Sh;G_per_SoT;Pos_misc;Age_misc;90s_misc;Fls;Fld;Off;Crs;Int;TklW;Pos_gk;Age_gk;MP_gk;Starts_gk;Min_gk;90s_gk;GA;GA90;SoTA;Saves;Save_pct;CS;CS_pct;match_name;Player_tm;Height;Foot;International matches;Goals;TM_Position;Pos_tm;Value_M;Age_tm;n_tkl;n_int;n_gls;n_fls;n_val;n_age;Score
Alex Freeman;DF;21-330;;3;284,0;3,2;1,0;1,0;0,0;0,0;0,32;0,32;United States;DF;21-330;3,2;2,0;1,0;50,0;0,63;0,32;0,5;1,0;DF;21-330;3,2;1,0;1,0;0,0;1,0;5,0;3,0;;;;;;;;;;;;;;alex freeman;Alex Freeman;1,88m;right;20,0;3;Right-Back;DF;3,5;21;23,08;45,45;47,76;88,89;96,6;85,0;75,6
Omar Rekik;DF;24-193;2,0;2;180,0;2,0;1,0;0,0;0,0;0,0;0,5;0,0;Tunisia;DF;24-193;2,0;1,0;1,0;100,0;0,5;0,5;1,0;1,0;DF;24-193;2,0;0,0;1,0;1,0;1,0;3,0;2,0;;;;;;;;;;;;;;omar rekik;Omar Rekik;1,88m;right;8,0;1;Centre-Back;DF;0,5;24;15,38;27,27;74,63;100,0;99,6;70,0;74,1
Mbekezeli Mbokazi;DF;20-285;4,0;4;360,0;4,0;0,0;0,0;0,0;0,0;0,0;0,0;South Africa;DF;20-285;4,0;4,0;1,0;25,0;1,0;0,25;0,0;0,0;DF;20-285;4,0;3,0;5,0;1,0;3,0;4,0;5,0;;;;;;;;;;;;;;mbekezeli mbokazi;Mbekezeli Mbokazi;1,77m;left;14,0;1;Centre-Back;DF;3,5;20;38,46;36,36;0,0;66,67;96,6;90,0;70,5
Sidny Lopes Cabral;DF;23-290;3,0;3;285,0;3,2;1,0;0,0;2,0;0,0;0,32;0,0;Cape Verde;DF;23-290;3,2;4,0;2,0;50,0;1,26;0,63;0,25;0,5;DF;23-290;3,2;2,0;9,0;0,0;12,0;4,0;2,0;;;;;;;;;;;;;;sidny lopes cabral;Sidny Lopes Cabral;1,76m;both;11,0;2;Left-Back;DF;4,0;23;15,38;36,36;47,76;77,78;96,1;75,0;70,1
Ime Okon;DF;22-131;4,0;4;360,0;4,0;0,0;0,0;0,0;0,0;0,0;0,0;South Africa;DF;22-131;4,0;1,0;0,0;0,0;0,25;0,0;0,0;;DF;22-131;4,0;1,0;0,0;0,0;0,0;5,0;2,0;;;;;;;;;;;;;;ime okon;Ime Okon;1,87m;right;7,0;0;Centre-Back;DF;2,0;22;15,38;45,45;0,0;88,89;98,1;80,0;69,3
Finn Surman;DF;22-281;3,0;3;270,0;3,0;1,0;0,0;0,0;0,0;0,33;0,0;New Zealand;DF;22-281;3,0;2,0;1,0;50,0;0,67;0,33;0,5;1,0;DF;22-281;3,0;4,0;2,0;0,0;0,0;4,0;1,0;;;;;;;;;;;;;;finn surman;Finn Surman;1,90m;right;22,0;3;Centre-Back;DF;1,8;22;7,69;36,36;49,25;55,56;98,3;80,0;69,3
Lucas Herrington;DF;18-303;2,0;2;210,0;2,3;0,0;0,0;0,0;0,0;0,0;0,0;Australia;DF;18-303;2,3;0,0;0,0;;0,0;0,0;;;DF;18-303;2,3;2,0;0,0;0,0;0,0;2,0;1,0;;;;;;;;;;;;;;lucas herrington;Lucas Herrington;1,93m;right;5,0;0;Centre-Back;DF;4,5;18;7,69;18,18;0,0;77,78;95,6;100,0;68,8
Merchas Doski;DF;26-206;3,0;3;270,0;3,0;0,0;0,0;1,0;0,0;0,0;0,0;Iraq;DF;26-206;3,0;1,0;0,0;0,0;0,33;0,0;0,0;;DF;26-206;3,0;3,0;8,0;0,0;4,0;6,0;9,0;;;;;;;;;;;;;;merchas doski;Merchas Doski;1,73m;left;34,0;1;Left-Back;DF;1,7;26;69,23;54,55;0,0;66,67;98,4;60,0;68,5
Mohannad Abu Taha;DF;23-149;3,0;3;264,0;2,9;0,0;0,0;1,0;0,0;0,0;0,0;Jordan;DF;23-149;2,9;1,0;0,0;0,0;0,34;0,0;0,0;;DF;23-149;2,9;2,0;1,0;0,0;5,0;6,0;2,0;;;;;;;;;;;;;;mohannad abu taha;Mohannad Abu Taha;1,76m;left;28,0;1;Left-Back;DF;0,55;23;15,38;54,55;0,0;77,78;99,55;75,0;68,4
Marvin Senaya;DF;25-158;4,0;4;278,0;3,1;0,0;0,0;0,0;0,0;0,0;0,0;Ghana;DF;25-158;3,1;2,0;0,0;0,0;0,65;0,0;0,0;;DF;25-158;3,1;6,0;4,0;0,0;8,0;6,0;12,0;;;;;;;;;;;;;;marvin senaya;Marvin Senaya;1,81m;right;5,0;0;Right-Back;DF;3,0;25;92,31;54,55;0,0;33,33;97,1;65,0;68,3
Deveron Fonville;DF;23-046;3,0;3;241,0;2,7;0,0;0,0;0,0;0,0;0,0;0,0;Curaçao;DF;23-046;2,7;0,0;0,0;;0,0;0,0;;;DF;23-046;2,7;2,0;3,0;0,0;0,0;5,0;3,0;;;;;;;;;;;;;;deveron fonville;Deveron Fonville;1,88m;left;5,0;0;Centre-Back;DF;1,5;23;23,08;45,45;0,0;77,78;98,6;75,0;67,9
Bekhruz Karimov;DF;18-328;2,0;2;179,0;2,0;0,0;0,0;0,0;0,0;0,0;0,0;Uzbekistan;DF;18-328;2,0;2,0;0,0;0,0;1,01;0,0;0,0;;DF;18-328;2,0;8,0;4,0;0,0;2,0;3,0;5,0;;;;;;;;;;;;;;bekhruz karimov;Bekhruz Karimov;1,80m;right;4,0;0;Right-Back;DF;0,35;18;38,46;27,27;0,0;11,11;99,75;100,0;67,6
Luc De Fougerolles;DF;20-262;4,0;3;282,0;3,1;0,0;0,0;1,0;0,0;0,0;0,0;Canada;DF;20-262;3,1;2,0;1,0;50,0;0,64;0,32;0,0;0,0;DF;20-262;3,1;5,0;6,0;0,0;0,0;1,0;6,0;;;;;;;;;;;;;;luc de fougerolles;Luc De Fougerolles;1,83m;right;17,0;0;Centre-Back;DF;1,0;20;46,15;9,09;0,0;44,44;99,1;90,0;67,2
Ayoub Al-Oui;DF;21-112;2,0;2;149,0;1,7;0,0;0,0;0,0;0,0;0,0;0,0;Qatar;DF;21-112;1,7;0,0;0,0;;0,0;0,0;;;DF;21-112;1,7;1,0;0,0;0,0;0,0;2,0;0,0;;;;;;;;;;;;;;ayoub al oui;Ayoub Al-Oui;1,81m;right;9,0;0;Right-Back;DF;0,38;21;0,0;18,18;0,0;88,89;99,72;85,0;66,9
Lee Gi-hyuk;DF;25-359;;3;270,0;3,0;0,0;0,0;1,0;0,0;0,0;0,0;South Korea;DF;25-359;3,0;0,0;0,0;;0,0;0,0;;;DF;25-359;3,0;2,0;1,0;0,0;2,0;5,0;4,0;;;;;;;;;;;;;;gi hyuk lee;Gi-hyuk Lee;1,84m;left;6,0;0;Centre-Back;DF;0,8;25;30,77;45,45;0,0;77,78;99,3;65,0;66,4
Gideon Mensah;DF;27-352;4,0;4;360,0;4,0;0,0;0,0;0,0;0,0;0,0;0,0;Ghana;DF;27-352;4,0;0,0;0,0;;0,0;0,0;;;DF;27-352;4,0;2,0;3,0;0,0;3,0;8,0;5,0;;;;;;;;;;;;;;gideon mensah;Gideon Mensah;1,78m;left;43,0;0;Left-Back;DF;4,0;27;38,46;72,73;0,0;77,78;96,1;55,0;66,3
Abdulelah Al-Amri;DF;29-167;;3;239,0;2,7;1,0;0,0;1,0;0,0;0,38;0,0;Saudi Arabia;DF;29-167;2,7;4,0;2,0;50,0;1,51;0,75;0,25;0,5;DF;29-167;2,7;1,0;0,0;0,0;1,0;4,0;2,0;;;;;;;;;;;;;;abdulelah al amri;Abdulelah Al-Amri;1,85m;right;44,0;2;Centre-Back;DF;1,4;29;15,38;36,36;56,72;88,89;98,7;45,0;65,5
Marcus Pedersen;DF;25-350;3,0;1;205,0;2,3;1,0;0,0;0,0;0,0;0,44;0,0;Norway;DF;25-350;2,3;1,0;1,0;100,0;0,44;0,44;1,0;1,0;DF;25-350;2,3;2,0;1,0;0,0;5,0;0,0;1,0;;;;;;;;;;;;;;marcus pedersen;Marcus Pedersen;1,84m;right;35,0;1;Right-Back;DF;3,5;25;7,69;0,0;65,67;77,78;96,6;65,0;65,2
Khuliso Mudau;DF;31-066;4,0;4;360,0;4,0;0,0;0,0;0,0;0,0;0,0;0,0;South Africa;DF;31-066;4,0;0,0;0,0;;0,0;0,0;;;DF;31-066;4,0;4,0;10,0;1,0;3,0;11,0;8,0;;;;;;;;;;;;;;khuliso mudau;Khuliso Mudau;1,79m;right;36,0;1;Right-Back;DF;1,2;31;61,54;100,0;0,0;55,56;98,9;35,0;65,1
Jonas Adjetey;DF;22-204;3,0;3;225,0;2,5;0,0;0,0;0,0;0,0;0,0;0,0;Ghana;DF;22-204;2,5;2,0;1,0;50,0;0,8;0,4;0,0;0,0;DF;22-204;2,5;1,0;0,0;0,0;0,0;1,0;3,0;;;;;;;;;;;;;;jonas adjetey;Jonas Adjetey;1,88m;right;13,0;0;Centre-Back;DF;6,0;22;23,08;9,09;0,0;88,89;94,09;80,0;65,0
Jacob Italiano;DF;24-340;2,0;2;163,0;1,8;0,0;0,0;1,0;0,0;0,0;0,0;Australia;DF;24-340;1,8;1,0;0,0;0,0;0,55;0,0;0,0;;DF;24-340;1,8;0,0;0,0;0,0;8,0;1,0;2,0;;;;;;;;;;;;;;jacob italiano;Jacob Italiano;1,77m;both;7,0;0;Right-Back;DF;0,6;24;15,38;9,09;0,0;100,0;99,5;70,0;64,8
Hussein Ali;DF;24-122;2,0;2;162,0;1,8;0,0;0,0;0,0;0,0;0,0;0,0;Iraq;DF;24-122;1,8;1,0;0,0;0,0;0,56;0,0;0,0;;DF;24-122;1,8;1,0;0,0;1,0;1,0;2,0;2,0;;;;;;;;;;;;;;hussein ali;Hussein Ali;1,82m;right;29,0;1;Right-Back;DF;0,4;24;15,38;18,18;0,0;88,89;99,7;70,0;64,6
Sherel Floranus;DF;27-312;3,0;3;270,0;3,0;0,0;0,0;0,0;0,0;0,0;0,0;Curaçao;DF;27-312;3,0;2,0;0,0;0,0;0,67;0,0;0,0;;DF;27-312;3,0;2,0;0,0;1,0;0,0;4,0;6,0;;;;;;;;;;;;;;sherel floranus;Sherel Floranus;1,81m;right;29,0;0;Left-Back;DF;0,8;27;46,15;36,36;0,0;77,78;99,3;55,0;64,5
Moteb Al-Harbi;DF;26-131;;2;188,0;2,1;0,0;0,0;0,0;0,0;0,0;0,0;Saudi Arabia;DF;26-131;2,1;0,0;0,0;;0,0;0,0;;;DF;26-131;2,1;0,0;4,0;0,0;1,0;4,0;1,0;;;;;;;;;;;;;;moteb al harbi;Moteb Al-Harbi;1,77m;left;16,0;0;Left-Back;DF;1,4;26;7,69;36,36;0,0;100,0;98,7;60,0;64,0
Gustaf Lagerbielke;DF;26-082;4,0;4;360,0;4,0;0,0;0,0;0,0;0,0;0,0;0,0;Sweden;DF;26-082;4,0;3,0;1,0;33,3;0,75;0,25;0,0;0,0;DF;26-082;4,0;1,0;3,0;1,0;1,0;5,0;5,0;;;;;;;;;;;;;;gustaf lagerbielke;Gustaf Lagerbielke;1,93m;right;15,0;2;Centre-Back;DF;10,0;26;38,46;45,45;0,0;88,89;90,09;60,0;63,8
Mohamed Hany;DF;30-161;4,0;4;390,0;4,3;0,0;1,0;0,0;0,0;0,0;0,23;Egypt;DF;30-161;4,3;4,0;0,0;0,0;0,92;0,0;0,0;;DF;30-161;4,3;2,0;1,0;0,0;13,0;5,0;9,0;;;;;;;;;;;;;;mohamed hany;Mohamed Hany;1,80m;right;45,0;0;Right-Back;DF;1,5;30;69,23;45,45;0,0;77,78;98,6;40,0;63,8
Liberato Cacace;DF;25-277;3,0;3;220,0;2,4;0,0;0,0;0,0;0,0;0,0;0,0;New Zealand;DF;25-277;2,4;1,0;1,0;100,0;0,41;0,41;0,0;0,0;DF;25-277;2,4;1,0;5,0;0,0;8,0;3,0;2,0;;;;;;;;;;;;;;liberato cacace;Liberato Cacace;1,82m;left;40,0;1;Left-Back;DF;2,5;25;15,38;27,27;0,0;88,89;97,6;65,0;63,6
Armando Obispo;DF;27-118;3,0;3;270,0;3,0;0,0;0,0;0,0;0,0;0,0;0,0;Curaçao;DF;27-118;3,0;0,0;0,0;;0,0;0,0;;;DF;27-118;3,0;1,0;0,0;1,0;0,0;7,0;1,0;;;;;;;;;;;;;;armando obispo;Armando Obispo;1,85m;left;9,0;0;Centre-Back;DF;4,0;27;7,69;63,64;0,0;88,89;96,1;55,0;63,4
Hassan Al Tambakti;DF;27-142;;3;212,0;2,4;0,0;0,0;0,0;0,0;0,0;0,0;Saudi Arabia;DF;27-142;2,4;0,0;0,0;;0,0;0,0;;;DF;27-142;2,4;0,0;1,0;0,0;0,0;3,0;3,0;;;;;;;;;;;;;;hassan tambakti;Hassan Tambakti;1,83m;right;53,0;0;Centre-Back;DF;1,8;27;23,08;27,27;0,0;100,0;98,3;55,0;63,2
Chadi Riad;DF;23-014;4,0;4;344,0;3,8;0,0;1,0;0,0;0,0;0,0;0,26;Morocco;DF;23-014;3,8;1,0;0,0;0,0;0,26;0,0;0,0;;DF;23-014;3,8;0,0;1,0;0,0;0,0;4,0;1,0;;;;;;;;;;;;;;chadi riad;Chadi Riad;1,86m;left;10,0;1;Centre-Back;DF;15,0;23;7,69;36,36;0,0;100,0;85,09;75,0;62,9
Hannes Delcroix;DF;27-123;;3;270,0;3,0;0,0;0,0;0,0;0,0;0,0;0,0;Haiti;DF;27-123;3,0;0,0;0,0;;0,0;0,0;;;DF;27-123;3,0;1,0;2,0;0,0;0,0;4,0;3,0;;;;;;;;;;;;;;hannes delcroix;Hannes Delcroix;1,83m;left;10,0;0;Centre-Back;DF;2,0;27;23,08;36,36;0,0;88,89;98,1;55,0;62,9
Rafik Belghali;DF;24-027;4,0;4;331,0;3,7;1,0;0,0;0,0;0,0;0,27;0,0;Algeria;DF;24-027;3,7;3,0;1,0;33,3;0,82;0,27;0,33;1,0;DF;24-027;3,7;4,0;2,0;0,0;4,0;1,0;3,0;;;;;;;;;;;;;;rafik belghali;Rafik Belghali;1,80m;right;16,0;2;Right-Back;DF;7,0;24;23,08;9,09;40,3;55,56;93,09;70,0;62,9
Rustam Ashurmatov;DF;29-359;3,0;3;256,0;2,8;0,0;0,0;0,0;0,0;0,0;0,0;Uzbekistan;DF;29-359;2,8;0,0;0,0;;0,0;0,0;;;DF;29-359;2,8;1,0;0,0;0,0;0,0;7,0;2,0;;;;;;;;;;;;;;rustam ashurmatov;Rustam Ashurmatov;1,86m;right;54,0;1;Centre-Back;DF;0,75;29;15,38;63,64;0,0;88,89;99,35;45,0;62,8
Krépin Diatta;DF;27-130;4,0;4;390,0;4,3;0,0;0,0;0,0;0,0;0,0;0,0;Senegal;DF;27-130;4,3;1,0;0,0;0,0;0,23;0,0;0,0;;DF;27-130;4,3;4,0;6,0;0,0;12,0;3,0;10,0;;;;;;;;;;;;;;krepin diatta;Krépin Diatta;1,73m;right;64,0;2;Right Midfield;MF;6,0;27;76,92;27,27;0,0;55,56;94,09;55,0;62,7
Alessandro Circati;DF;22-268;4,0;4;390,0;4,3;0,0;0,0;1,0;0,0;0,0;0,0;Australia;DF;22-268;4,3;3,0;0,0;0,0;0,69;0,0;0,0;;DF;22-268;4,3;5,0;4,0;0,0;2,0;2,0;7,0;;;;;;;;;;;;;;alessandro circati;Alessandro Circati;1,91m;right;16,0;1;Centre-Back;DF;12,0;22;53,85;18,18;0,0;44,44;88,09;80,0;62,5
Ahmed Fatouh;DF;28-105;3,0;3;267,0;3,0;0,0;0,0;1,0;0,0;0,0;0,0;Egypt;DF;28-105;3,0;1,0;1,0;100,0;0,34;0,34;0,0;0,0;DF;28-105;3,0;2,0;3,0;0,0;8,0;4,0;5,0;;;;;;;;;;;;;;ahmed fatouh;Ahmed Fatouh;1,77m;left;42,0;1;Left-Back;DF;1,0;28;38,46;36,36;0,0;77,78;99,1;50,0;62,4
Josip Šutalo;DF;26-127;;4;360,0;4,0;0,0;0,0;0,0;0,0;0,0;0,0;Croatia;DF;26-127;4,0;1,0;0,0;0,0;0,25;0,0;0,0;;DF;26-127;4,0;2,0;1,0;0,0;0,0;6,0;4,0;;;;;;;;;;;;;;josip sutalo;Josip Sutalo;1,85m;right;36,0;0;Centre-Back;DF;12,0;26;30,77;54,55;0,0;77,78;88,09;60,0;62,1
Derrick Luckassen;DF;31-002;2,0;2;180,0;2,0;1,0;0,0;0,0;0,0;0,5;0,0;Ghana;DF;31-002;2,0;1,0;1,0;100,0;0,5;0,5;1,0;1,0;DF;31-002;2,0;1,0;2,0;0,0;0,0;0,0;1,0;;;;;;;;;;;;;;derrick luckassen;Derrick Luckassen;1,88m;right;2,0;1;Centre-Back;DF;1,0;30;7,69;0,0;74,63;88,89;99,1;40,0;61,8
Juan Manuel Sanabria;DF;26-094;3,0;2;204,0;2,3;0,0;0,0;1,0;0,0;0,0;0,0;Uruguay;DF;26-094;2,3;3,0;0,0;0,0;1,32;0,0;0,0;;DF;26-094;2,3;1,0;0,0;1,0;15,0;1,0;4,0;;;;;;;;;;;;;;juan manuel sanabria;Juan Manuel Sanabria;1,70m;left;8,0;1;Left-Back;DF;4,0;26;30,77;9,09;0,0;88,89;96,1;60,0;61,5
Ramy Bensebaini;DF;31-079;4,0;4;360,0;4,0;0,0;0,0;0,0;0,0;0,0;0,0;Algeria;DF;31-079;4,0;2,0;0,0;0,0;0,5;0,0;0,0;;DF;31-079;4,0;1,0;5,0;0,0;0,0;7,0;6,0;;;;;;;;;;;;;;ramy bensebaini;Ramy Bensebaini;1,87m;left;84,0;7;Centre-Back;DF;7,0;31;46,15;63,64;0,0;88,89;93,09;35,0;61,2
Saud Abdulhamid;DF;26-348;;3;269,0;3,0;0,0;0,0;1,0;0,0;0,0;0,0;Saudi Arabia;DF;26-348;3,0;2,0;0,0;0,0;0,67;0,0;0,0;;DF;26-348;3,0;4,0;2,0;0,0;5,0;2,0;9,0;;;;;;;;;;;;;;saud abdulhamid;Saud Abdulhamid;1,72m;right;55,0;1;Right-Back;DF;9,0;26;69,23;18,18;0,0;55,56;91,09;60,0;61,2
Akam Hashim;DF;27-319;3,0;3;270,0;3,0;0,0;0,0;0,0;0,0;0,0;0,0;Iraq;DF;27-319;3,0;1,0;0,0;0,0;0,33;0,0;0,0;;DF;27-319;3,0;0,0;3,0;0,0;0,0;2,0;1,0;;;;;;;;;;;;;;akam hashem;Akam Hashem;1,86m;left;17,0;1;Centre-Back;DF;0,7;27;7,69;18,18;0,0;100,0;99,4;55,0;61,1
Nathan Patterson;DF;24-258;3,0;2;185,0;2,1;0,0;0,0;0,0;0,0;0,0;0,0;Scotland;DF;24-258;2,1;0,0;0,0;;0,0;0,0;;;DF;24-258;2,1;2,0;0,0;0,0;1,0;3,0;2,0;;;;;;;;;;;;;;nathan patterson;Nathan Patterson;1,83m;right;29,0;1;Right-Back;DF;10,0;24;15,38;27,27;0,0;77,78;90,09;70,0;61,1
Odilon Kossounou;DF;25-178;4,0;3;272,0;3,0;0,0;0,0;0,0;0,0;0,0;0,0;Ivory Coast;DF;25-178;3,0;0,0;0,0;;0,0;0,0;;;DF;25-178;3,0;0,0;1,0;0,0;0,0;3,0;3,0;;;;;;;;;;;;;;odilon kossounou;Odilon Kossounou;1,91m;right;39,0;0;Centre-Back;DF;15,0;25;23,08;27,27;0,0;100,0;85,09;65,0;61,1
Yazan Al-Arab;DF;30-151;3,0;3;270,0;3,0;0,0;0,0;1,0;0,0;0,0;0,0;Jordan;DF;30-151;3,0;0,0;0,0;;0,0;0,0;;;DF;30-151;3,0;4,0;0,0;0,0;0,0;11,0;1,0;;;;;;;;;;;;;;yazan al arab;Yazan Al-Arab;1,85m;left;73,0;3;Centre-Back;DF;1,0;30;7,69;100,0;0,0;55,56;99,1;40,0;61,0
Ramin Rezaeian;DF;36-102;;3;270,0;3,0;2,0;1,0;0,0;0,0;0,67;0,33;Iran;DF,MF;36-102;3,0;4,0;2,0;50,0;1,33;0,67;0,5;1,0;DF,MF;36-102;3,0;2,0;3,0;1,0;18,0;2,0;5,0;;;;;;;;;;;;;;ramin rezaeian;Ramin Rezaeian;1,84m;right;78,0;10;Right-Back;DF;0,25;36;38,46;18,18;100,0;77,78;99,85;10,0;60,9
Aaron Wan-Bissaka;DF;28-221;;4;354,0;3,9;0,0;0,0;0,0;0,0;0,0;0,0;DR Congo;DF;28-221;3,9;0,0;0,0;;0,0;0,0;;;DF;28-221;3,9;1,0;1,0;1,0;6,0;7,0;4,0;;;;;;;;;;;;;;aaron wan bissaka;Aaron Wan-Bissaka;1,83m;right;15,0;0;Right-Back;DF;15,0;28;30,77;63,64;0,0;88,89;85,09;50,0;60,6
Nikola Katić;DF;29-268;4,0;4;317,0;3,5;0,0;0,0;1,0;0,0;0,0;0,0;Bosnia and Herzegovina;DF;29-268;3,5;2,0;0,0;0,0;0,57;0,0;0,0;;DF;29-268;3,5;4,0;0,0;0,0;0,0;5,0;6,0;;;;;;;;;;;;;;nikola katic;Nikola Katic;1,94m;right;20,0;2;Centre-Back;DF;1,8;29;46,15;45,45;0,0;55,56;98,3;45,0;60,4
Diney;DF;31-169;4,0;4;390,0;4,3;0,0;0,0;1,0;0,0;0,0;0,0;Cape Verde;DF;31-169;4,3;4,0;2,0;50,0;0,92;0,46;0,0;0,0;DF;31-169;4,3;2,0;0,0;0,0;0,0;4,0;7,0;;;;;;;;;;;;;;diney borges;Diney Borges;1,85m;right;34,0;2;Centre-Back;DF;0,9;31;53,85;36,36;0,0;77,78;99,2;35,0;60,3
Israel Reyes;DF;26-039;4,0;2;202,0;2,2;0,0;0,0;0,0;0,0;0,0;0,0;Mexico;DF;26-039;2,2;2,0;0,0;0,0;0,89;0,0;0,0;;DF;26-039;2,2;1,0;0,0;0,0;2,0;3,0;1,0;;;;;;;;;;;;;;israel reyes;Israel Reyes;1,81m;right;38,0;2;Right-Back;DF;6,5;26;7,69;27,27;0,0;88,89;93,59;60,0;60,1
Husam Abu Dahab;DF;26-049;2,0;2;178,0;2,0;0,0;0,0;1,0;0,0;0,0;0,0;Jordan;DF;26-049;2,0;0,0;0,0;;0,0;0,0;;;DF;26-049;2,0;2,0;1,0;0,0;0,0;0,0;3,0;;;;;;;;;;;;;;husam abu dahab;Husam Abu Dahab;1,86m;left;15,0;0;Centre-Back;DF;0,35;26;23,08;0,0;0,0;77,78;99,75;60,0;60,0
Abdallah Nasib;DF;32-126;3,0;3;260,0;2,9;0,0;0,0;0,0;0,0;0,0;0,0;Jordan;DF;32-126;2,9;0,0;0,0;;0,0;0,0;;;DF;32-126;2,9;1,0;1,0;0,0;0,0;7,0;3,0;;;;;;;;;;;;;;abdallah nasib;Abdallah Nasib;1,84m;right;58,0;2;Centre-Back;DF;0,4;32;23,08;63,64;0,0;88,89;99,7;30,0;60,0
Jean-Kevin Duverne;DF;28-354;;2;169,0;1,9;0,0;1,0;0,0;0,0;0,0;0,53;Haiti;DF;28-354;1,9;1,0;0,0;0,0;0,53;0,0;0,0;;DF;28-354;1,9;2,0;1,0;1,0;1,0;4,0;2,0;;;;;;;;;;;;;;jean kevin duverne;Jean-Kévin Duverne;1,84m;right;19,0;1;Centre-Back;DF;2,0;28;15,38;36,36;0,0;77,78;98,1;50,0;59,8
Montassar Talbi;DF;28-036;3,0;3;270,0;3,0;0,0;0,0;0,0;0,0;0,0;0,0;Tunisia;DF;28-036;3,0;1,0;0,0;0,0;0,33;0,0;0,0;;DF;28-036;3,0;1,0;1,0;0,0;0,0;5,0;2,0;;;;;;;;;;;;;;montassar talbi;Montassar Talbi;1,90m;right;67,0;4;Centre-Back;DF;8,0;28;15,38;45,45;0,0;88,89;92,09;50,0;59,7
Mohamed Amine Ben Hamida;DF;30-198;3,0;2;202,0;2,2;0,0;0,0;0,0;0,0;0,0;0,0;Tunisia;DF;30-198;2,2;0,0;0,0;;0,0;0,0;;;DF;30-198;2,2;3,0;1,0;0,0;1,0;1,0;9,0;;;;;;;;;;;;;;mohamed amine ben hamida;Mohamed Amine Ben Hamida;1,81m;left;16,0;0;Left-Back;DF;1,0;30;69,23;9,09;0,0;66,67;99,1;40,0;59,2
Martin Expérience;DF;27-114;;3;270,0;3,0;0,0;0,0;0,0;0,0;0,0;0,0;Haiti;DF,MF;27-114;3,0;1,0;0,0;0,0;0,33;0,0;0,0;;DF,MF;27-114;3,0;7,0;6,0;0,0;6,0;4,0;6,0;;;;;;;;;;;;;;martin experience;Martin Expérience;1,78m;left;24,0;0;Left-Back;DF;0,35;27;46,15;36,36;0,0;22,22;99,75;55,0;59,1
Ali Lajami;DF;30-068;;1;149,0;1,7;0,0;0,0;0,0;0,0;0,0;0,0;Saudi Arabia;DF;30-068;1,7;0,0;0,0;;0,0;0,0;;;DF;30-068;1,7;0,0;2,0;0,0;0,0;3,0;2,0;;;;;;;;;;;;;;ali lajami;Ali Lajami;1,77m;right;25,0;1;Centre-Back;DF;0,75;30;15,38;27,27;0,0;100,0;99,35;40,0;59,0
Manuel Akanji;DF;30-351;4,0;4;360,0;4,0;0,0;0,0;0,0;0,0;0,0;0,0;Switzerland;DF;30-351;4,0;1,0;1,0;100,0;0,25;0,25;0,0;0,0;DF;30-351;4,0;0,0;2,0;0,0;0,0;5,0;7,0;;;;;;;;;;;;;;manuel akanji;Manuel Akanji;1,88m;right;84,0;4;Centre-Back;DF;17,0;30;53,85;45,45;0,0;100,0;83,08;40,0;59,0
Emmanuel Agbadou;DF;29-014;3,0;3;270,0;3,0;0,0;0,0;0,0;0,0;0,0;0,0;Ivory Coast;DF;29-014;3,0;3,0;1,0;33,3;1,0;0,33;0,0;0,0;DF;29-014;3,0;0,0;0,0;0,0;0,0;4,0;6,0;;;;;;;;;;;;;;emmanuel agbadou;Emmanuel Agbadou;1,85m;right;24,0;2;Centre-Back;DF;16,0;29;46,15;36,36;0,0;100,0;84,08;45,0;58,9
Sebastián Cáceres;DF;26-317;3,0;3;270,0;3,0;0,0;0,0;0,0;0,0;0,0;0,0;Uruguay;DF;26-317;3,0;3,0;0,0;0,0;1,0;0,0;0,0;;DF;26-317;3,0;2,0;2,0;0,0;1,0;2,0;1,0;;;;;;;;;;;;;;sebastian caceres;Sebastián Cáceres;1,80m;right;26,0;0;Centre-Back;DF;4,5;26;7,69;18,18;0,0;77,78;95,6;60,0;58,8
Pedro Porro;DF;26-295;;2;180,0;2,0;1,0;0,0;0,0;0,0;0,5;0,0;Spain;DF;26-295;2,0;3,0;2,0;66,7;1,5;1,0;0,33;0,5;DF;26-295;2,0;2,0;2,0;0,0;13,0;3,0;4,0;;;;;;;;;;;;;;pedro porro;Pedro Porro;1,73m;right;19,0;0;Right-Back;DF;35,0;26;30,77;27,27;74,63;77,78;65,07;60,0;58,8
Jorge Sánchez;DF;28-203;3,0;3;270,0;3,0;0,0;1,0;0,0;0,0;0,0;0,33;Mexico;DF;28-203;3,0;1,0;1,0;100,0;0,33;0,33;0,0;0,0;DF;28-203;3,0;3,0;1,0;1,0;5,0;4,0;2,0;;;;;;;;;;;;;;jorge sanchez;Jorge Sánchez;1,76m;right;62,0;3;Right-Back;DF;2,0;28;15,38;36,36;0,0;66,67;98,1;50,0;58,7
Stefan Posch;DF;29-052;4,0;4;331,0;3,7;0,0;0,0;2,0;0,0;0,0;0,0;Austria;DF;29-052;3,7;3,0;0,0;0,0;0,82;0,0;0,0;;DF;29-052;3,7;7,0;3,0;0,0;3,0;10,0;4,0;;;;;;;;;;;;;;stefan posch;Stefan Posch;1,88m;right;55,0;5;Centre-Back;DF;6,0;29;30,77;90,91;0,0;22,22;94,09;45,0;58,6
Zaid Tahseen;DF;25-153;2,0;2;149,0;1,7;0,0;0,0;1,0;0,0;0,0;0,0;Iraq;DF;25-153;1,7;2,0;0,0;0,0;1,21;0,0;0,0;;DF;25-153;1,7;3,0;2,0;0,0;0,0;0,0;1,0;;;;;;;;;;;;;;zaid tahseen;Zaid Tahseen;1,93m;right;29,0;1;Centre-Back;DF;0,6;25;7,69;0,0;0,0;66,67;99,5;65,0;58,5
Andrés Andrade Cedeño;DF;27-258;;3;270,0;3,0;0,0;0,0;1,0;0,0;0,0;0,0;Panama;DF;27-258;3,0;0,0;0,0;;0,0;0,0;;;DF;27-258;3,0;4,0;0,0;0,0;8,0;3,0;3,0;;;;;;;;;;;;;;andres andrade;Andrés Andrade;1,87m;left;53,0;1;Centre-Back;DF;2,5;27;23,08;27,27;0,0;55,56;97,6;55,0;58,5
Daniel Muñoz;DF;30-040;4,0;3;274,0;3,0;2,0;0,0;0,0;0,0;0,66;0,0;Colombia;DF;30-040;3,0;3,0;2,0;66,7;0,99;0,66;0,67;1,0;DF;30-040;3,0;5,0;1,0;2,0;5,0;5,0;3,0;;;;;;;;;;;;;;daniel munoz;Daniel Muñoz;1,80m;right;49,0;5;Right-Back;DF;22,0;30;23,08;45,45;98,51;44,44;78,08;40,0;58,5
Sherzod Nasrullaev;DF;27-343;3,0;3;180,0;2,0;0,0;0,0;1,0;0,0;0,0;0,0;Uzbekistan;DF,MF;27-343;2,0;1,0;1,0;100,0;0,5;0,5;0,0;0,0;DF,MF;27-343;2,0;3,0;2,0;0,0;3,0;2,0;2,0;;;;;;;;;;;;;;sherzod nasrullaev;Sherzod Nasrullaev;1,83m;left;42,0;2;Left-Back;DF;1,2;27;15,38;18,18;0,0;66,67;98,9;55,0;58,4
Ismail Jakobs;DF;26-322;3,0;2;219,0;2,4;0,0;0,0;0,0;0,0;0,0;0,0;Senegal;DF;26-322;2,4;1,0;0,0;0,0;0,41;0,0;0,0;;DF;26-322;2,4;2,0;0,0;0,0;18,0;2,0;2,0;;;;;;;;;;;;;;ismail jakobs;Ismail Jakobs;1,84m;left;32,0;0;Left-Back;DF;8,0;26;15,38;18,18;0,0;77,78;92,09;60,0;58,4
Issa Diop;DF;29-173;3,0;3;300,0;3,3;1,0;0,0;2,0;0,0;0,3;0,0;Morocco;DF;29-173;3,3;1,0;1,0;100,0;0,3;0,3;1,0;1,0;DF;29-173;3,3;3,0;0,0;0,0;0,0;4,0;0,0;;;;;;;;;;;;;;issa diop;Issa Diop;1,94m;right;7,0;1;Centre-Back;DF;8,0;29;0,0;36,36;44,78;66,67;92,09;45,0;58,3
Yan Valery;DF;27-129;3,0;3;251,0;2,8;0,0;0,0;0,0;0,0;0,0;0,0;Tunisia;DF;27-129;2,8;0,0;0,0;;0,0;0,0;;;DF;27-129;2,8;4,0;0,0;1,0;7,0;4,0;1,0;;;;;;;;;;;;;;yan valery;Yan Valery;1,85m;right;25,0;0;Right-Back;DF;1,5;27;7,69;36,36;0,0;55,56;98,6;55,0;58,2
Lee Han-beom;DF;24-014;;3;270,0;3,0;0,0;0,0;0,0;0,0;0,0;0,0;South Korea;DF;24-014;3,0;2,0;0,0;0,0;0,67;0,0;0,0;;DF;24-014;3,0;7,0;2,0;0,0;2,0;3,0;2,0;;;;;;;;;;;;;;han beom lee;Han-beom Lee;1,88m;right;11,0;0;Centre-Back;DF;3,0;24;15,38;27,27;0,0;22,22;97,1;70,0;58,0
Amar Dedić;DF;23-321;3,0;3;270,0;3,0;0,0;0,0;1,0;0,0;0,0;0,0;Bosnia and Herzegovina;DF;23-321;3,0;2,0;1,0;50,0;0,67;0,33;0,0;0,0;DF;23-321;3,0;6,0;3,0;0,0;0,0;1,0;7,0;;;;;;;;;;;;;;amar dedic;Amar Dedić;1,80m;right;30,0;1;Right-Back;DF;16,0;23;53,85;9,09;0,0;33,33;84,08;75,0;57,8
Alistair Johnston;DF;27-266;4,0;4;360,0;4,0;0,0;0,0;1,0;0,0;0,0;0,0;Canada;DF;27-266;4,0;4,0;2,0;50,0;1,0;0,5;0,0;0,0;DF;27-266;4,0;4,0;4,0;0,0;17,0;6,0;1,0;;;;;;;;;;;;;;alistair johnston;Alistair Johnston;1,80m;right;62,0;1;Right-Back;DF;8,0;27;7,69;54,55;0,0;55,56;92,09;55,0;57,8
Alan Franco;DF;27-314;4,0;4;251,0;2,8;0,0;0,0;2,0;0,0;0,0;0,0;Ecuador;DF;27-314;2,8;0,0;0,0;;0,0;0,0;;;DF;27-314;2,8;7,0;0,0;0,0;5,0;4,0;6,0;;;;;;;;;;;;;;alan franco;Alan Franco;1,75m;right;62,0;1;Central Midfield;MF;4,5;27;46,15;36,36;0,0;22,22;95,6;55,0;57,7
Timothy Castagne;DF;30-212;;3;298,0;3,3;0,0;0,0;1,0;0,0;0,0;0,0;Belgium;DF;30-212;3,3;2,0;0,0;0,0;0,6;0,0;0,0;;DF;30-212;3,3;5,0;0,0;0,0;15,0;7,0;6,0;;;;;;;;;;;;;;timothy castagne;Timothy Castagne;1,85m;right;66,0;2;Right-Back;DF;8,0;30;46,15;63,64;0,0;44,44;92,09;40,0;57,7
Tarik Muharemovic;DF;23-127;3,0;3;259,0;2,9;0,0;0,0;0,0;1,0;0,0;0,0;Bosnia and Herzegovina;DF;23-127;2,9;1,0;0,0;0,0;0,35;0,0;0,0;;DF;23-127;2,9;5,0;2,0;0,0;1,0;8,0;1,0;;;;;;;;;;;;;;tarik muharemovic;Tarik Muharemović;1,92m;left;16,0;1;Centre-Back;DF;25,0;23;7,69;72,73;0,0;44,44;75,08;75,0;57,5
Aubrey Modiba;DF;30-344;4,0;4;346,0;3,8;0,0;0,0;1,0;0,0;0,0;0,0;South Africa;DF;30-344;3,8;5,0;1,0;20,0;1,3;0,26;0,0;0,0;DF;30-344;3,8;4,0;6,0;2,0;11,0;4,0;5,0;;;;;;;;;;;;;;aubrey modiba;Aubrey Modiba;1,71m;left;45,0;1;Left-Back;DF;1,8;30;38,46;36,36;0,0;55,56;98,3;40,0;57,4
Jiovany Ramos;DF;29-156;;2;166,0;1,8;0,0;0,0;0,0;0,0;0,0;0,0;Panama;DF;29-156;1,8;2,0;0,0;0,0;1,08;0,0;0,0;;DF;29-156;1,8;2,0;1,0;0,0;0,0;3,0;1,0;;;;;;;;;;;;;;jiovany ramos;Jiovany Ramos;1,88m;right;25,0;2;Centre-Back;DF;0,45;29;7,69;27,27;0,0;77,78;99,65;45,0;57,4
Steven Moreira;DF;31-326;4,0;3;301,0;3,3;0,0;0,0;0,0;0,0;0,0;0,0;Cape Verde;DF;31-326;3,3;2,0;0,0;0,0;0,6;0,0;0,0;;DF;31-326;3,3;0,0;2,0;0,0;4,0;2,0;3,0;;;;;;;;;;;;;;steven moreira;Steven Moreira;1,78m;right;23,0;0;Right-Back;DF;1,5;31;23,08;18,18;0,0;100,0;98,6;35,0;57,4
Juan Cáceres;DF;26-030;4,0;4;346,0;3,8;0,0;0,0;1,0;0,0;0,0;0,0;Paraguay;DF;26-030;3,8;2,0;1,0;50,0;0,52;0,26;0,0;0,0;DF;26-030;3,8;8,0;3,0;0,0;10,0;2,0;8,0;;;;;;;;;;;;;;juan jose caceres;Juan José Cáceres;1,87m;right;21,0;0;Right-Back;DF;5,0;26;61,54;18,18;0,0;11,11;95,1;60,0;57,4
Anass Salah-Eddine;DF;24-164;3,0;1;139,0;1,5;0,0;0,0;0,0;0,0;0,0;0,0;Morocco;DF;24-164;1,5;1,0;0,0;0,0;0,65;0,0;0,0;;DF;24-164;1,5;3,0;2,0;0,0;3,0;0,0;3,0;;;;;;;;;;;;;;anass salah eddine;Anass Salah-Eddine;1,81m;left;12,0;0;Left-Back;DF;12,0;24;23,08;0,0;0,0;66,67;88,09;70,0;57,3
Jerome Opoku;DF;27-264;3,0;3;270,0;3,0;0,0;0,0;0,0;0,0;0,0;0,0;Ghana;DF;27-264;3,0;0,0;0,0;;0,0;0,0;;;DF;27-264;3,0;2,0;4,0;0,0;0,0;1,0;2,0;;;;;;;;;;;;;;jerome opoku;Jerome Opoku;1,97m;left;13,0;1;Centre-Back;DF;5,0;27;15,38;9,09;0,0;77,78;95,1;55,0;57,3
Aymeric Laporte;DF;32-039;;4;359,0;4,0;0,0;1,0;0,0;0,0;0,0;0,25;Spain;DF;32-039;4,0;4,0;1,0;25,0;1,0;0,25;0,0;0,0;DF;32-039;4,0;2,0;2,0;0,0;1,0;9,0;2,0;;;;;;;;;;;;;;aymeric laporte;Aymeric Laporte;1,91m;left;49,0;2;Centre-Back;DF;8,0;32;15,38;81,82;0,0;77,78;92,09;30,0;57,2
José Córdoba;DF;25-117;;3;270,0;3,0;0,0;0,0;0,0;0,0;0,0;0,0;Panama;DF;25-117;3,0;0,0;0,0;;0,0;0,0;;;DF;25-117;3,0;5,0;1,0;0,0;1,0;1,0;3,0;;;;;;;;;;;;;;jose cordoba;José Córdoba;1,89m;left;35,0;1;Centre-Back;DF;5,0;25;23,08;9,09;0,0;44,44;95,1;65,0;57,2
Ali Abdi;DF;32-193;3,0;3;269,0;3,0;0,0;0,0;0,0;0,0;0,0;0,0;Tunisia;DF;32-193;3,0;1,0;0,0;0,0;0,33;0,0;0,0;;DF;32-193;3,0;4,0;1,0;0,0;4,0;4,0;8,0;;;;;;;;;;;;;;ali abdi;Ali Abdi;1,77m;left;49,0;7;Left-Back;DF;2,0;32;61,54;36,36;0,0;55,56;98,1;30,0;57,2
Joel Ordóñez;DF;22-071;3,0;3;225,0;2,5;0,0;0,0;0,0;0,0;0,0;0,0;Ecuador;DF;22-071;2,5;2,0;0,0;0,0;0,8;0,0;0,0;;DF;22-071;2,5;1,0;1,0;0,0;0,0;1,0;5,0;;;;;;;;;;;;;;joel ordonez;Joel Ordóñez;1,88m;right;20,0;0;Centre-Back;DF;33,0;22;38,46;9,09;0,0;88,89;67,07;80,0;57,1
Torbjørn Heggem;DF;27-170;3,0;3;263,0;2,9;0,0;0,0;0,0;0,0;0,0;0,0;Norway;DF;27-170;2,9;1,0;1,0;100,0;0,34;0,34;0,0;0,0;DF;27-170;2,9;1,0;0,0;0,0;0,0;1,0;4,0;;;;;;;;;;;;;;torbjørn heggem;Torbjørn Heggem;1,92m;left;18,0;0;Centre-Back;DF;13,0;27;30,77;9,09;0,0;88,89;87,09;55,0;57,1
Guillermo Varela;DF;33-099;3,0;3;270,0;3,0;0,0;0,0;1,0;0,0;0,0;0,0;Uruguay;DF;33-099;3,0;2,0;0,0;0,0;0,67;0,0;0,0;;DF;33-099;3,0;1,0;1,0;0,0;9,0;7,0;1,0;;;;;;;;;;;;;;guillermo varela;Guillermo Varela;1,74m;right;30,0;0;Right-Back;DF;1,0;33;7,69;63,64;0,0;88,89;99,1;25,0;57,0
Kristoffer Ajer;DF;28-075;3,0;3;270,0;3,0;0,0;0,0;0,0;0,0;0,0;0,0;Norway;DF;28-075;3,0;1,0;1,0;100,0;0,33;0,33;0,0;0,0;DF;28-075;3,0;0,0;1,0;0,0;1,0;2,0;5,0;;;;;;;;;;;;;;kristoffer ajer;Kristoffer Ajer;1,98m;right;55,0;2;Centre-Back;DF;18,0;28;38,46;18,18;0,0;100,0;82,08;50,0;56,9
Guéla Doué;DF;23-257;4,0;3;277,0;3,1;0,0;0,0;1,0;0,0;0,0;0,0;Ivory Coast;DF;23-257;3,1;1,0;0,0;0,0;0,32;0,0;0,0;;DF;23-257;3,1;6,0;5,0;0,0;12,0;3,0;5,0;;;;;;;;;;;;;;guela doue;Guéla Doué;1,87m;right;24,0;3;Right-Back;DF;20,0;23;38,46;27,27;0,0;33,33;80,08;75,0;56,7
Nathaniel Brown;DF;23-015;;3;282,0;3,1;1,0;1,0;0,0;0,0;0,32;0,32;Germany;DF;23-015;3,1;3,0;2,0;66,7;0,96;0,64;0,33;0,5;DF;23-015;3,1;4,0;1,0;0,0;17,0;2,0;6,0;;;;;;;;;;;;;;nathaniel brown;Nathaniel Brown;1,76m;left;8,0;1;Left-Back;DF;40,0;23;46,15;18,18;47,76;55,56;60,06;75,0;56,5
Boualem Khoukhi;DF;35-357;3,0;3;270,0;3,0;1,0;0,0;0,0;0,0;0,33;0,0;Qatar;DF;35-357;3,0;3,0;1,0;33,3;1,0;0,33;0,33;1,0;DF;35-357;3,0;2,0;1,0;0,0;2,0;3,0;3,0;;;;;;;;;;;;;;boualem khoukhi;Boualem Khoukhi;1,85m;right;125,0;21;Centre-Back;DF;0,2;35;23,08;27,27;49,25;77,78;99,9;15,0;56,5
Renato Veiga;DF;22-341;;4;360,0;4,0;0,0;0,0;1,0;0,0;0,0;0,0;Portugal;DF;22-341;4,0;2,0;0,0;0,0;0,5;0,0;0,0;;DF;22-341;4,0;4,0;3,0;0,0;0,0;5,0;0,0;;;;;;;;;;;;;;renato veiga;Renato Veiga;1,88m;left;16,0;1;Centre-Back;DF;25,0;22;0,0;45,45;0,0;55,56;75,08;80,0;56,4
Derek Cornelius;DF;28-218;4,0;4;315,0;3,5;0,0;0,0;1,0;0,0;0,0;0,0;Canada;DF;28-218;3,5;5,0;1,0;20,0;1,43;0,29;0,0;0,0;DF;28-218;3,5;4,0;3,0;0,0;1,0;2,0;3,0;;;;;;;;;;;;;;derek cornelius;Derek Cornelius;1,86m;left;48,0;1;Centre-Back;DF;2,5;28;23,08;18,18;0,0;55,56;97,6;50,0;56,3
Ghislain Konan;DF;30-186;3,0;3;269,0;3,0;0,0;0,0;0,0;0,0;0,0;0,0;Ivory Coast;DF;30-186;3,0;4,0;0,0;0,0;1,34;0,0;0,0;;DF;30-186;3,0;0,0;1,0;0,0;8,0;0,0;3,0;;;;;;;;;;;;;;ghislain konan;Ghislain Konan;1,76m;left;56,0;0;Left-Back;DF;3,0;30;23,08;0,0;0,0;100,0;97,1;40,0;56,3
David Møller Wolfe;DF;24-069;3,0;3;252,0;2,8;0,0;1,0;0,0;0,0;0,0;0,36;Norway;DF;24-069;2,8;0,0;0,0;;0,0;0,0;;;DF;24-069;2,8;7,0;1,0;0,0;3,0;3,0;2,0;;;;;;;;;;;;;;david møller wolfe;David Møller Wolfe;1,85m;left;25,0;1;Left-Back;DF;8,0;24;15,38;27,27;0,0;22,22;92,09;70,0;56,2
Stjepan Radeljić;DF;28-303;2,0;2;180,0;2,0;0,0;0,0;1,0;0,0;0,0;0,0;Bosnia and Herzegovina;DF;28-303;2,0;1,0;0,0;0,0;0,5;0,0;0,0;;DF;28-303;2,0;1,0;3,0;0,0;0,0;0,0;1,0;;;;;;;;;;;;;;stjepan radeljic;Stjepan Radeljic;2,01m;left;6,0;0;Centre-Back;DF;2,8;28;7,69;0,0;0,0;88,89;97,3;50,0;56,2
Cameron Burgess;DF;30-257;2,0;2;135,0;1,5;0,0;0,0;0,0;0,0;0,0;0,0;Australia;DF;30-257;1,5;0,0;0,0;;0,0;0,0;;;DF;30-257;1,5;0,0;0,0;0,0;0,0;1,0;1,0;;;;;;;;;;;;;;cameron burgess;Cameron Burgess;1,94m;left;29,0;0;Centre-Back;DF;1,5;30;7,69;9,09;0,0;100,0;98,6;40,0;56,2
Joshua Brenet;DF;32-103;2,0;2;179,0;2,0;0,0;0,0;0,0;0,0;0,0;0,0;Curaçao;DF;32-103;2,0;0,0;0,0;;0,0;0,0;;;DF;32-103;2,0;0,0;1,0;1,0;0,0;1,0;4,0;;;;;;;;;;;;;;joshua brenet;Joshua Brenet;1,81m;right;19,0;2;Right-Back;DF;1,0;32;30,77;9,09;0,0;100,0;99,1;30,0;56,2
Steve Kapuadi;DF;28-066;;2;180,0;2,0;0,0;0,0;0,0;0,0;0,0;0,0;DR Congo;DF;28-066;2,0;1,0;0,0;0,0;0,5;0,0;0,0;;DF;28-066;2,0;2,0;0,0;0,0;0,0;1,0;1,0;;;;;;;;;;;;;;steve kapuadi;Steve Kapuadi;1,96m;left;5,0;0;Centre-Back;DF;2,5;28;7,69;9,09;0,0;77,78;97,6;50,0;56,1
Abdulla Abdullaev;DF;28-303;2,0;2;180,0;2,0;0,0;0,0;0,0;0,0;0,0;0,0;Uzbekistan;DF;28-303;2,0;0,0;0,0;;0,0;0,0;;;DF;28-303;2,0;5,0;1,0;0,0;0,0;3,0;2,0;;;;;;;;;;;;;;abdulla abdullaev;Abdulla Abdullaev;1,81m;right;31,0;0;Defensive Midfield;MF;0,5;28;15,38;27,27;0,0;44,44;99,6;50,0;56,1
Abdülkerim Bardakcı;DF;31-297;3,0;3;265,0;2,9;0,0;0,0;0,0;0,0;0,0;0,0;Turkey;DF;31-297;2,9;3,0;1,0;33,3;1,02;0,34;0,0;0,0;DF;31-297;2,9;1,0;3,0;0,0;7,0;2,0;5,0;;;;;;;;;;;;;;abdulkerim bardakcı;Abdülkerim Bardakcı;1,85m;left;30,0;2;Centre-Back;DF;6,5;31;38,46;18,18;0,0;88,89;93,59;35,0;56,1
Milad Mohammadi;DF;32-275;;2;205,0;2,3;0,0;0,0;0,0;0,0;0,0;0,0;Iran;DF;32-275;2,3;1,0;1,0;100,0;0,44;0,44;0,0;0,0;DF;32-275;2,3;1,0;1,0;2,0;3,0;2,0;4,0;;;;;;;;;;;;;;milad mohammadi;Milad Mohammadi;1,75m;left;78,0;1;Left-Back;DF;0,9;32;30,77;18,18;0,0;88,89;99,2;30,0;56,0
El Hadji Malick Diouf;DF;21-189;3,0;2;171,0;1,9;0,0;0,0;0,0;0,0;0,0;0,0;Senegal;DF;21-189;1,9;0,0;0,0;;0,0;0,0;;;DF;21-189;1,9;2,0;0,0;0,0;8,0;1,0;1,0;;;;;;;;;;;;;;el hadji malick diouf;El Hadji Malick Diouf;1,77m;left;22,0;1;Left-Back;DF;28,0;21;7,69;9,09;0,0;77,78;72,07;85,0;55,9
Denis Zakaria;DF;29-227;2,0;2;176,0;2,0;0,0;0,0;1,0;0,0;0,0;0,0;Switzerland;DF;29-227;2,0;4,0;2,0;50,0;2,05;1,02;0,0;0,0;DF;29-227;2,0;1,0;0,0;0,0;11,0;6,0;5,0;;;;;;;;;;;;;;denis zakaria;Denis Zakaria;1,89m;right;66,0;3;Defensive Midfield;MF;25,0;29;38,46;54,55;0,0;88,89;75,08;45,0;55,7
Arthur Theate;DF;26-041;;2;228,0;2,5;0,0;0,0;0,0;0,0;0,0;0,0;Belgium;DF;26-041;2,5;5,0;1,0;20,0;1,97;0,39;0,0;0,0;DF;26-041;2,5;1,0;0,0;0,0;0,0;3,0;0,0;;;;;;;;;;;;;;arthur theate;Arthur Theate;1,85m;left;35,0;1;Centre-Back;DF;17,0;26;0,0;27,27;0,0;88,89;83,08;60,0;55,7
Arthur Masuaku;DF;32-240;;4;315,0;3,5;0,0;1,0;0,0;0,0;0,0;0,29;DR Congo;DF;32-240;3,5;0,0;0,0;;0,0;0,0;;;DF;32-240;3,5;0,0;4,0;0,0;12,0;0,0;5,0;;;;;;;;;;;;;;arthur masuaku;Arthur Masuaku;1,79m;left;47,0;4;Left-Back;DF;2,0;32;38,46;0,0;0,0;100,0;98,1;30,0;55,7
Aïssa Mandi;DF;34-255;4,0;4;360,0;4,0;0,0;0,0;0,0;0,0;0,0;0,0;Algeria;DF;34-255;4,0;0,0;0,0;;0,0;0,0;;;DF;34-255;4,0;0,0;5,0;0,0;0,0;4,0;3,0;;;;;;;;;;;;;;aissa mandi;Aïssa Mandi;1,84m;right;121,0;8;Centre-Back;DF;1,0;34;23,08;36,36;0,0;100,0;99,1;20,0;55,6
Douglas Santos;DF;32-101;4,0;4;351,0;3,9;0,0;0,0;1,0;0,0;0,0;0,0;Brazil;DF;32-101;3,9;2,0;0,0;0,0;0,51;0,0;0,0;;DF;32-101;3,9;3,0;2,0;1,0;6,0;4,0;7,0;;;;;;;;;;;;;;douglas santos;Douglas Santos;1,73m;left;11,0;0;Left-Back;DF;7,5;32;53,85;36,36;0,0;66,67;92,59;30,0;55,6
Johan Vásquez;DF;27-252;3,0;3;270,0;3,0;0,0;0,0;0,0;0,0;0,0;0,0;Mexico;DF;27-252;3,0;1,0;0,0;0,0;0,33;0,0;0,0;;DF;27-252;3,0;0,0;2,0;0,0;0,0;1,0;0,0;;;;;;;;;;;;;;johan vasquez;Johan Vásquez;1,82m;left;49,0;3;Centre-Back;DF;12,0;27;0,0;9,09;0,0;100,0;88,09;55,0;55,5
Sultan Al-Brake;DF;30-085;2,0;1;141,0;1,6;0,0;0,0;0,0;0,0;0,0;0,0;Qatar;DF;30-085;1,6;0,0;0,0;;0,0;0,0;;;DF;30-085;1,6;2,0;0,0;0,0;5,0;2,0;1,0;;;;;;;;;;;;;;sultan al brake;Sultan Al-Brake;1,78m;left;20,0;0;Left-Back;DF;0,3;30;7,69;18,18;0,0;77,78;99,8;40,0;55,3
Chancel Mbemba;DF;31-331;;4;360,0;4,0;0,0;1,0;1,0;0,0;0,0;0,25;DR Congo;DF;31-331;4,0;1,0;0,0;0,0;0,25;0,0;0,0;;DF;31-331;4,0;1,0;3,0;0,0;4,0;1,0;3,0;;;;;;;;;;;;;;chancel mbemba;Chancel Mbemba;1,82m;right;110,0;7;Centre-Back;DF;2,0;31;23,08;9,09;0,0;88,89;98,1;35,0;55,2
Rayan Aït-Nouri;DF;25-028;4,0;3;284,0;3,2;0,0;0,0;0,0;0,0;0,0;0,0;Algeria;DF;25-028;3,2;1,0;0,0;0,0;0,32;0,0;0,0;;DF;25-028;3,2;6,0;4,0;0,0;8,0;5,0;13,0;;;;;;;;;;;;;;rayan ait nouri;Rayan Aït-Nouri;1,80m;left;32,0;0;Left-Back;DF;40,0;25;100,0;45,45;0,0;33,33;60,06;65,0;55,1
Axel Tuanzebe;DF;28-233;;4;360,0;4,0;0,0;0,0;0,0;0,0;0,0;0,0;DR Congo;DF;28-233;4,0;0,0;0,0;;0,0;0,0;;;DF;28-233;4,0;3,0;3,0;0,0;0,0;1,0;2,0;;;;;;;;;;;;;;axel tuanzebe;Axel Tuanzebe;1,88m;right;16,0;1;Centre-Back;DF;5,0;28;15,38;9,09;0,0;66,67;95,1;50,0;54,9
Nathan Ngoy;DF;23-025;;2;155,0;1,7;0,0;0,0;0,0;1,0;0,0;0,0;Belgium;DF;23-025;1,7;1,0;0,0;0,0;0,58;0,0;0,0;;DF;23-025;1,7;4,0;1,0;0,0;0,0;3,0;2,0;;;;;;;;;;;;;;nathan ngoy;Nathan Ngoy;1,83m;right;6,0;0;Centre-Back;DF;25,0;23;15,38;27,27;0,0;55,56;75,08;75,0;54,8
Michael Amir Murillo;DF;30-140;;3;270,0;3,0;0,0;0,0;0,0;0,0;0,0;0,0;Panama;DF,MF;30-140;3,0;5,0;1,0;20,0;1,67;0,33;0,0;0,0;DF,MF;30-140;3,0;1,0;7,0;1,0;8,0;1,0;3,0;;;;;;;;;;;;;;amir murillo;Amir Murillo;1,85m;right;97,0;9;Right-Back;DF;7,0;30;23,08;9,09;0,0;88,89;93,09;40,0;54,7
Johan Mojica;DF;33-318;3,0;3;270,0;3,0;0,0;0,0;1,0;0,0;0,0;0,0;Colombia;DF;33-318;3,0;3,0;2,0;66,7;1,0;0,67;0,0;0,0;DF;33-318;3,0;1,0;4,0;0,0;8,0;3,0;3,0;;;;;;;;;;;;;;johan mojica;Johan Mojica;1,84m;left;47,0;1;Left-Back;DF;1,5;33;23,08;27,27;0,0;88,89;98,6;25,0;54,7
Facundo Medina;DF;27-038;3,0;3;256,0;2,8;0,0;1,0;1,0;0,0;0,0;0,35;Argentina;DF;27-038;2,8;0,0;0,0;;0,0;0,0;;;DF;27-038;2,8;3,0;2,0;1,0;0,0;1,0;6,0;;;;;;;;;;;;;;facundo medina;Facundo Medina;1,84m;left;11,0;0;Centre-Back;DF;18,0;27;46,15;9,09;0,0;66,67;82,08;55,0;54,7
Tomáš Holeš;DF;33-092;2,0;2;153,0;1,7;0,0;0,0;0,0;0,0;0,0;0,0;Czechia;DF;33-092;1,7;0,0;0,0;;0,0;0,0;;;DF;33-092;1,7;2,0;2,0;0,0;0,0;4,0;3,0;;;;;;;;;;;;;;tomas holes;Tomas Holes;1,80m;right;43,0;2;Centre-Back;DF;1,0;33;23,08;36,36;0,0;77,78;99,1;25,0;54,7
Philipp Lienhart;DF;29-359;2,0;2;180,0;2,0;0,0;0,0;0,0;0,0;0,0;0,0;Austria;DF;29-359;2,0;1,0;0,0;0,0;0,5;0,0;0,0;;DF;29-359;2,0;0,0;0,0;0,0;0,0;1,0;1,0;;;;;;;;;;;;;;philipp lienhart;Philipp Lienhart;1,89m;right;43,0;3;Centre-Back;DF;10,0;29;7,69;9,09;0,0;100,0;90,09;45,0;54,5
Marin Pongračić;DF;28-297;;3;270,0;3,0;0,0;0,0;0,0;0,0;0,0;0,0;Croatia;DF;28-297;3,0;1,0;0,0;0,0;0,33;0,0;0,0;;DF;28-297;3,0;3,0;0,0;0,0;0,0;0,0;3,0;;;;;;;;;;;;;;marin pongracic;Marin Pongracic;1,93m;right;22,0;0;Centre-Back;DF;6,5;28;23,08;0,0;0,0;66,67;93,59;50,0;54,2
Noussair Mazraoui;DF;28-229;4,0;3;297,0;3,3;0,0;0,0;0,0;0,0;0,0;0,0;Morocco;DF;28-229;3,3;0,0;0,0;;0,0;0,0;;;DF;28-229;3,3;3,0;2,0;0,0;2,0;1,0;7,0;;;;;;;;;;;;;;noussair mazraoui;Noussair Mazraoui;1,83m;right;49,0;2;Right-Back;DF;18,0;28;53,85;9,09;0,0;66,67;82,08;50,0;54,2
Takehiro Tomiyasu;DF;27-238;3,0;2;184,0;2,0;0,0;0,0;0,0;0,0;0,0;0,0;Japan;DF;27-238;2,0;1,0;0,0;0,0;0,49;0,0;0,0;;DF;27-238;2,0;5,0;2,0;0,0;2,0;2,0;1,0;;;;;;;;;;;;;;takehiro tomiyasu;Takehiro Tomiyasu;1,87m;right;46,0;1;Centre-Back;DF;5,0;27;7,69;18,18;0,0;44,44;95,1;55,0;54,1
Júnior Alonso;DF;33-142;4,0;3;300,0;3,3;0,0;0,0;1,0;0,0;0,0;0,0;Paraguay;DF;33-142;3,3;1,0;1,0;100,0;0,3;0,3;0,0;0,0;DF;33-142;3,3;3,0;3,0;1,0;2,0;2,0;6,0;;;;;;;;;;;;;;junior alonso;Júnior Alonso;1,85m;left;75,0;3;Centre-Back;DF;1,5;33;46,15;18,18;0,0;66,67;98,6;25,0;53,9
Mathías Olivera;DF;28-243;3,0;3;270,0;3,0;0,0;0,0;1,0;0,0;0,0;0,0;Uruguay;DF;28-243;3,0;1,0;0,0;0,0;0,33;0,0;0,0;;DF;28-243;3,0;3,0;0,0;0,0;5,0;2,0;4,0;;;;;;;;;;;;;;mathias olivera;Mathías Olivera;1,85m;left;38,0;2;Left-Back;DF;15,0;28;30,77;18,18;0,0;66,67;85,09;50,0;53,8
Richie Laryea;DF;31-175;4,0;4;352,0;3,9;0,0;0,0;0,0;0,0;0,0;0,0;Canada;DF;31-175;3,9;2,0;1,0;50,0;0,51;0,26;0,0;0,0;DF;31-175;3,9;6,0;12,0;0,0;1,0;1,0;8,0;;;;;;;;;;;;;;richie laryea;Richie Laryea;1,75m;right;80,0;1;Right-Back;DF;1,0;31;61,54;9,09;0,0;33,33;99,1;35,0;53,8
Phillipp Mwene;DF;32-157;2,0;2;147,0;1,6;0,0;0,0;0,0;0,0;0,0;0,0;Austria;DF;32-157;1,6;1,0;0,0;0,0;0,61;0,0;0,0;;DF;32-157;1,6;1,0;1,0;0,0;6,0;3,0;0,0;;;;;;;;;;;;;;phillipp mwene;Phillipp Mwene;1,70m;right;32,0;0;Left-Back;DF;1,5;32;0,0;27,27;0,0;88,89;98,6;30,0;53,6
Nahuel Molina;DF;28-090;3,0;2;238,0;2,6;0,0;0,0;0,0;0,0;0,0;0,0;Argentina;DF;28-090;2,6;0,0;0,0;;0,0;0,0;;;DF;28-090;2,6;2,0;0,0;1,0;2,0;3,0;1,0;;;;;;;;;;;;;;nahuel molina;Nahuel Molina;1,79m;right;60,0;1;Right-Back;DF;15,0;28;7,69;27,27;0,0;77,78;85,09;50,0;53,6
Wilfried Singo;DF;25-188;2,0;2;171,0;1,9;0,0;1,0;0,0;0,0;0,0;0,53;Ivory Coast;DF;25-188;1,9;2,0;0,0;0,0;1,05;0,0;0,0;;DF;25-188;1,9;3,0;1,0;0,0;1,0;4,0;0,0;;;;;;;;;;;;;;wilfried singo;Wilfried Singo;1,82m;right;35,0;1;Right-Back;DF;23,0;25;0,0;36,36;0,0;66,67;77,08;65,0;53,5
Hamdy Fathy;DF;31-279;3,0;3;193,0;2,1;0,0;0,0;0,0;0,0;0,0;0,0;Egypt;DF,MF;31-279;2,1;0,0;0,0;;0,0;0,0;;;DF,MF;31-279;2,1;2,0;2,0;1,0;1,0;2,0;1,0;;;;;;;;;;;;;;hamdy fathy;Hamdy Fathy;1,82m;right;65,0;3;Defensive Midfield;MF;1,8;31;7,69;18,18;0,0;77,78;98,3;35,0;53,5
Zeki Çelik;DF;29-134;2,0;2;163,0;1,8;0,0;0,0;0,0;0,0;0,0;0,0;Turkey;DF;29-134;1,8;1,0;1,0;100,0;0,55;0,55;0,0;0,0;DF;29-134;1,8;1,0;0,0;0,0;1,0;1,0;3,0;;;;;;;;;;;;;;zeki celik;Zeki Çelik;1,80m;right;63,0;3;Right-Back;DF;14,0;29;23,08;9,09;0,0;88,89;86,09;45,0;53,5
Tim Payne;DF;32-172;3,0;3;224,0;2,5;0,0;1,0;0,0;0,0;0,0;0,4;New Zealand;DF;32-172;2,5;1,0;0,0;0,0;0,4;0,0;0,0;;DF;32-172;2,5;2,0;2,0;0,0;10,0;1,0;3,0;;;;;;;;;;;;;;tim payne;Tim Payne;1,79m;right;55,0;3;Right-Back;DF;0,35;32;23,08;9,09;0,0;77,78;99,75;30,0;53,4
Jack Hendry;DF;31-055;3,0;3;270,0;3,0;0,0;0,0;0,0;0,0;0,0;0,0;Scotland;DF;31-055;3,0;0,0;0,0;;0,0;0,0;;;DF;31-055;3,0;1,0;3,0;0,0;0,0;0,0;2,0;;;;;;;;;;;;;;jack hendry;Jack Hendry;1,92m;right;41,0;3;Centre-Back;DF;2,5;31;15,38;0,0;0,0;88,89;97,6;35,0;53,3
Maxim De Cuyper;DF;25-195;;3;292,0;3,2;0,0;0,0;1,0;0,0;0,0;0,0;Belgium;DF;25-195;3,2;9,0;6,0;66,7;2,77;1,85;0,0;0,0;DF;25-195;3,2;5,0;1,0;0,0;8,0;4,0;2,0;;;;;;;;;;;;;;maxim de cuyper;Maxim De Cuyper;1,82m;left;22,0;4;Left-Back;DF;22,0;25;15,38;36,36;0,0;44,44;78,08;65,0;53,2
Victor Lindelöf;DF;31-349;4,0;4;356,0;4,0;0,0;0,0;0,0;0,0;0,0;0,0;Sweden;DF,MF;31-349;4,0;2,0;0,0;0,0;0,51;0,0;0,0;;DF,MF;31-349;4,0;3,0;0,0;0,0;0,0;4,0;1,0;;;;;;;;;;;;;;victor lindelof;Victor Lindelöf;1,87m;right;80,0;3;Centre-Back;DF;5,0;31;7,69;36,36;0,0;66,67;95,1;35,0;53,1
Ali Nemati;DF;30-143;;3;270,0;3,0;0,0;0,0;1,0;0,0;0,0;0,0;Iran;DF;30-143;3,0;1,0;0,0;0,0;0,33;0,0;0,0;;DF;30-143;3,0;3,0;0,0;1,0;2,0;0,0;2,0;;;;;;;;;;;;;;ali nemati;Ali Nemati;1,82m;left;21,0;0;Centre-Back;DF;0,55;30;15,38;0,0;0,0;66,67;99,55;40,0;53,0
Nico Schlotterbeck;DF;26-212;;2;135,0;1,5;1,0;0,0;0,0;0,0;0,67;0,0;Germany;DF;26-212;1,5;2,0;2,0;100,0;1,33;1,33;0,5;0,5;DF;26-212;1,5;2,0;1,0;0,0;0,0;3,0;2,0;;;;;;;;;;;;;;nico schlotterbeck;Nico Schlotterbeck;1,91m;left;29,0;1;Centre-Back;DF;55,0;26;15,38;27,27;100,0;77,78;45,05;60,0;52,8
Merih Demiral;DF;28-118;2,0;2;180,0;2,0;0,0;0,0;0,0;0,0;0,0;0,0;Turkey;DF;28-118;2,0;6,0;2,0;33,3;3,0;1,0;0,0;0,0;DF;28-118;2,0;2,0;1,0;3,0;1,0;1,0;1,0;;;;;;;;;;;;;;merih demiral;Merih Demiral;1,90m;right;65,0;6;Centre-Back;DF;12,0;28;7,69;9,09;0,0;77,78;88,09;50,0;52,8
Nico Elvedi;DF;29-278;4,0;4;360,0;4,0;0,0;0,0;1,0;0,0;0,0;0,0;Switzerland;DF;29-278;4,0;3,0;0,0;0,0;0,75;0,0;0,0;;DF;29-278;4,0;3,0;2,0;0,0;0,0;2,0;1,0;;;;;;;;;;;;;;nico elvedi;Nico Elvedi;1,89m;right;70,0;3;Centre-Back;DF;8,0;29;7,69;18,18;0,0;66,67;92,09;45,0;52,7
Ladislav Krejčí;DF;27-072;3,0;3;270,0;3,0;1,0;0,0;1,0;0,0;0,33;0,0;Czechia;DF;27-072;3,0;5,0;1,0;20,0;1,67;0,33;0,2;1,0;DF;27-072;3,0;6,0;2,0;0,0;2,0;1,0;3,0;;;;;;;;;;;;;;ladislav krejci;Ladislav Krejčí;1,91m;left;30,0;6;Centre-Back;DF;22,0;27;23,08;9,09;49,25;33,33;78,08;55,0;52,6
Harry Souttar;DF;27-256;4,0;4;390,0;4,3;0,0;0,0;1,0;0,0;0,0;0,0;Australia;DF;27-256;4,3;1,0;1,0;100,0;0,23;0,23;0,0;0,0;DF;27-256;4,3;8,0;1,0;0,0;0,0;4,0;0,0;;;;;;;;;;;;;;harry souttar;Harry Souttar;1,98m;right;41,0;11;Centre-Back;DF;3,5;27;0,0;36,36;0,0;11,11;96,6;55,0;52,3
Davinson Sánchez;DF;30-023;4,0;4;360,0;4,0;0,0;0,0;0,0;0,0;0,0;0,0;Colombia;DF;30-023;4,0;5,0;2,0;40,0;1,25;0,5;0,0;0,0;DF;30-023;4,0;3,0;3,0;1,0;0,0;5,0;2,0;;;;;;;;;;;;;;davinson sanchez;Davinson Sánchez;1,88m;right;82,0;4;Centre-Back;DF;16,0;30;15,38;45,45;0,0;66,67;84,08;40,0;52,2
Josip Stanišić;DF;26-094;;4;360,0;4,0;0,0;1,0;0,0;0,0;0,0;0,25;Croatia;DF,MF;26-094;4,0;0,0;0,0;;0,0;0,0;;;DF,MF;26-094;4,0;0,0;4,0;0,0;7,0;5,0;2,0;;;;;;;;;;;;;;josip stanisic;Josip Stanisic;1,87m;both;34,0;0;Right-Back;DF;40,0;26;15,38;45,45;0,0;100,0;60,06;60,0;52,1
Yasser Ibrahim;DF;33-145;4,0;3;377,0;4,2;0,0;0,0;2,0;0,0;0,0;0,0;Egypt;DF;33-145;4,2;0,0;0,0;;0,0;0,0;;;DF;33-145;4,2;5,0;3,0;0,0;0,0;2,0;6,0;;;;;;;;;;;;;;yasser ibrahim;Yasser Ibrahim;1,85m;right;21,0;1;Centre-Back;DF;0,28;33;46,15;18,18;0,0;44,44;99,82;25,0;52,1
Antonee Robinson;DF;28-331;;3;259,0;2,9;0,0;0,0;1,0;0,0;0,0;0,0;United States;DF,MF;28-331;2,9;0,0;0,0;;0,0;0,0;;;DF,MF;28-331;2,9;2,0;1,0;0,0;14,0;4,0;1,0;;;;;;;;;;;;;;antonee robinson;Antonee Robinson;1,83m;left;56,0;5;Left-Back;DF;22,0;28;7,69;36,36;0,0;77,78;78,08;50,0;52,0
César Montes;DF;29-127;3,0;3;269,0;3,0;0,0;0,0;0,0;1,0;0,0;0,0;Mexico;DF;29-127;3,0;1,0;1,0;100,0;0,33;0,33;0,0;0,0;DF;29-127;3,0;3,0;3,0;0,0;2,0;1,0;1,0;;;;;;;;;;;;;;cesar montes;César Montes;1,95m;right;71,0;4;Centre-Back;DF;7,5;29;7,69;9,09;0,0;66,67;92,59;45,0;52,0
Djed Spence;DF;25-330;;2;173,0;1,9;0,0;0,0;0,0;0,0;0,0;0,0;England;DF;25-330;1,9;1,0;1,0;100,0;0,52;0,52;0,0;0,0;DF;25-330;1,9;1,0;2,0;0,0;5,0;0,0;3,0;;;;;;;;;;;;;;djed spence;Djed Spence;1,84m;right;9,0;0;Left-Back;DF;30,0;25;23,08;0,0;0,0;88,89;70,07;65,0;52,0
Ramy Rabia;DF;33-046;4,0;2;282,0;3,1;0,0;0,0;0,0;0,0;0,0;0,0;Egypt;DF;33-046;3,1;1,0;1,0;100,0;0,32;0,32;0,0;0,0;DF;33-046;3,1;3,0;1,0;0,0;0,0;2,0;3,0;;;;;;;;;;;;;;ramy rabia;Ramy Rabia;1,83m;right;47,0;5;Centre-Back;DF;0,6;33;23,08;18,18;0,0;66,67;99,5;25,0;51,9
Jesús Gallardo;DF;31-320;4,0;3;283,0;3,1;0,0;0,0;0,0;0,0;0,0;0,0;Mexico;DF;31-320;3,1;3,0;0,0;0,0;0,95;0,0;0,0;;DF;31-320;3,1;5,0;1,0;0,0;3,0;5,0;0,0;;;;;;;;;;;;;;jesus gallardo;Jesús Gallardo;1,74m;left;126,0;3;Left-Back;DF;2,8;31;0,0;45,45;0,0;44,44;97,3;35,0;51,8
Ihsan Haddad;DF;32-146;3,0;3;260,0;2,9;0,0;1,0;0,0;0,0;0,0;0,35;Jordan;DF;32-146;2,9;1,0;0,0;0,0;0,35;0,0;0,0;;DF;32-146;2,9;3,0;1,0;0,0;8,0;2,0;1,0;;;;;;;;;;;;;;ehsan haddad;Ehsan Haddad;1,81m;right;79,0;1;Right-Back;DF;0,3;32;7,69;18,18;0,0;66,67;99,8;30,0;51,7
Kevin Danso;DF;27-289;4,0;2;241,0;2,7;0,0;0,0;0,0;0,0;0,0;0,0;Austria;DF;27-289;2,7;1,0;0,0;0,0;0,37;0,0;0,0;;DF;27-289;2,7;1,0;2,0;0,0;1,0;0,0;1,0;;;;;;;;;;;;;;kevin danso;Kevin Danso;1,90m;right;35,0;0;Centre-Back;DF;20,0;27;7,69;0,0;0,0;88,89;80,08;55,0;51,4
Omar Alderete;DF;29-187;3,0;3;263,0;2,9;0,0;0,0;0,0;0,0;0,0;0,0;Paraguay;DF;29-187;2,9;1,0;0,0;0,0;0,34;0,0;0,0;;DF;29-187;2,9;2,0;3,0;0,0;0,0;2,0;0,0;;;;;;;;;;;;;;omar alderete;Omar Alderete;1,90m;left;39,0;3;Centre-Back;DF;13,0;29;0,0;18,18;0,0;77,78;87,09;45,0;51,3
Juriën Gaari;DF;32-190;2,0;2;166,0;1,8;0,0;0,0;1,0;0,0;0,0;0,0;Curaçao;DF;32-190;1,8;2,0;0,0;0,0;1,08;0,0;0,0;;DF;32-190;1,8;4,0;1,0;0,0;0,0;2,0;2,0;;;;;;;;;;;;;;jurien gaari;Juriën Gaari;1,83m;right;61,0;1;Centre-Back;DF;0,35;32;15,38;18,18;0,0;55,56;99,75;30,0;51,3
Grant Hanley;DF;34-223;2,0;2;180,0;2,0;0,0;0,0;0,0;0,0;0,0;0,0;Scotland;DF;34-223;2,0;0,0;0,0;;0,0;0,0;;;DF;34-223;2,0;1,0;0,0;1,0;0,0;1,0;2,0;;;;;;;;;;;;;;grant hanley;Grant Hanley;1,88m;right;70,0;2;Centre-Back;DF;0,2;34;15,38;9,09;0,0;88,89;99,9;20,0;51,3
David Alaba;DF;34-011;4,0;4;275,0;3,1;0,0;1,0;0,0;0,0;0,0;0,33;Austria;DF;34-011;3,1;2,0;0,0;0,0;0,65;0,0;0,0;;DF;34-011;3,1;2,0;0,0;0,0;1,0;4,0;1,0;;;;;;;;;;;;;;david alaba;David Alaba;1,80m;left;116,0;15;Centre-Back;DF;3,0;34;7,69;36,36;0,0;77,78;97,1;20,0;51,2
Nathan Aké;DF;31-133;3,0;2;170,0;1,9;0,0;0,0;0,0;0,0;0,0;0,0;Netherlands;DF;31-133;1,9;1,0;0,0;0,0;0,53;0,0;0,0;;DF;31-133;1,9;2,0;2,0;0,0;1,0;4,0;0,0;;;;;;;;;;;;;;nathan ake;Nathan Aké;1,80m;left;62,0;5;Centre-Back;DF;12,0;31;0,0;36,36;0,0;77,78;88,09;35,0;51,0
Isak Hien;DF;27-169;3,0;3;216,0;2,4;0,0;0,0;1,0;0,0;0,0;0,0;Sweden;DF;27-169;2,4;0,0;0,0;;0,0;0,0;;;DF;27-169;2,4;3,0;3,0;0,0;0,0;1,0;3,0;;;;;;;;;;;;;;isak hien;Isak Hien;1,91m;right;32,0;0;Centre-Back;DF;22,0;27;23,08;9,09;0,0;66,67;78,08;55,0;51,0
João Cancelo;DF;32-039;;4;242,0;2,7;0,0;1,0;0,0;0,0;0,0;0,37;Portugal;DF;32-039;2,7;2,0;0,0;0,0;0,74;0,0;0,0;;DF;32-039;2,7;5,0;2,0;1,0;17,0;4,0;4,0;;;;;;;;;;;;;;joao cancelo;João Cancelo;1,82m;right;71,0;12;Right-Back;DF;8,0;32;30,77;36,36;0,0;44,44;92,09;30,0;50,9
Moussa Niakhaté;DF;30-119;4,0;4;390,0;4,3;0,0;1,0;0,0;0,0;0,0;0,23;Senegal;DF;30-119;4,3;1,0;0,0;0,0;0,23;0,0;0,0;;DF;30-119;4,3;3,0;6,0;0,0;2,0;4,0;1,0;;;;;;;;;;;;;;moussa niakhate;Moussa Niakhaté;1,90m;left;34,0;0;Centre-Back;DF;15,0;30;7,69;36,36;0,0;66,67;85,09;40,0;50,9
Pathé Ciss;DF;32-111;4,0;1;184,0;2,0;0,0;0,0;0,0;0,0;0,0;0,0;Senegal;DF;32-111;2,0;2,0;1,0;50,0;0,98;0,49;0,0;0,0;DF;32-111;2,0;1,0;0,0;0,0;0,0;0,0;0,0;;;;;;;;;;;;;;pathe ciss;Pathé Ciss;1,86m;right;33,0;0;Central Midfield;MF;1,8;32;0,0;0,0;0,0;88,89;98,3;30,0;50,8
Robin Hranáč;DF;26-153;3,0;3;270,0;3,0;0,0;0,0;0,0;0,0;0,0;0,0;Czechia;DF;26-153;3,0;0,0;0,0;;0,0;0,0;;;DF;26-153;3,0;6,0;0,0;0,0;1,0;1,0;0,0;;;;;;;;;;;;;;robin hranac;Robin Hranac;1,89m;right;17,0;1;Centre-Back;DF;10,0;26;0,0;9,09;0,0;33,33;90,09;60,0;50,8
Kim Min-jae;DF;29-228;;3;245,0;2,7;0,0;0,0;0,0;0,0;0,0;0,0;South Korea;DF;29-228;2,7;1,0;1,0;100,0;0,37;0,37;0,0;0,0;DF;29-228;2,7;2,0;1,0;0,0;0,0;2,0;2,0;;;;;;;;;;;;;;min jae kim;Min-jae Kim;1,90m;right;82,0;4;Centre-Back;DF;20,0;29;15,38;18,18;0,0;77,78;80,08;45,0;50,4
Gustavo Gómez;DF;33-056;4,0;4;390,0;4,3;0,0;0,0;0,0;0,0;0,0;0,0;Paraguay;DF;33-056;4,3;2,0;0,0;0,0;0,46;0,0;0,0;;DF;33-056;4,3;3,0;1,0;1,0;0,0;2,0;2,0;;;;;;;;;;;;;;gustavo gomez;Gustavo Gómez;1,85m;right;93,0;4;Centre-Back;DF;3,5;33;15,38;18,18;0,0;66,67;96,6;25,0;50,1
Theo Hernández;DF;28-268;3,0;2;193,0;2,1;0,0;0,0;0,0;0,0;0,0;0,0;France;DF;28-268;2,1;3,0;0,0;0,0;1,4;0,0;0,0;;DF;28-268;2,1;2,0;3,0;0,0;4,0;1,0;1,0;;;;;;;;;;;;;;theo hernandez;Theo Hernández;1,84m;left;47,0;2;Left-Back;DF;20,0;28;7,69;9,09;0,0;77,78;80,08;50,0;50,0
Kalidou Koulibaly;DF;35-015;2,0;2;161,0;1,8;0,0;0,0;0,0;0,0;0,0;0,0;Senegal;DF;35-015;1,8;0,0;0,0;;0,0;0,0;;;DF;35-015;1,8;0,0;0,0;0,0;0,0;2,0;1,0;;;;;;;;;;;;;;kalidou koulibaly;Kalidou Koulibaly;1,86m;right;105,0;2;Centre-Back;DF;4,5;35;7,69;18,18;0,0;100,0;95,6;15,0;49,8
Sead Kolašinac;DF;33-015;4,0;4;337,0;3,7;0,0;1,0;0,0;0,0;0,0;0,27;Bosnia and Herzegovina;DF;33-015;3,7;0,0;0,0;;0,0;0,0;;;DF;33-015;3,7;6,0;4,0;0,0;9,0;2,0;6,0;;;;;;;;;;;;;;sead kolasinac;Sead Kolasinac;1,83m;left;68,0;0;Centre-Back;DF;4,0;33;46,15;18,18;0,0;33,33;96,1;25,0;49,7
Virgil van Dijk;DF;34-358;4,0;4;390,0;4,3;1,0;1,0;0,0;0,0;0,23;0,23;Netherlands;DF;34-358;4,3;2,0;2,0;100,0;0,46;0,46;0,5;0,5;DF;34-358;4,3;2,0;2,0;0,0;0,0;3,0;1,0;;;;;;;;;;;;;;virgil van dijk;Virgil van Dijk;1,95m;right;96,0;13;Centre-Back;DF;15,0;34;7,69;27,27;34,33;77,78;85,09;20,0;49,5
Lisandro Martínez;DF;28-168;3,0;3;300,0;3,3;1,0;1,0;0,0;0,0;0,3;0,3;Argentina;DF;28-168;3,3;1,0;1,0;100,0;0,3;0,3;1,0;1,0;DF;28-168;3,3;1,0;0,0;0,0;0,0;2,0;1,0;;;;;;;;;;;;;;lisandro martinez;Lisandro Martínez;1,75m;left;30,0;1;Centre-Back;DF;40,0;28;7,69;18,18;44,78;88,89;60,06;50,0;49,5
Tim Ream;DF;38-273;;3;270,0;3,0;0,0;0,0;0,0;0,0;0,0;0,0;United States;DF;38-273;3,0;0,0;0,0;;0,0;0,0;;;DF;38-273;3,0;0,0;2,0;0,0;0,0;4,0;1,0;;;;;;;;;;;;;;tim ream;Tim Ream;1,86m;left;84,0;1;Centre-Back;DF;0,15;38;7,69;36,36;0,0;100,0;99,95;0,0;49,4
Andy Robertson;DF;32-112;3,0;3;225,0;2,5;0,0;0,0;1,0;0,0;0,0;0,0;Scotland;DF;32-112;2,5;0,0;0,0;;0,0;0,0;;;DF;32-112;2,5;3,0;1,0;0,0;10,0;2,0;1,0;;;;;;;;;;;;;;andrew robertson;Andrew Robertson;1,78m;left;97,0;4;Left-Back;DF;7,0;32;7,69;18,18;0,0;66,67;93,09;30,0;49,3
Marcos Llorente;DF;31-156;;2;180,0;2,0;0,0;1,0;0,0;0,0;0,0;0,5;Spain;DF;31-156;2,0;0,0;0,0;;0,0;0,0;;;DF;31-156;2,0;2,0;1,0;0,0;4,0;1,0;5,0;;;;;;;;;;;;;;marcos llorente;Marcos Llorente;1,83m;right;26,0;0;Right-Back;DF;20,0;31;38,46;9,09;0,0;77,78;80,08;35,0;49,3
Jan Paul van Hecke;DF;26-023;4,0;4;390,0;4,3;1,0;0,0;0,0;0,0;0,23;0,0;Netherlands;DF;26-023;4,3;3,0;2,0;66,7;0,69;0,46;0,33;0,5;DF;26-023;4,3;4,0;2,0;0,0;1,0;4,0;3,0;;;;;;;;;;;;;;jan paul van hecke;Jan Paul van Hecke;1,89m;right;16,0;1;Centre-Back;DF;45,0;26;23,08;36,36;34,33;55,56;55,06;60,0;49,2
Danilo;DF;34-351;4,0;3;315,0;3,5;0,0;0,0;2,0;0,0;0,0;0,0;Brazil;DF;34-351;3,5;0,0;0,0;;0,0;0,0;;;DF;34-351;3,5;6,0;1,0;1,0;7,0;6,0;0,0;;;;;;;;;;;;;;danilo;Danilo;1,77m;left;7,0;2;Central Midfield;MF;32,0;25;0,0;54,55;0,0;33,33;68,07;65,0;48,9
Shogo Taniguchi;DF;34-351;3,0;2;232,0;2,6;0,0;0,0;1,0;0,0;0,0;0,0;Japan;DF;34-351;2,6;0,0;0,0;;0,0;0,0;;;DF;34-351;2,6;2,0;1,0;0,0;0,0;1,0;0,0;;;;;;;;;;;;;;shogo taniguchi;Shogo Taniguchi;1,85m;right;41,0;1;Centre-Back;DF;0,75;34;0,0;9,09;0,0;77,78;99,35;20,0;48,5
Chris Richards;DF;26-099;;3;270,0;3,0;0,0;0,0;1,0;0,0;0,0;0,0;United States;DF;26-099;3,0;1,0;0,0;0,0;0,33;0,0;0,0;;DF;26-099;3,0;7,0;3,0;0,0;0,0;4,0;3,0;;;;;;;;;;;;;;chris richards;Chris Richards;1,89m;right;38,0;3;Centre-Back;DF;28,0;26;23,08;36,36;0,0;22,22;72,07;60,0;48,4
Joshua Kimmich;DF;31-143;;4;351,0;3,9;0,0;2,0;0,0;0,0;0,0;0,51;Germany;DF;31-143;3,9;5,0;1,0;20,0;1,28;0,26;0,0;0,0;DF;31-143;3,9;0,0;7,0;0,0;31,0;4,0;4,0;;;;;;;;;;;;;;joshua kimmich;Joshua Kimmich;1,77m;right;114,0;10;Defensive Midfield;MF;35,0;31;30,77;36,36;0,0;100,0;65,07;35,0;48,2
Lucas Digne;DF;32-346;2,0;2;167,0;1,9;0,0;0,0;0,0;0,0;0,0;0,0;France;DF;32-346;1,9;1,0;1,0;100,0;0,54;0,54;0,0;0,0;DF;32-346;1,9;2,0;1,0;0,0;6,0;0,0;0,0;;;;;;;;;;;;;;lucas digne;Lucas Digne;1,78m;left;60,0;0;Left-Back;DF;6,0;32;0,0;0,0;0,0;77,78;94,09;30,0;48,2
Ricardo Rodríguez;DF;33-314;4,0;4;358,0;4,0;0,0;0,0;0,0;0,0;0,0;0,0;Switzerland;DF;33-314;4,0;1,0;0,0;0,0;0,25;0,0;0,0;;DF;33-314;4,0;9,0;1,0;0,0;15,0;3,0;6,0;;;;;;;;;;;;;;ricardo rodriguez;Ricardo Rodríguez;1,82m;left;141,0;9;Left-Back;DF;1,4;33;46,15;27,27;0,0;0,0;98,7;25,0;48,1
Danilo;DF;34-351;4,0;3;315,0;3,5;0,0;0,0;2,0;0,0;0,0;0,0;Brazil;DF;34-351;3,5;0,0;0,0;;0,0;0,0;;;DF;34-351;3,5;6,0;1,0;1,0;7,0;6,0;0,0;;;;;;;;;;;;;;danilo;Danilo;1,84m;right;74,0;1;Centre-Back;DF;2,0;34;0,0;54,55;0,0;33,33;98,1;20,0;48,1
Antonio Rüdiger;DF;33-120;;2;262,0;2,9;0,0;0,0;0,0;0,0;0,0;0,0;Germany;DF;33-120;2,9;1,0;0,0;0,0;0,34;0,0;0,0;;DF;33-120;2,9;1,0;0,0;0,0;3,0;0,0;0,0;;;;;;;;;;;;;;antonio rudiger;Antonio Rüdiger;1,90m;right;86,0;3;Centre-Back;DF;6,0;33;0,0;0,0;0,0;88,89;94,09;25,0;48,1
Jhon Lucumí;DF;28-009;4,0;4;360,0;4,0;0,0;0,0;1,0;0,0;0,0;0,0;Colombia;DF;28-009;4,0;1,0;0,0;0,0;0,25;0,0;0,0;;DF;28-009;4,0;4,0;0,0;0,0;0,0;2,0;1,0;;;;;;;;;;;;;;jhon lucumi;Jhon Lucumí;1,87m;left;40,0;1;Centre-Back;DF;22,0;28;7,69;18,18;0,0;55,56;78,08;50,0;48,0
Abdukodir Khusanov;DF;22-122;3,0;3;270,0;3,0;0,0;0,0;2,0;0,0;0,0;0,0;Uzbekistan;DF;22-122;3,0;0,0;0,0;;0,0;0,0;;;DF;22-122;3,0;6,0;0,0;0,0;0,0;5,0;3,0;;;;;;;;;;;;;;abdukodir khusanov;Abdukodir Khusanov;1,86m;right;30,0;0;Centre-Back;DF;50,0;22;23,08;45,45;0,0;33,33;50,05;80,0;47,7
Nicolás Otamendi;DF;38-143;3,0;1;135,0;1,5;0,0;0,0;0,0;0,0;0,0;0,0;Argentina;DF;38-143;1,5;1,0;0,0;0,0;0,67;0,0;0,0;;DF;38-143;1,5;3,0;0,0;1,0;0,0;5,0;2,0;;;;;;;;;;;;;;nicolas otamendi;Nicolás Otamendi;1,82m;right;135,0;8;Centre-Back;DF;1,0;38;15,38;45,45;0,0;66,67;99,1;0,0;47,4
Piero Hincapié;DF;24-173;4,0;4;339,0;3,8;0,0;0,0;1,0;1,0;0,0;0,0;Ecuador;DF;24-173;3,8;3,0;0,0;0,0;0,8;0,0;0,0;;DF;24-173;3,8;5,0;4,0;0,0;14,0;4,0;5,0;;;;;;;;;;;;;;piero hincapie;Piero Hincapié;1,83m;left;56,0;3;Centre-Back;DF;50,0;24;38,46;36,36;0,0;44,44;50,05;70,0;46,9
Ricardo Adé;DF;36-041;;3;270,0;3,0;0,0;0,0;0,0;0,0;0,0;0,0;Haiti;DF;36-041;3,0;4,0;1,0;25,0;1,33;0,33;0,0;0,0;DF;36-041;3,0;6,0;4,0;0,0;1,0;5,0;2,0;;;;;;;;;;;;;;ricardo ade;Ricardo Adé;1,90m;right;62,0;2;Centre-Back;DF;0,3;36;15,38;45,45;0,0;33,33;99,8;10,0;46,8
Shoja' Khalilzadeh;DF;37-048;;3;270,0;3,0;0,0;0,0;1,0;0,0;0,0;0,0;Iran;DF;37-048;3,0;2,0;0,0;0,0;0,67;0,0;0,0;;DF;37-048;3,0;4,0;0,0;1,0;0,0;3,0;3,0;;;;;;;;;;;;;;shoja khalilzadeh;Shoja Khalilzadeh;1,83m;right;60,0;2;Centre-Back;DF;0,1;37;23,08;27,27;0,0;55,56;100,0;5,0;46,8
Brandon Mechele;DF;33-158;;4;390,0;4,3;0,0;0,0;1,0;0,0;0,0;0,0;Belgium;DF;33-158;4,3;5,0;1,0;20,0;1,15;0,23;0,0;0,0;DF;33-158;4,3;7,0;1,0;0,0;0,0;2,0;3,0;;;;;;;;;;;;;;brandon mechele;Brandon Mechele;1,90m;right;12,0;1;Centre-Back;DF;2,8;33;23,08;18,18;0,0;22,22;97,3;25,0;46,7
Michael Boxall;DF;37-317;3,0;2;207,0;2,3;0,0;0,0;0,0;0,0;0,0;0,0;New Zealand;DF;37-317;2,3;0,0;0,0;;0,0;0,0;;;DF;37-317;2,3;2,0;2,0;0,0;1,0;2,0;1,0;;;;;;;;;;;;;;michael boxall;Michael Boxall;1,91m;right;66,0;1;Centre-Back;DF;0,15;37;7,69;18,18;0,0;77,78;99,95;5,0;46,6
Hiroki Ito;DF;27-050;4,0;4;360,0;4,0;0,0;0,0;0,0;0,0;0,0;0,0;Japan;DF;27-050;4,0;1,0;0,0;0,0;0,25;0,0;0,0;;DF;27-050;4,0;7,0;0,0;0,0;9,0;0,0;2,0;;;;;;;;;;;;;;hiroki ito;Hiroki Ito;1,88m;left;28,0;1;Centre-Back;DF;18,0;27;15,38;0,0;0,0;22,22;82,08;55,0;46,2
Marquinhos;DF;32-048;4,0;4;360,0;4,0;0,0;0,0;0,0;0,0;0,0;0,0;Brazil;DF;32-048;4,0;2,0;0,0;0,0;0,5;0,0;0,0;;DF;32-048;4,0;0,0;1,0;1,0;1,0;1,0;2,0;;;;;;;;;;;;;;marquinhos;Marquinhos;1,83m;right;109,0;7;Centre-Back;DF;28,0;32;15,38;9,09;0,0;100,0;72,07;30,0;45,2
Denzel Dumfries;DF;30-074;4,0;4;390,0;4,3;0,0;2,0;0,0;0,0;0,0;0,46;Netherlands;DF,MF;30-074;4,3;5,0;2,0;40,0;1,15;0,46;0,0;0,0;DF,MF;30-074;4,3;6,0;3,0;1,0;16,0;1,0;6,0;;;;;;;;;;;;;;denzel dumfries;Denzel Dumfries;1,88m;right;76,0;11;Right-Back;DF;25,0;30;46,15;9,09;0,0;33,33;75,08;40,0;45,1
Jonathan Tah;DF;30-140;;4;372,0;4,1;0,0;0,0;0,0;0,0;0,0;0,0;Germany;DF;30-140;4,1;1,0;1,0;100,0;0,24;0,24;0,0;0,0;DF;30-140;4,1;5,0;1,0;0,0;1,0;1,0;3,0;;;;;;;;;;;;;;jonathan tah;Jonathan Tah;1,95m;right;51,0;1;Centre-Back;DF;28,0;30;23,08;9,09;0,0;44,44;72,07;40,0;42,9
Thomas Meunier;DF;34-296;;2;190,0;2,1;0,0;1,0;0,0;0,0;0,0;0,47;Belgium;DF;34-296;2,1;2,0;1,0;50,0;0,95;0,47;0,0;0,0;DF;34-296;2,1;9,0;0,0;0,0;7,0;2,0;2,0;;;;;;;;;;;;;;thomas meunier;Thomas Meunier;1,90m;right;82,0;10;Right-Back;DF;1,5;34;15,38;18,18;0,0;0,0;98,6;20,0;42,9
Micky van de Ven;DF;25-073;3,0;3;265,0;2,9;0,0;0,0;1,0;0,0;0,0;0,0;Netherlands;DF,MF;25-073;2,9;3,0;1,0;33,3;1,02;0,34;0,0;0,0;DF,MF;25-073;2,9;5,0;1,0;0,0;2,0;2,0;3,0;;;;;;;;;;;;;;micky van de ven;Micky van de Ven;1,93m;left;24,0;1;Centre-Back;DF;50,0;25;23,08;18,18;0,0;44,44;50,05;65,0;42,3
Cristian Romero;DF;28-069;3,0;3;255,0;2,8;0,0;0,0;0,0;0,0;0,0;0,0;Argentina;DF;28-069;2,8;1,0;0,0;0,0;0,35;0,0;0,0;;DF;28-069;2,8;5,0;2,0;0,0;0,0;5,0;2,0;;;;;;;;;;;;;;cristian romero;Cristian Romero;1,85m;right;53,0;3;Centre-Back;DF;45,0;28;15,38;45,45;0,0;44,44;55,06;50,0;42,3
Pau Cubarsí;DF;19-164;;4;360,0;4,0;0,0;0,0;0,0;0,0;0,0;0,0;Spain;DF;19-164;4,0;2,0;0,0;0,0;0,5;0,0;0,0;;DF;19-164;4,0;2,0;1,0;0,0;1,0;3,0;1,0;;;;;;;;;;;;;;pau cubarsi;Pau Cubarsí;1,84m;right;15,0;0;Centre-Back;DF;80,0;19;7,69;27,27;0,0;77,78;20,02;95,0;42,0
Dayot Upamecano;DF;27-247;4,0;4;345,0;3,8;0,0;0,0;0,0;0,0;0,0;0,0;France;DF;27-247;3,8;2,0;0,0;0,0;0,52;0,0;0,0;;DF;27-247;3,8;4,0;1,0;0,0;0,0;8,0;6,0;;;;;;;;;;;;;;dayot upamecano;Dayot Upamecano;1,86m;right;42,0;2;Centre-Back;DF;70,0;27;46,15;72,73;0,0;55,56;30,03;55,0;41,7
Jules Koundé;DF;27-231;4,0;4;332,0;3,7;0,0;0,0;0,0;0,0;0,0;0,0;France;DF;27-231;3,7;1,0;0,0;0,0;0,27;0,0;0,0;;DF;27-231;3,7;2,0;3,0;1,0;6,0;1,0;6,0;;;;;;;;;;;;;;jules kounde;Jules Koundé;1,81m;right;52,0;0;Right-Back;DF;60,0;27;46,15;9,09;0,0;77,78;40,04;55,0;41,1
Willian Pacho;DF;24-258;4,0;4;360,0;4,0;0,0;0,0;0,0;0,0;0,0;0,0;Ecuador;DF;24-258;4,0;1,0;1,0;100,0;0,25;0,25;0,0;0,0;DF;24-258;4,0;3,0;2,0;0,0;0,0;8,0;2,0;;;;;;;;;;;;;;willian pacho;Willian Pacho;1,88m;left;38,0;2;Centre-Back;DF;80,0;24;15,38;72,73;0,0;66,67;20,02;70,0;40,0
Reece James;DF;26-209;;2;180,0;2,0;0,0;0,0;0,0;0,0;0,0;0,0;England;DF;26-209;2,0;1,0;0,0;0,0;0,5;0,0;0,0;;DF;26-209;2,0;1,0;0,0;0,0;5,0;2,0;0,0;;;;;;;;;;;;;;reece james;Reece James;1,80m;right;26,0;1;Right-Back;DF;60,0;26;0,0;18,18;0,0;88,89;40,04;60,0;39,7
Nico O'Reilly;DF;21-106;;3;295,0;3,3;0,0;0,0;0,0;0,0;0,0;0,0;England;DF;21-106;3,3;6,0;1,0;16,7;1,83;0,31;0,0;0,0;DF;21-106;3,3;6,0;2,0;0,0;3,0;2,0;3,0;;;;;;;;;;;;;;nico oreilly;Nico O'Reilly;1,93m;left;8,0;0;Left-Back;DF;70,0;21;23,08;18,18;0,0;33,33;30,03;85,0;39,2
Marc Cucurella;DF;27-348;;4;360,0;4,0;0,0;2,0;0,0;0,0;0,0;0,5;Spain;DF;27-348;4,0;3,0;2,0;66,7;0,75;0,5;0,0;0,0;DF;27-348;4,0;5,0;3,0;1,0;8,0;3,0;1,0;;;;;;;;;;;;;;marc cucurella;Marc Cucurella;1,73m;left;27,0;1;Left-Back;DF;50,0;27;7,69;27,27;0,0;44,44;50,05;55,0;39,2
Joško Gvardiol;DF;24-163;;2;139,0;1,5;0,0;0,0;0,0;0,0;0,0;0,0;Croatia;DF;24-163;1,5;1,0;0,0;0,0;0,65;0,0;0,0;;DF;24-163;1,5;2,0;3,0;0,0;0,0;2,0;2,0;;;;;;;;;;;;;;josko gvardiol;Josko Gvardiol;1,85m;left;51,0;4;Centre-Back;DF;70,0;24;15,38;18,18;0,0;77,78;30,03;70,0;39,1
Achraf Hakimi;DF;27-239;4,0;4;390,0;4,3;1,0;1,0;0,0;0,0;0,23;0,23;Morocco;DF;27-239;4,3;13,0;4,0;30,8;3,0;0,92;0,08;0,25;DF;27-239;4,3;4,0;12,0;0,0;27,0;4,0;7,0;;;;;;;;;;;;;;achraf hakimi;Achraf Hakimi;1,80m;right;100,0;12;Right-Back;DF;80,0;27;53,85;36,36;34,33;55,56;20,02;55,0;38,8
Rúben Dias;DF;29-052;;3;270,0;3,0;0,0;0,0;1,0;0,0;0,0;0,0;Portugal;DF;29-052;3,0;0,0;0,0;;0,0;0,0;;;DF;29-052;3,0;5,0;3,0;0,0;0,0;5,0;3,0;;;;;;;;;;;;;;ruben dias;Rúben Dias;1,87m;right;78,0;3;Centre-Back;DF;55,0;29;23,08;45,45;0,0;44,44;45,05;45,0;38,3
Ezri Konsa;DF;28-255;;4;360,0;4,0;0,0;0,0;0,0;0,0;0,0;0,0;England;DF;28-255;4,0;2,0;1,0;50,0;0,5;0,25;0,0;0,0;DF;28-255;4,0;7,0;8,0;0,0;0,0;1,0;2,0;;;;;;;;;;;;;;ezri konsa;Ezri Konsa;1,80m;right;23,0;1;Centre-Back;DF;40,0;28;15,38;9,09;0,0;22,22;60,06;50,0;38,2
Nuno Mendes;DF;24-016;;4;340,0;3,8;1,0;0,0;0,0;0,0;0,26;0,0;Portugal;DF;24-016;3,8;2,0;1,0;50,0;0,53;0,26;0,5;1,0;DF;24-016;3,8;3,0;11,0;1,0;16,0;0,0;3,0;;;;;;;;;;;;;;nuno mendes;Nuno Mendes;1,77m;left;47,0;2;Left-Back;DF;80,0;24;23,08;0,0;38,81;66,67;20,02;70,0;37,4
Marc Guéhi;DF;25-357;;3;274,0;3,0;0,0;0,0;0,0;0,0;0,0;0,0;England;DF;25-357;3,0;1,0;0,0;0,0;0,33;0,0;0,0;;DF;25-357;3,0;2,0;10,0;0,0;0,0;2,0;0,0;;;;;;;;;;;;;;marc guehi;Marc Guéhi;1,82m;right;32,0;1;Centre-Back;DF;70,0;25;0,0;18,18;0,0;77,78;30,03;65,0;36,4
Gabriel Magalhães;DF;28-194;4,0;4;360,0;4,0;0,0;1,0;0,0;0,0;0,0;0,25;Brazil;DF;28-194;4,0;1,0;0,0;0,0;0,25;0,0;0,0;;DF;28-194;4,0;1,0;3,0;0,0;3,0;3,0;2,0;;;;;;;;;;;;;;gabriel;Gabriel;1,90m;left;21,0;1;Centre-Back;DF;75,0;28;15,38;27,27;0,0;88,89;25,03;50,0;34,4
William Saliba;DF;25-099;3,0;3;270,0;3,0;0,0;0,0;0,0;0,0;0,0;0,0;France;DF;25-099;3,0;1,0;0,0;0,0;0,33;0,0;0,0;;DF;25-099;3,0;2,0;0,0;0,0;0,0;4,0;0,0;;;;;;;;;;;;;;william saliba;William Saliba;1,92m;right;35,0;0;Centre-Back;DF;100,0;25;0,0;36,36;0,0;77,78;0,0;65,0;27,7
