Player,Height,Foot,International matches,Goals,Country,TM_Position,Pos,Value_M,Age
Luca Zidane,"1,83m",right,9.0,0,Algeria,Goalkeeper,GK,1.0,28
Oussama Benbout,"1,88m",,4.0,0,Algeria,Goalkeeper,GK,0.85,31
Melvin Mastil,"1,94m",right,2.0,0,Algeria,Goalkeeper,GK,0.25,26
Ramy Bensebaini,"1,87m",left,84.0,7,Algeria,Centre-Back,DF,7.0,31
Samir Chergui,"1,85m",right,6.0,0,Algeria,Centre-Back,DF,3.0,27
Zineddine Belaid,"1,86m",right,19.0,1,Algeria,Centre-Back,DF,1.8,27
Mohamed Amine Tougai,"1,86m",right,30.0,2,Algeria,Centre-Back,DF,1.3,26
Aïssa Mandi,"1,84m",right,121.0,8,Algeria,Centre-Back,DF,1.0,34
Achref Abada,"1,85m",right,10.0,1,Algeria,Centre-Back,DF,1.0,27
Rayan Aït-Nouri,"1,80m",left,32.0,0,Algeria,Left-Back,DF,40.0,25
Jaouen Hadjam,"1,85m",left,20.0,3,Algeria,Left-Back,DF,7.0,23
Rafik Belghali,"1,80m",right,16.0,2,Algeria,Right-Back,DF,7.0,24
Ramiz Zerrouki,"1,83m",right,55.0,3,Algeria,Defensive Midfield,MF,6.5,28
Nabil Bentaleb,"1,89m",left,62.0,6,Algeria,Defensive Midfield,MF,4.5,31
Hicham Boudaoui,"1,75m",right,35.0,0,Algeria,Central Midfield,MF,12.0,26
Yassine Titraoui,"1,80m",,5.0,0,Algeria,Central Midfield,MF,7.0,22
Ibrahim Maza,"1,80m",right,20.0,2,Algeria,Attacking Midfield,MF,45.0,20
Farès Chaïbi,"1,83m",right,33.0,3,Algeria,Attacking Midfield,MF,15.0,23
Houssem Aouar,"1,75m",right,23.0,6,Algeria,Attacking Midfield,MF,8.0,28
Adil Boulbina,1‚83m,right,12.0,5,Algeria,Left Winger,FW,3.0,23
Anis Hadj Moussa,"1,76m",left,17.0,2,Algeria,Right Winger,FW,23.0,24
Farès Ghedjemis,"1,83m",left,2.0,1,Algeria,Right Winger,FW,7.5,23
Riyad Mahrez,"1,79m",left,118.0,40,Algeria,Right Winger,FW,5.0,35
Amine Gouiri,"1,80m",right,26.0,11,Algeria,Centre-Forward,FW,28.0,26
Mohamed Amoura,"1,70m",right,47.0,19,Algeria,Centre-Forward,FW,20.0,26
Nadhir Benbouali,"1,90m",left,5.0,2,Algeria,Centre-Forward,FW,1.2,26
Emiliano Martínez,"1,95m",right,62.0,0,Argentina,Goalkeeper,GK,12.0,33
Gerónimo Rulli,"1,89m",right,8.0,0,Argentina,Goalkeeper,GK,6.0,34
Juan Musso,"1,93m",right,4.0,0,Argentina,Goalkeeper,GK,3.0,32
Cristian Romero,"1,85m",right,53.0,3,Argentina,Centre-Back,DF,45.0,28
Lisandro Martínez,"1,75m",left,30.0,1,Argentina,Centre-Back,DF,40.0,28
Marcos Senesi,"1,84m",left,4.0,0,Argentina,Centre-Back,DF,25.0,29
Facundo Medina,"1,84m",left,11.0,0,Argentina,Centre-Back,DF,18.0,27
Nicolás Otamendi,"1,82m",right,135.0,8,Argentina,Centre-Back,DF,1.0,38
Nicolás Tagliafico,"1,72m",left,78.0,1,Argentina,Left-Back,DF,4.0,33
Nahuel Molina,"1,79m",right,60.0,1,Argentina,Right-Back,DF,15.0,28
Gonzalo Montiel,"1,75m",right,40.0,2,Argentina,Right-Back,DF,4.5,29
Leandro Paredes,"1,82m",right,79.0,5,Argentina,Defensive Midfield,MF,5.0,32
Enzo Fernández,"1,78m",right,44.0,6,Argentina,Central Midfield,MF,90.0,25
Alexis Mac Allister,"1,76m",right,49.0,6,Argentina,Central Midfield,MF,70.0,27
Valentín Barco,"1,72m",left,5.0,2,Argentina,Central Midfield,MF,40.0,21
Exequiel Palacios,"1,77m",right,41.0,0,Argentina,Central Midfield,MF,25.0,27
Rodrigo De Paul,"1,78m",right,89.0,2,Argentina,Central Midfield,MF,14.0,32
Nico Paz,"1,85m",left,11.0,1,Argentina,Attacking Midfield,MF,80.0,21
Giovani Lo Celso,"1,77m",left,68.0,5,Argentina,Attacking Midfield,MF,8.0,30
Nico González,"1,80m",left,53.0,6,Argentina,Left Winger,FW,22.0,28
Thiago Almada,"1,71m",right,19.0,5,Argentina,Left Winger,FW,15.0,25
Giuliano Simeone,"1,74m",right,14.0,2,Argentina,Right Winger,FW,40.0,23
Lionel Messi,"1,70m",left,202.0,123,Argentina,Right Winger,FW,15.0,39
Julián Alvarez,"1,70m",right,54.0,14,Argentina,Centre-Forward,FW,100.0,26
Lautaro Martínez,"1,74m",right,80.0,38,Argentina,Centre-Forward,FW,85.0,28
Flaco López,"1,90m",left,6.0,0,Argentina,Centre-Forward,FW,25.0,25
Mathew Ryan,"1,84m",right,104.0,0,Australia,Goalkeeper,GK,1.8,34
Patrick Beach,"1,89m",left,5.0,0,Australia,Goalkeeper,GK,1.0,22
Paul Izzo,"1,84m",right,4.0,0,Australia,Goalkeeper,GK,0.5,31
Alessandro Circati,"1,91m",right,16.0,1,Australia,Centre-Back,DF,12.0,22
Lucas Herrington,"1,93m",right,5.0,0,Australia,Centre-Back,DF,4.5,18
Harry Souttar,"1,98m",right,41.0,11,Australia,Centre-Back,DF,3.5,27
Cameron Burgess,"1,94m",left,29.0,0,Australia,Centre-Back,DF,1.5,30
Milos Degenek,"1,87m",right,57.0,1,Australia,Centre-Back,DF,0.45,32
Jordan Bos,"1,80m",left,30.0,4,Australia,Left-Back,DF,12.0,23
Aziz Behich,"1,70m",left,86.0,3,Australia,Left-Back,DF,0.25,35
Jacob Italiano,"1,77m",both,7.0,0,Australia,Right-Back,DF,0.6,24
Jason Geria,"1,81m",right,16.0,0,Australia,Right-Back,DF,0.35,33
Aiden O'Neill,"1,80m",right,34.0,0,Australia,Defensive Midfield,MF,3.0,27
Kai Trewin,"1,83m",right,6.0,0,Australia,Defensive Midfield,MF,1.8,25
Paul Okon-Engstler,"1,85m",left,9.0,0,Australia,Defensive Midfield,MF,1.2,21
Cammy Devlin,"1,70m",right,5.0,0,Australia,Central Midfield,MF,2.0,28
Connor Metcalfe,"1,83m",left,39.0,2,Australia,Central Midfield,MF,1.5,26
Jackson Irvine,"1,89m",right,85.0,14,Australia,Central Midfield,MF,1.0,33
Ajdin Hrustic,"1,80m",left,38.0,4,Australia,Central Midfield,MF,0.6,29
Cristian Volpato,"1,87m",left,3.0,0,Australia,Attacking Midfield,MF,10.0,22
Nishan Velupillay,"1,81m",right,9.0,3,Australia,Left Winger,FW,0.65,25
Awer Mabil,"1,78m",right,38.0,10,Australia,Left Winger,FW,0.5,30
Mathew Leckie,"1,81m",right,82.0,14,Australia,Left Winger,FW,0.3,35
Nestory Irankunda,"1,75m",right,18.0,6,Australia,Right Winger,FW,8.0,20
Mohamed Touré,"1,86m",right,12.0,2,Australia,Centre-Forward,FW,8.0,22
Tete Yengi,"1,97m",right,3.0,1,Australia,Centre-Forward,FW,0.45,25
Florian Wiegele,"2,05m",left,1.0,0,Austria,Goalkeeper,GK,2.2,25
Patrick Pentz,"1,83m",left,18.0,0,Austria,Goalkeeper,GK,2.2,29
Alexander Schlager,"1,88m",right,29.0,0,Austria,Goalkeeper,GK,2.0,30
David Affengruber,"1,85m",right,1.0,0,Austria,Centre-Back,DF,20.0,25
Kevin Danso,"1,90m",right,35.0,0,Austria,Centre-Back,DF,20.0,27
Philipp Lienhart,"1,89m",right,43.0,3,Austria,Centre-Back,DF,10.0,29
Marco Friedl,"1,87m",left,12.0,0,Austria,Centre-Back,DF,10.0,28
Stefan Posch,"1,88m",right,55.0,5,Austria,Centre-Back,DF,6.0,29
Michael Svoboda,"1,95m",right,4.0,0,Austria,Centre-Back,DF,3.5,27
David Alaba,"1,80m",left,116.0,15,Austria,Centre-Back,DF,3.0,34
Phillipp Mwene,"1,70m",right,32.0,0,Austria,Left-Back,DF,1.5,32
Konrad Laimer,"1,80m",right,60.0,7,Austria,Right-Back,DF,32.0,29
Nicolas Seiwald,"1,79m",right,50.0,1,Austria,Defensive Midfield,MF,25.0,25
Dejan Ljubicic,"1,87m",right,9.0,1,Austria,Defensive Midfield,MF,3.0,28
Florian Grillitsch,"1,86m",right,60.0,1,Austria,Defensive Midfield,MF,2.5,30
Paul Wanner,"1,85m",left,6.0,0,Austria,Central Midfield,MF,22.0,20
Carney Chukwuemeka,"1,87m",right,5.0,1,Austria,Central Midfield,MF,20.0,22
Xaver Schlager,"1,74m",left,54.0,4,Austria,Central Midfield,MF,10.0,28
Marcel Sabitzer,"1,78m",right,101.0,27,Austria,Central Midfield,MF,6.0,32
Alessandro Schöpf,"1,78m",right,35.0,6,Austria,Central Midfield,MF,0.8,32
Alexander Prass,"1,80m",left,20.0,0,Austria,Left Midfield,MF,9.0,25
Romano Schmid,"1,68m",right,37.0,4,Austria,Attacking Midfield,MF,15.0,26
Patrick Wimmer,"1,82m",right,32.0,1,Austria,Right Winger,FW,12.0,25
Sasa Kalajdzic,"2,00m",right,24.0,5,Austria,Centre-Forward,FW,4.0,28
Marko Arnautovic,"1,92m",both,136.0,49,Austria,Centre-Forward,FW,2.0,37
Michael Gregoritsch,"1,93m",left,77.0,24,Austria,Centre-Forward,FW,1.5,32
Senne Lammens,"1,93m",right,2,0,Belgium,Goalkeeper,GK,35.0,23
Mike Penders,"2,00m",left,-,0,Belgium,Goalkeeper,GK,25.0,20
Thibaut Courtois,"1,99m",left,112,0,Belgium,Goalkeeper,GK,15.0,34
Zeno Debast,"1,91m",right,26,1,Belgium,Centre-Back,DF,28.0,22
Nathan Ngoy,"1,83m",right,6,0,Belgium,Centre-Back,DF,25.0,23
Koni De Winter,"1,91m",right,8,0,Belgium,Centre-Back,DF,23.0,24
Arthur Theate,"1,85m",left,35,1,Belgium,Centre-Back,DF,17.0,26
Brandon Mechele,"1,90m",right,12,1,Belgium,Centre-Back,DF,2.8,33
Maxim De Cuyper,"1,82m",left,22,4,Belgium,Left-Back,DF,22.0,25
Joaquin Seys,"1,78m",left,5,0,Belgium,Left-Back,DF,20.0,21
Timothy Castagne,"1,85m",right,66,2,Belgium,Right-Back,DF,8.0,30
Thomas Meunier,"1,90m",right,82,10,Belgium,Right-Back,DF,1.5,34
Amadou Onana,"1,95m",right,31,1,Belgium,Defensive Midfield,MF,45.0,24
Nicolas Raskin,"1,78m",right,16,2,Belgium,Defensive Midfield,MF,12.0,25
Axel Witsel,"1,86m",right,138,12,Belgium,Defensive Midfield,MF,1.2,37
Youri Tielemans,"1,76m",right,88,13,Belgium,Central Midfield,MF,30.0,29
Alexis Saelemaekers,"1,80m",right,26,3,Belgium,Right Midfield,MF,20.0,27
Diego Moreira,"1,79m",left,3,0,Belgium,Left Midfield,MF,25.0,21
Charles De Ketelaere,"1,92m",left,32,6,Belgium,Attacking Midfield,MF,30.0,25
Kevin De Bruyne,"1,81m",right,122,38,Belgium,Attacking Midfield,MF,8.0,35
Hans Vanaken,"1,95m",right,37,7,Belgium,Attacking Midfield,MF,5.0,33
Jérémy Doku,"1,73m",right,45,7,Belgium,Left Winger,FW,75.0,24
Leandro Trossard,"1,72m",right,54,14,Belgium,Left Winger,FW,18.0,31
Dodi Lukébakio,"1,84m",left,31,6,Belgium,Right Winger,FW,15.0,28
Matias Fernandez-Pardo,"1,88m",right,5,0,Belgium,Centre-Forward,FW,35.0,21
Romelu Lukaku,"1,90m",left,129,91,Belgium,Centre-Forward,FW,6.0,33
Nikola Vasilj,"1,93m",right,29,0,Bosnia and Herzegovina,Goalkeeper,GK,4.5,30
Martin Zlomislic,"1,89m",right,3,0,Bosnia and Herzegovina,Goalkeeper,GK,2.0,27
Mladen Jurkas,"1,93m",right,-,0,Bosnia and Herzegovina,Goalkeeper,GK,0.7,18
Tarik Muharemović,"1,92m",left,16,1,Bosnia and Herzegovina,Centre-Back,DF,25.0,23
Sead Kolasinac,"1,83m",left,68,0,Bosnia and Herzegovina,Centre-Back,DF,4.0,33
Stjepan Radeljic,"2,01m",left,6,0,Bosnia and Herzegovina,Centre-Back,DF,2.8,28
Nikola Katic,"1,94m",right,20,2,Bosnia and Herzegovina,Centre-Back,DF,1.8,29
Nihad Mujakic,"1,89m",left,12,1,Bosnia and Herzegovina,Centre-Back,DF,1.2,28
Dennis Hadzikadunic,"1,91m",right,33,0,Bosnia and Herzegovina,Centre-Back,DF,1.2,27
Amar Dedić,"1,80m",right,30,1,Bosnia and Herzegovina,Right-Back,DF,16.0,23
Arjan Malic,"1,86m",right,9,0,Bosnia and Herzegovina,Right-Back,DF,1.8,20
Amir Hadziahmetovic,"1,79m",right,37,0,Bosnia and Herzegovina,Defensive Midfield,MF,4.0,29
Ivan Šunjić,"1,83m",right,14,0,Bosnia and Herzegovina,Defensive Midfield,MF,2.0,29
Dzenis Burnic,"1,82m",left,22,0,Bosnia and Herzegovina,Defensive Midfield,MF,1.2,28
Benjamin Tahirović,"1,91m",right,31,2,Bosnia and Herzegovina,Central Midfield,MF,4.5,23
Armin Gigovic,"1,87m",right,21,1,Bosnia and Herzegovina,Central Midfield,MF,2.5,24
Ivan Basic,"1,78m",left,20,0,Bosnia and Herzegovina,Central Midfield,MF,1.5,24
Amar Memić,"1,76m",right,16,1,Bosnia and Herzegovina,Right Midfield,MF,4.5,25
Ermin Mahmic,"1,82m",right,4,2,Bosnia and Herzegovina,Attacking Midfield,MF,5.0,21
Kerim Alajbegovic,"1,86m",both,13,2,Bosnia and Herzegovina,Left Winger,FW,22.0,18
Esmir Bajraktarevic,"1,75m",left,19,1,Bosnia and Herzegovina,Right Winger,FW,8.0,21
Ermedin Demirovic,"1,85m",right,43,4,Bosnia and Herzegovina,Centre-Forward,FW,22.0,28
Haris Tabakovic,"1,96m",right,10,4,Bosnia and Herzegovina,Centre-Forward,FW,3.5,32
Jovo Lukić,"1,90m",left,5,1,Bosnia and Herzegovina,Centre-Forward,FW,2.2,27
Samed Bazdar,"1,89m",right,14,1,Bosnia and Herzegovina,Centre-Forward,FW,1.5,22
Edin Dzeko,"1,92m",right,150,73,Bosnia and Herzegovina,Centre-Forward,FW,1.0,40
Alisson,"1,93m",right,82.0,0,Brazil,Goalkeeper,GK,15.0,33
Ederson,"1,88m",left,32.0,0,Brazil,Goalkeeper,GK,10.0,32
Weverton,"1,89m",right,11.0,0,Brazil,Goalkeeper,GK,0.7,38
Gabriel,"1,90m",left,21.0,1,Brazil,Centre-Back,DF,75.0,28
Bremer,"1,88m",right,8.0,1,Brazil,Centre-Back,DF,35.0,29
Marquinhos,"1,83m",right,109.0,7,Brazil,Centre-Back,DF,28.0,32
Roger Ibañez,"1,86m",right,8.0,0,Brazil,Centre-Back,DF,18.0,27
Léo Pereira,"1,89m",left,4.0,0,Brazil,Centre-Back,DF,12.0,30
Danilo,"1,84m",right,74.0,1,Brazil,Centre-Back,DF,2.0,34
Douglas Santos,"1,73m",left,11.0,0,Brazil,Left-Back,DF,7.5,32
Alex Sandro,"1,80m",left,46.0,2,Brazil,Left-Back,DF,1.0,35
Fabinho,"1,88m",right,36.0,0,Brazil,Defensive Midfield,MF,12.0,32
Casemiro,"1,85m",right,90.0,10,Brazil,Defensive Midfield,MF,6.0,34
Bruno Guimarães,"1,82m",right,47.0,3,Brazil,Central Midfield,MF,70.0,28
Éderson,"1,83m",right,4.0,0,Brazil,Central Midfield,MF,45.0,26
Danilo,"1,77m",left,7.0,2,Brazil,Central Midfield,MF,32.0,25
Lucas Paquetá,"1,83m",left,67.0,13,Brazil,Attacking Midfield,MF,32.0,28
Neymar,"1,75m",right,129.0,79,Brazil,Attacking Midfield,MF,8.0,34
Vinicius Junior,"1,76m",right,53.0,13,Brazil,Left Winger,FW,140.0,25
Raphinha,"1,76m",left,41.0,11,Brazil,Left Winger,FW,70.0,29
Gabriel Martinelli,"1,78m",right,26.0,5,Brazil,Left Winger,FW,45.0,25
Rayan,"1,87m",left,5.0,1,Brazil,Right Winger,FW,60.0,19
Luiz Henrique,"1,82m",left,16.0,2,Brazil,Right Winger,FW,24.0,25
Matheus Cunha,"1,83m",right,27.0,4,Brazil,Centre-Forward,FW,75.0,27
Igor Thiago,"1,90m",right,5.0,2,Brazil,Centre-Forward,FW,65.0,25
Endrick,"1,72m",left,20.0,4,Brazil,Centre-Forward,FW,40.0,19
Dayne St. Clair,"1,91m",left,20,0,Canada,Goalkeeper,GK,3.5,29
Maxime Crépeau,"1,80m",right,36,0,Canada,Goalkeeper,GK,1.8,32
Owen Goodman,"1,93m",left,-,0,Canada,Goalkeeper,GK,0.55,22
Moïse Bombito,"1,90m",right,22,0,Canada,Centre-Back,DF,7.0,26
Alfie Jones,"1,91m",right,2,0,Canada,Centre-Back,DF,6.0,28
Derek Cornelius,"1,86m",left,48,1,Canada,Centre-Back,DF,2.5,28
Joel Waterman,"1,85m",right,17,0,Canada,Centre-Back,DF,2.0,30
Luc De Fougerolles,"1,83m",right,17,0,Canada,Centre-Back,DF,1.0,20
Alphonso Davies,"1,83m",left,59,15,Canada,Left-Back,DF,40.0,25
Alistair Johnston,"1,80m",right,62,1,Canada,Right-Back,DF,8.0,27
Richie Laryea,"1,75m",right,80,1,Canada,Right-Back,DF,1.0,31
Niko Sigur,"1,78m",right,21,2,Canada,Defensive Midfield,MF,4.0,22
Ismaël Koné,"1,88m",right,42,4,Canada,Central Midfield,MF,25.0,24
Nathan-Dylan Saliba,"1,74m",right,18,3,Canada,Central Midfield,MF,7.5,22
Stephen Eustaquio,"1,75m",right,60,5,Canada,Central Midfield,MF,6.0,29
Jonathan Osorio,"1,75m",both,92,10,Canada,Central Midfield,MF,1.0,34
Mathieu Choinière,"1,73m",right,25,0,Canada,Central Midfield,MF,0.8,27
Ali Ahmed,"1,80m",right,27,1,Canada,Left Midfield,MF,5.0,25
Liam Millar,"1,81m",right,44,1,Canada,Left Winger,FW,3.0,26
Jacob Shaffelburg,"1,81m",left,35,6,Canada,Left Winger,FW,2.5,26
Jayden Nelson,"1,70m",right,15,3,Canada,Left Winger,FW,2.0,23
Tajon Buchanan,"1,83m",right,64,8,Canada,Right Winger,FW,12.0,27
Jonathan David,"1,78m",both,81,42,Canada,Centre-Forward,FW,30.0,26
Promise David,"1,95m",right,13,4,Canada,Centre-Forward,FW,17.0,24
Tani Oluwaseyi,"1,87m",left,28,2,Canada,Centre-Forward,FW,7.0,26
Cyle Larin,"1,88m",right,93,32,Canada,Centre-Forward,FW,2.5,31
CJ dos Santos,"1,89m",right,1.0,0,Cape Verde,Goalkeeper,GK,1.0,25
Márcio Rosa,"1,86m",right,10.0,0,Cape Verde,Goalkeeper,GK,0.35,29
Vozinha,"1,89m",right,91.0,0,Cape Verde,Goalkeeper,GK,0.05,40
Logan Costa,"1,90m",right,28.0,0,Cape Verde,Centre-Back,DF,15.0,25
Diney Borges,"1,85m",right,34.0,2,Cape Verde,Centre-Back,DF,0.9,31
Kelvin Pires,"1,93m",right,5.0,1,Cape Verde,Centre-Back,DF,0.4,26
Roberto Lopes,"1,86m",right,48.0,0,Cape Verde,Centre-Back,DF,0.25,34
Stopira,"1,78m",left,59.0,4,Cape Verde,Centre-Back,DF,0.05,38
Sidny Lopes Cabral,"1,76m",both,11.0,2,Cape Verde,Left-Back,DF,4.0,23
Wagner Pina,"1,80m",right,14.0,0,Cape Verde,Right-Back,DF,11.0,23
Steven Moreira,"1,78m",right,23.0,0,Cape Verde,Right-Back,DF,1.5,31
Kevin Pina,"1,77m",both,34.0,4,Cape Verde,Defensive Midfield,MF,5.0,29
Laros Duarte,"1,80m",right,21.0,1,Cape Verde,Defensive Midfield,MF,1.0,29
João Paulo,"1,80m",left,43.0,1,Cape Verde,Defensive Midfield,MF,0.9,28
Deroy Duarte,"1,77m",right,34.0,0,Cape Verde,Central Midfield,MF,1.8,26
Jamiro Monteiro,"1,75m",right,56.0,5,Cape Verde,Central Midfield,MF,0.65,32
Yannick Semedo,"1,76m",right,11.0,1,Cape Verde,Central Midfield,MF,0.25,30
Hélio Varela,"1,76m",right,22.0,1,Cape Verde,Left Winger,FW,2.5,24
Jovane Cabral,"1,74m",right,29.0,3,Cape Verde,Left Winger,FW,1.0,28
Willy Semedo,"1,85m",right,39.0,3,Cape Verde,Left Winger,FW,1.0,32
Ryan Mendes,"1,78m",right,99.0,22,Cape Verde,Left Winger,FW,0.2,36
Telmo Arcanjo,"1,80m",left,18.0,1,Cape Verde,Right Winger,FW,3.0,25
Garry Rodrigues,"1,73m",right,62.0,9,Cape Verde,Right Winger,FW,0.3,35
Gilson Benchimol,"1,87m",right,22.0,6,Cape Verde,Centre-Forward,FW,1.2,24
Dailon Livramento,"1,85m",right,23.0,5,Cape Verde,Centre-Forward,FW,0.8,25
Nuno da Costa,"1,82m",right,11.0,1,Cape Verde,Centre-Forward,FW,0.4,35
Álvaro Montero,"2,01m",right,11.0,0,Colombia,Goalkeeper,GK,2.5,31
Camilo Vargas,"1,83m",left,45.0,0,Colombia,Goalkeeper,GK,0.45,37
David Ospina,"1,83m",right,131.0,0,Colombia,Goalkeeper,GK,0.1,37
Jhon Lucumí,"1,87m",left,40.0,1,Colombia,Centre-Back,DF,22.0,28
Davinson Sánchez,"1,88m",right,82.0,4,Colombia,Centre-Back,DF,16.0,30
Willer Ditta,"1,79m",right,5.0,0,Colombia,Centre-Back,DF,5.5,28
Yerry Mina,"1,95m",right,54.0,8,Colombia,Centre-Back,DF,2.5,31
Deiver Machado,"1,73m",left,16.0,0,Colombia,Left-Back,DF,1.8,32
Johan Mojica,"1,84m",left,47.0,1,Colombia,Left-Back,DF,1.5,33
Daniel Muñoz,"1,80m",right,49.0,5,Colombia,Right-Back,DF,22.0,30
Santiago Arias,"1,77m",right,69.0,0,Colombia,Right-Back,DF,1.2,34
Richard Ríos,"1,85m",right,35.0,2,Colombia,Defensive Midfield,MF,25.0,26
Jefferson Lerma,"1,80m",right,68.0,5,Colombia,Defensive Midfield,MF,6.0,31
Kevin Castaño,"1,79m",right,27.0,0,Colombia,Defensive Midfield,MF,5.0,25
Gustavo Puerta,"1,73m",right,9.0,1,Colombia,Central Midfield,MF,10.0,22
Juan Portilla,"1,81m",right,10.0,0,Colombia,Central Midfield,MF,5.0,27
Jorge Carrascal,"1,80m",right,24.0,2,Colombia,Attacking Midfield,MF,13.0,28
Juan Fernando Quintero,"1,67m",left,51.0,6,Colombia,Attacking Midfield,MF,1.8,33
James Rodríguez,"1,81m",left,129.0,31,Colombia,Attacking Midfield,MF,1.5,34
Luis Díaz,"1,79m",right,77.0,23,Colombia,Left Winger,FW,70.0,29
Andrés Gómez,"1,70m",right,9.0,2,Colombia,Left Winger,FW,11.0,23
Jáminton Campaz,"1,66m",left,11.0,2,Colombia,Left Winger,FW,5.5,26
Jhon Arias,"1,68m",right,41.0,6,Colombia,Right Winger,FW,15.0,28
Luis Suárez,"1,79m",right,15.0,5,Colombia,Centre-Forward,FW,30.0,28
Cucho Hernández,"1,76m",right,10.0,2,Colombia,Centre-Forward,FW,18.0,27
Jhon Córdoba,"1,86m",right,23.0,6,Colombia,Centre-Forward,FW,10.0,33
Dominik Kotarski,"1,90m",right,4,0,Croatia,Goalkeeper,GK,5.0,26
Ivor Pandur,"1,87m",right,-,0,Croatia,Goalkeeper,GK,4.5,26
Dominik Livakovic,"1,88m",right,78,0,Croatia,Goalkeeper,GK,4.0,31
Josko Gvardiol,"1,85m",left,51,4,Croatia,Centre-Back,DF,70.0,24
Luka Vuskovic,"1,93m",right,6,1,Croatia,Centre-Back,DF,60.0,19
Josip Sutalo,"1,85m",right,36,0,Croatia,Centre-Back,DF,12.0,26
Marin Pongracic,"1,93m",right,22,0,Croatia,Centre-Back,DF,6.5,28
Martin Erlić,"1,92m",right,13,1,Croatia,Centre-Back,DF,4.0,28
Duje Caleta-Car,"1,93m",right,38,1,Croatia,Centre-Back,DF,2.8,29
Josip Stanisic,"1,87m",both,34,0,Croatia,Right-Back,DF,40.0,26
Nikola Moro,"1,83m",right,10,0,Croatia,Defensive Midfield,MF,7.0,28
Kristijan Jakic,"1,81m",right,17,2,Croatia,Defensive Midfield,MF,6.0,29
Petar Sučić,"1,83m",right,20,2,Croatia,Central Midfield,MF,40.0,22
Mateo Kovacic,"1,78m",right,116,5,Croatia,Central Midfield,MF,10.0,32
Luka Sucic,"1,85m",left,22,1,Croatia,Central Midfield,MF,10.0,23
Mario Pašalić,"1,88m",right,88,12,Croatia,Central Midfield,MF,6.0,31
Luka Modrić,"1,72m",right,201,29,Croatia,Central Midfield,MF,3.5,40
Martin Baturina,"1,72m",right,22,2,Croatia,Attacking Midfield,MF,30.0,23
Nikola Vlašić,"1,79m",right,65,11,Croatia,Attacking Midfield,MF,10.0,28
Toni Fruk,"1,77m",left,7,1,Croatia,Attacking Midfield,MF,9.0,25
Andrej Kramaric,"1,77m",right,118,36,Croatia,Attacking Midfield,MF,2.5,35
Ivan Perišić,"1,86m",both,157,38,Croatia,Left Winger,FW,1.2,37
Marco Pašalić,"1,77m",left,18,1,Croatia,Right Winger,FW,6.5,25
Igor Matanovic,"1,94m",right,11,2,Croatia,Centre-Forward,FW,22.0,23
Petar Musa,"1,90m",right,13,2,Croatia,Centre-Forward,FW,12.0,28
Ante Budimir,"1,90m",left,40,7,Croatia,Centre-Forward,FW,2.8,34
Eloy Room,"1,90m",right,73.0,0,Curaçao,Goalkeeper,GK,0.15,37
Trevor Doornbusch,"1,88m",right,8.0,0,Curaçao,Goalkeeper,GK,0.05,26
Tyrick Bodak,"1,90m",right,4.0,0,Curaçao,Goalkeeper,GK,0.025,24
Armando Obispo,"1,85m",left,9.0,0,Curaçao,Centre-Back,DF,4.0,27
Riechedly Bazoer,"1,84m",right,6.0,0,Curaçao,Centre-Back,DF,1.5,29
Deveron Fonville,"1,88m",left,5.0,0,Curaçao,Centre-Back,DF,1.5,23
Roshon van Eijma,"1,86m",right,28.0,1,Curaçao,Centre-Back,DF,0.375,28
Juriën Gaari,"1,83m",right,61.0,1,Curaçao,Centre-Back,DF,0.35,32
Sherel Floranus,"1,81m",right,29.0,0,Curaçao,Left-Back,DF,0.8,27
Shurandy Sambo,"1,74m",right,9.0,0,Curaçao,Right-Back,DF,1.3,24
Joshua Brenet,"1,81m",right,19.0,2,Curaçao,Right-Back,DF,1.0,32
Livano Comenencia,"1,85m",right,22.0,3,Curaçao,Right-Back,DF,0.5,22
Kevin Felida,"1,74m",right,19.0,1,Curaçao,Defensive Midfield,MF,0.4,26
Godfried Roemeratoe,"1,78m",right,29.0,1,Curaçao,Defensive Midfield,MF,0.35,26
Juninho Bacuna,"1,78m",right,52.0,14,Curaçao,Central Midfield,MF,1.7,28
Leandro Bacuna,"1,80m",right,74.0,16,Curaçao,Central Midfield,MF,0.25,34
Tyrese Noslin,"1,82m",right,8.0,1,Curaçao,Right Midfield,MF,0.75,23
Tahith Chong,"1,85m",left,9.0,3,Curaçao,Attacking Midfield,MF,3.5,26
Jearl Margaritha,"1,81m",right,24.0,5,Curaçao,Left Winger,FW,1.0,26
Jeremy Antonisse,"1,64m",right,28.0,4,Curaçao,Left Winger,FW,0.8,24
Kenji Gorré,"1,74m",right,38.0,6,Curaçao,Left Winger,FW,0.6,31
Sontje Hansen,"1,76m",right,7.0,1,Curaçao,Right Winger,FW,3.5,24
Ar'jany Martha,"1,80m",left,8.0,2,Curaçao,Right Winger,FW,0.7,22
Brandley Kuwas,"1,81m",left,36.0,2,Curaçao,Right Winger,FW,0.25,33
Gervane Kastaneer,"1,89m",right,32.0,9,Curaçao,Centre-Forward,FW,0.225,30
Jürgen Locadia,"1,93m",right,16.0,1,Curaçao,Centre-Forward,FW,0.2,32
Lukas Hornicek,"1,98m",right,1.0,0,Czechia,Goalkeeper,GK,18.0,23
Matej Kovar,"1,96m",right,23.0,0,Czechia,Goalkeeper,GK,8.0,26
Jindrich Stanek,"1,92m",right,14.0,0,Czechia,Goalkeeper,GK,2.0,30
Ladislav Krejčí,"1,91m",left,30.0,6,Czechia,Centre-Back,DF,22.0,27
Robin Hranac,"1,89m",right,17.0,1,Czechia,Centre-Back,DF,10.0,26
Stepan Chaloupek,"1,88m",right,6.0,0,Czechia,Centre-Back,DF,10.0,23
David Zima,"1,90m",right,26.0,1,Czechia,Centre-Back,DF,7.0,25
Tomas Holes,"1,80m",right,43.0,2,Czechia,Centre-Back,DF,1.0,33
Jaroslav Zelený,"1,90m",left,25.0,0,Czechia,Centre-Back,DF,0.6,33
David Jurásek,"1,83m",left,18.0,1,Czechia,Left-Back,DF,5.0,25
Vladimír Coufal,"1,75m",right,65.0,2,Czechia,Right-Back,DF,2.5,33
Tomáš Souček,"1,92m",right,93.0,17,Czechia,Defensive Midfield,MF,10.0,31
Michal Sadílek,"1,69m",left,38.0,2,Czechia,Central Midfield,MF,8.0,27
Lukas Cerv,"1,82m",,19.0,2,Czechia,Central Midfield,MF,6.0,25
Hugo Sochurek,"1,83m",right,1.0,0,Czechia,Central Midfield,MF,3.5,18
Alexandr Sojka,"1,88m",left,5.0,0,Czechia,Central Midfield,MF,2.3,23
Vladimír Darida,"1,72m",right,80.0,8,Czechia,Central Midfield,MF,0.375,35
David Doudera,"1,75m",right,18.0,2,Czechia,Right Midfield,MF,3.5,28
Pavel Sulc,"1,77m",right,24.0,5,Czechia,Attacking Midfield,MF,20.0,25
Denis Visinsky,"1,78m",right,3.0,1,Czechia,Attacking Midfield,MF,3.0,23
Lukas Provod,"1,91m",left,41.0,3,Czechia,Left Winger,FW,8.0,29
Patrik Schick,"1,91m",left,56.0,26,Czechia,Centre-Forward,FW,18.0,30
Adam Hlozek,"1,88m",right,46.0,5,Czechia,Centre-Forward,FW,10.0,23
Mojmír Chytil,"1,87m",right,23.0,6,Czechia,Centre-Forward,FW,4.0,27
Jan Kuchta,"1,85m",right,31.0,3,Czechia,Centre-Forward,FW,2.7,29
Tomas Chory,"1,99m",right,24.0,7,Czechia,Centre-Forward,FW,2.7,31
Matthieu Epolo,"1,89m",right,1.0,0,DR Congo,Goalkeeper,GK,8.0,21
Timothy Fayulu,"1,92m",right,3.0,0,DR Congo,Goalkeeper,GK,0.8,26
Lionel Mpasi-Nzau,"1,82m",right,31.0,0,DR Congo,Goalkeeper,GK,0.4,31
Axel Tuanzebe,"1,88m",right,16.0,1,DR Congo,Centre-Back,DF,5.0,28
Steve Kapuadi,"1,96m",left,5.0,0,DR Congo,Centre-Back,DF,2.5,28
Chancel Mbemba,"1,82m",right,110.0,7,DR Congo,Centre-Back,DF,2.0,31
Dylan Batubinsika,"1,85m",right,15.0,1,DR Congo,Centre-Back,DF,0.6,30
Joris Kayembe,"1,80m",left,29.0,1,DR Congo,Left-Back,DF,2.0,31
Arthur Masuaku,"1,79m",left,47.0,4,DR Congo,Left-Back,DF,2.0,32
Aaron Wan-Bissaka,"1,83m",right,15.0,0,DR Congo,Right-Back,DF,15.0,28
Gédéon Kalulu,"1,78m",right,29.0,0,DR Congo,Right-Back,DF,1.0,28
Ngal'ayel Mukau,"1,86m",left,17.0,0,DR Congo,Defensive Midfield,MF,15.0,21
Charles Pickel,"1,87m",right,36.0,1,DR Congo,Defensive Midfield,MF,2.5,29
Noah Sadiki,"1,65m",right,23.0,0,DR Congo,Central Midfield,MF,35.0,21
Edo Kayembe,"1,83m",left,44.0,2,DR Congo,Central Midfield,MF,4.0,28
Samuel Moutoussamy,"1,76m",left,61.0,0,DR Congo,Central Midfield,MF,1.2,29
Aaron Tshibola,"1,84m",right,17.0,1,DR Congo,Central Midfield,MF,0.15,31
Gaël Kakuta,"1,74m",left,31.0,5,DR Congo,Attacking Midfield,MF,0.25,35
Nathanaël Mbuku,"1,70m",left,21.0,2,DR Congo,Left Winger,FW,2.0,24
Brian Cipenga,"1,72m",right,9.0,0,DR Congo,Left Winger,FW,2.0,28
Théo Bongonda,"1,76m",left,39.0,7,DR Congo,Right Winger,FW,3.0,30
Yoane Wissa,"1,76m",right,41.0,11,DR Congo,Centre-Forward,FW,25.0,29
Simon Banza,"1,89m",right,17.0,2,DR Congo,Centre-Forward,FW,10.0,29
Fiston Mayele,"1,85m",right,37.0,6,DR Congo,Centre-Forward,FW,1.8,32
Meschack Elia,"1,73m",right,67.0,12,DR Congo,Centre-Forward,FW,1.5,28
Cédric Bakambu,"1,82m",right,72.0,21,DR Congo,Centre-Forward,FW,1.2,35
Gonzalo Valle,"1,86m",right,4.0,0,Ecuador,Goalkeeper,GK,1.8,30
Moisés Ramírez,"1,85m",right,7.0,0,Ecuador,Goalkeeper,GK,0.8,25
Hernán Galíndez,"1,89m",right,39.0,0,Ecuador,Goalkeeper,GK,0.3,39
Willian Pacho,"1,88m",left,38.0,2,Ecuador,Centre-Back,DF,80.0,24
Piero Hincapié,"1,83m",left,56.0,3,Ecuador,Centre-Back,DF,50.0,24
Joel Ordóñez,"1,88m",right,20.0,0,Ecuador,Centre-Back,DF,33.0,22
Jackson Porozo,"1,92m",right,11.0,1,Ecuador,Centre-Back,DF,2.5,25
Félix Torres,"1,87m",right,50.0,5,Ecuador,Centre-Back,DF,1.0,29
Pervis Estupiñán,"1,75m",left,56.0,5,Ecuador,Left-Back,DF,12.0,28
Yaimar Medina,"1,73m",left,7.0,0,Ecuador,Left-Back,DF,4.0,21
Angelo Preciado,"1,74m",right,60.0,0,Ecuador,Right-Back,DF,3.5,28
Moisés Caicedo,"1,78m",right,65.0,3,Ecuador,Defensive Midfield,MF,100.0,24
Jordy Alcívar,"1,73m",right,12.0,1,Ecuador,Defensive Midfield,MF,2.0,26
Denil Castillo,"1,89m",right,5.0,0,Ecuador,Central Midfield,MF,7.0,22
Pedro Vite,"1,72m",left,21.0,1,Ecuador,Central Midfield,MF,6.0,24
Alan Franco,"1,75m",right,62.0,1,Ecuador,Central Midfield,MF,4.5,27
Kendry Páez,"1,78m",left,27.0,2,Ecuador,Attacking Midfield,MF,8.0,19
Nilson Angulo,"1,84m",right,18.0,3,Ecuador,Left Winger,FW,17.0,23
Gonzalo Plata,"1,78m",left,54.0,9,Ecuador,Right Winger,FW,9.0,25
Alan Minda,"1,74m",right,21.0,2,Ecuador,Right Winger,FW,3.0,23
Anthony Valencia,"1,73m",left,3.0,1,Ecuador,Right Winger,FW,1.8,22
John Yeboah,"1,70m",left,27.0,3,Ecuador,Second Striker,FW,5.5,26
Jeremy Arévalo,"1,82m",left,4.0,0,Ecuador,Centre-Forward,FW,7.0,21
Kevin Rodríguez,"1,90m",right,35.0,2,Ecuador,Centre-Forward,FW,6.0,26
Jordy Caicedo,"1,86m",right,23.0,4,Ecuador,Centre-Forward,FW,2.0,28
Enner Valencia,"1,77m",right,109.0,49,Ecuador,Centre-Forward,FW,1.0,36
Oufa Shobeir,"1,85m",right,13,0,Egypt,Goalkeeper,GK,1.2,26
Mohamed Alaa,"1,88m",right,-,0,Egypt,Goalkeeper,GK,1.2,26
Mohamed El Shenawy,"1,91m",right,76,0,Egypt,Goalkeeper,GK,0.5,37
El Mahdi Soliman,"1,87m",right,-,0,Egypt,Goalkeeper,GK,0.15,39
Mohamed Abdelmonem,"1,84m",right,38,3,Egypt,Centre-Back,DF,2.5,27
Hossam Abdelmaguid,"1,93m",right,14,0,Egypt,Centre-Back,DF,2.0,25
Ramy Rabia,"1,83m",right,47,5,Egypt,Centre-Back,DF,0.6,33
Yasser Ibrahim,"1,85m",right,21,1,Egypt,Centre-Back,DF,0.275,33
Ahmed Fatouh,"1,77m",left,42,1,Egypt,Left-Back,DF,1.0,28
Karim Hafez,"1,74m",left,10,0,Egypt,Left-Back,DF,0.7,30
Mohamed Hany,"1,80m",right,45,0,Egypt,Right-Back,DF,1.5,30
Tarek Alaa,"1,78m",right,3,0,Egypt,Right-Back,DF,0.25,24
Marwan Ateya,"1,76m",right,38,1,Egypt,Defensive Midfield,MF,4.0,27
Mohanad Lasheen,"1,80m",right,26,0,Egypt,Defensive Midfield,MF,3.0,30
Hamdy Fathy,"1,82m",right,65,3,Egypt,Defensive Midfield,MF,1.8,31
Nabil Dunga,"1,79m",right,12,0,Egypt,Defensive Midfield,MF,1.0,30
Emam Ashour,"1,80m",right,32,1,Egypt,Central Midfield,MF,4.0,28
Mahmoud Saber,"1,70m",right,16,2,Egypt,Central Midfield,MF,1.5,24
Trezeguet,"1,81m",right,98,24,Egypt,Left Winger,FW,4.5,31
Ibrahim Adel,"1,78m",right,25,3,Egypt,Left Winger,FW,2.5,25
Mostafa Ziko,"1,79m",right,5,3,Egypt,Left Winger,FW,1.8,29
Mohamed Salah,"1,75m",left,117,66,Egypt,Right Winger,FW,22.0,34
Haissem Hassan,"1,75m",left,4,0,Egypt,Right Winger,FW,3.5,24
Zizo,"1,75m",right,66,5,Egypt,Right Winger,FW,3.5,30
Omar Marmoush,"1,83m",right,53,11,Egypt,Centre-Forward,FW,50.0,27
Hamza Abdelkarim,"1,82m",both,5,0,Egypt,Centre-Forward,FW,1.5,18
Dean Henderson,"1,88m",right,5.0,0,England,Goalkeeper,GK,28.0,29
James Trafford,"1,92m",right,2.0,0,England,Goalkeeper,GK,25.0,23
Jordan Pickford,"1,85m",left,87.0,0,England,Goalkeeper,GK,13.0,32
Marc Guéhi,"1,82m",right,32.0,1,England,Centre-Back,DF,70.0,25
Jarell Quansah,"1,90m",right,4.0,0,England,Centre-Back,DF,45.0,23
Ezri Konsa,"1,80m",right,23.0,1,England,Centre-Back,DF,40.0,28
Trevoh Chalobah,"1,92m",right,1.0,0,England,Centre-Back,DF,40.0,26
John Stones,"1,88m",right,90.0,3,England,Centre-Back,DF,12.0,32
Dan Burn,"2,01m",left,8.0,0,England,Centre-Back,DF,4.0,34
Nico O'Reilly,"1,93m",left,8.0,0,England,Left-Back,DF,70.0,21
Djed Spence,"1,84m",right,9.0,0,England,Left-Back,DF,30.0,25
Reece James,"1,80m",right,26.0,1,England,Right-Back,DF,60.0,26
Jordan Henderson,"1,82m",right,90.0,3,England,Defensive Midfield,MF,1.2,36
Declan Rice,"1,88m",right,75.0,7,England,Central Midfield,MF,120.0,27
Elliot Anderson,"1,79m",right,12.0,0,England,Central Midfield,MF,75.0,23
Kobbie Mainoo,"1,84m",right,14.0,0,England,Central Midfield,MF,70.0,21
Jude Bellingham,"1,86m",right,51.0,8,England,Attacking Midfield,MF,130.0,23
Morgan Rogers,"1,87m",right,18.0,1,England,Attacking Midfield,MF,90.0,23
Eberechi Eze,"1,78m",right,19.0,3,England,Attacking Midfield,MF,65.0,28
Anthony Gordon,"1,83m",right,21.0,3,England,Left Winger,FW,65.0,25
Marcus Rashford,"1,85m",right,75.0,19,England,Left Winger,FW,40.0,28
Bukayo Saka,"1,78m",left,52.0,14,England,Right Winger,FW,110.0,24
Noni Madueke,"1,82m",left,14.0,1,England,Right Winger,FW,50.0,24
Harry Kane,"1,88m",right,117.0,82,England,Centre-Forward,FW,60.0,32
Ollie Watkins,"1,80m",right,23.0,7,England,Centre-Forward,FW,25.0,30
Ivan Toney,"1,85m",right,8.0,1,England,Centre-Forward,FW,20.0,30
Robin Risser,"1,93m",right,-,0,France,Goalkeeper,GK,30.0,21
Mike Maignan,"1,91m",right,44,0,France,Goalkeeper,GK,20.0,30
Brice Samba,"1,87m",left,4,0,France,Goalkeeper,GK,7.0,32
William Saliba,"1,92m",right,35,0,France,Centre-Back,DF,100.0,25
Dayot Upamecano,"1,86m",right,42,2,France,Centre-Back,DF,70.0,27
Maxence Lacroix,"1,90m",right,5,0,France,Centre-Back,DF,50.0,26
Ibrahima Konaté,"1,94m",right,29,0,France,Centre-Back,DF,45.0,27
Theo Hernández,"1,84m",left,47,2,France,Left-Back,DF,20.0,28
Lucas Hernández,"1,84m",left,42,0,France,Left-Back,DF,18.0,30
Lucas Digne,"1,78m",left,60,0,France,Left-Back,DF,6.0,32
Jules Koundé,"1,81m",right,52,0,France,Right-Back,DF,60.0,27
Malo Gusto,"1,78m",right,14,0,France,Right-Back,DF,35.0,23
Aurélien Tchouaméni,"1,88m",right,49,3,France,Defensive Midfield,MF,70.0,26
N'Golo Kanté,"1,68m",right,69,2,France,Defensive Midfield,MF,4.0,35
Warren Zaïre-Emery,"1,76m",right,11,1,France,Central Midfield,MF,80.0,20
Manu Koné,"1,85m",right,16,0,France,Central Midfield,MF,50.0,25
Adrien Rabiot,"1,91m",left,62,7,France,Central Midfield,MF,18.0,31
Rayan Cherki,"1,77m",both,11,2,France,Attacking Midfield,MF,90.0,22
Bradley Barcola,"1,87m",right,24,5,France,Left Winger,FW,70.0,23
Michael Olise,"1,80m",left,21,7,France,Right Winger,FW,150.0,24
Désiré Doué,"1,81m",right,11,3,France,Right Winger,FW,120.0,21
Maghnes Akliouche,"1,83m",left,10,1,France,Right Winger,FW,50.0,24
Kylian Mbappé,"1,80m",right,102,62,France,Centre-Forward,FW,180.0,27
Ousmane Dembélé,"1,79m",both,63,11,France,Centre-Forward,FW,100.0,29
Marcus Thuram,"1,92m",right,35,3,France,Centre-Forward,FW,50.0,28
Jean-Philippe Mateta,"1,92m",right,6,2,France,Centre-Forward,FW,30.0,29
Alexander Nübel,"1,93m",right,3.0,0,Germany,Goalkeeper,GK,12.0,29
Manuel Neuer,"1,93m",right,128.0,0,Germany,Goalkeeper,GK,4.0,40
Oliver Baumann,"1,87m",right,13.0,0,Germany,Goalkeeper,GK,2.5,36
Nico Schlotterbeck,"1,91m",left,29.0,1,Germany,Centre-Back,DF,55.0,26
Malick Thiaw,"1,94m",right,7.0,0,Germany,Centre-Back,DF,45.0,24
Jonathan Tah,"1,95m",right,51.0,1,Germany,Centre-Back,DF,28.0,30
Waldemar Anton,"1,89m",right,15.0,0,Germany,Centre-Back,DF,18.0,29
Antonio Rüdiger,"1,90m",right,86.0,3,Germany,Centre-Back,DF,6.0,33
Nathaniel Brown,"1,76m",left,8.0,1,Germany,Left-Back,DF,40.0,23
David Raum,"1,81m",left,39.0,1,Germany,Left-Back,DF,25.0,28
Aleksandar Pavlovic,"1,88m",both,15.0,1,Germany,Defensive Midfield,MF,90.0,22
Angelo Stiller,"1,83m",left,9.0,0,Germany,Defensive Midfield,MF,45.0,25
Joshua Kimmich,"1,77m",right,114.0,10,Germany,Defensive Midfield,MF,35.0,31
Felix Nmecha,"1,90m",right,12.0,2,Germany,Central Midfield,MF,50.0,25
Assan Ouédraogo,"1,91m",right,1.0,1,Germany,Central Midfield,MF,28.0,20
Nadiem Amiri,"1,80m",right,13.0,1,Germany,Central Midfield,MF,17.0,29
Leon Goretzka,"1,89m",right,73.0,15,Germany,Central Midfield,MF,12.0,31
Pascal Groß,"1,81m",right,19.0,1,Germany,Central Midfield,MF,2.5,35
Jamal Musiala,"1,84m",right,46.0,10,Germany,Attacking Midfield,MF,100.0,23
Florian Wirtz,"1,77m",right,45.0,11,Germany,Attacking Midfield,MF,100.0,23
Jamie Leweling,"1,85m",both,6.0,1,Germany,Right Winger,FW,40.0,25
Leroy Sané,"1,83m",left,80.0,18,Germany,Right Winger,FW,20.0,30
Kai Havertz,"1,93m",left,62.0,25,Germany,Centre-Forward,FW,55.0,27
Nick Woltemade,"1,98m",right,12.0,4,Germany,Centre-Forward,FW,55.0,24
Maximilian Beier,"1,85m",right,10.0,0,Germany,Centre-Forward,FW,40.0,23
Deniz Undav,"1,79m",both,13.0,9,Germany,Centre-Forward,FW,22.0,29
Lawrence Ati Zigi,"1,88m",right,30,0,Ghana,Goalkeeper,GK,1.5,29
Joseph Anang,"1,90m",right,1,0,Ghana,Goalkeeper,GK,0.35,26
Benjamin Asare,"1,88m",right,14,0,Ghana,Goalkeeper,GK,0.1,33
Kojo Peprah Oppong,"1,85m",right,6,0,Ghana,Centre-Back,DF,10.0,22
Alidu Seidu,"1,73m",right,24,1,Ghana,Centre-Back,DF,6.0,26
Jonas Adjetey,"1,88m",right,13,0,Ghana,Centre-Back,DF,6.0,22
Jerome Opoku,"1,97m",left,13,1,Ghana,Centre-Back,DF,5.0,27
Abdul Mumin,"1,88m",right,5,0,Ghana,Centre-Back,DF,3.0,28
Derrick Luckassen,"1,88m",right,2,1,Ghana,Centre-Back,DF,1.0,30
Gideon Mensah,"1,78m",left,43,0,Ghana,Left-Back,DF,4.0,27
Abdul Rahman Baba,"1,79m",left,52,1,Ghana,Left-Back,DF,2.0,31
Marvin Senaya,"1,81m",right,5,0,Ghana,Right-Back,DF,3.0,25
Elisha Owusu,"1,82m",right,22,0,Ghana,Defensive Midfield,MF,4.0,28
Thomas Partey,"1,85m",right,59,15,Ghana,Defensive Midfield,MF,2.0,33
Caleb Yirenkyi,"1,82m",right,14,2,Ghana,Central Midfield,MF,10.0,20
Kwasi Sibo,"1,83m",right,11,0,Ghana,Central Midfield,MF,1.4,28
Augustine Boakye,"1,78m",left,-,0,Ghana,Attacking Midfield,MF,6.0,25
Kamaldeen Sulemana,"1,74m",right,30,1,Ghana,Left Winger,FW,17.0,24
Christopher Bonsu Baah,"1,72m",left,9,0,Ghana,Left Winger,FW,14.0,21
Antoine Semenyo,"1,85m",right,37,3,Ghana,Right Winger,FW,80.0,26
Abdul Fatawu,"1,77m",left,31,3,Ghana,Right Winger,FW,20.0,22
Ernest Nuamah,"1,78m",left,21,4,Ghana,Right Winger,FW,10.0,22
Iñaki Williams,"1,86m",right,27,2,Ghana,Right Winger,FW,8.0,32
Brandon Thomas-Asante,"1,82m",right,10,1,Ghana,Centre-Forward,FW,16.0,27
Prince Adu,"1,79m",right,7,0,Ghana,Centre-Forward,FW,3.0,22
Jordan Ayew,"1,82m",right,121,33,Ghana,Centre-Forward,FW,1.0,34
Alexandre Pierre,"1,90m",right,15.0,0,Haiti,Goalkeeper,GK,0.7,25
Johny Placide,"1,81m",right,84.0,0,Haiti,Goalkeeper,GK,0.15,38
Josué Duverger,"1,87m",left,6.0,0,Haiti,Goalkeeper,GK,0.05,26
Hannes Delcroix,"1,83m",left,10.0,0,Haiti,Centre-Back,DF,2.0,27
Jean-Kévin Duverne,"1,84m",right,19.0,1,Haiti,Centre-Back,DF,2.0,28
Ricardo Adé,"1,90m",right,62.0,2,Haiti,Centre-Back,DF,0.3,36
Garven Metusala,"1,86m",right,15.0,0,Haiti,Centre-Back,DF,0.2,26
Keeto Thermoncy,"1,85m",right,1.0,0,Haiti,Centre-Back,DF,0.1,20
Martin Expérience,"1,78m",left,24.0,0,Haiti,Left-Back,DF,0.35,27
Duke Lacroix,"1,75m",left,16.0,3,Haiti,Left-Back,DF,0.125,32
Carlens Arcus,"1,80m",right,56.0,1,Haiti,Right-Back,DF,1.8,30
Wilguens Paugain,"1,80m",right,8.0,0,Haiti,Right-Back,DF,0.8,24
Danley Jean Jacques,"1,82m",right,33.0,6,Haiti,Defensive Midfield,MF,3.0,26
Dominique Simon,"1,78m",right,4.0,0,Haiti,Defensive Midfield,MF,0.2,25
Carl Sainté,"1,82m",right,26.0,0,Haiti,Defensive Midfield,MF,0.125,23
Woodensky Pierre,"1,77m",right,1.0,0,Haiti,Defensive Midfield,MF,0.1,21
Jean-Ricner Bellegarde,"1,70m",right,13.0,0,Haiti,Central Midfield,MF,16.0,28
Derrick Etienne Jr.,"1,78m",right,49.0,8,Haiti,Left Winger,FW,0.8,29
Ruben Providence,"1,78m",right,18.0,3,Haiti,Left Winger,FW,0.3,24
Josué Casimir,"1,78m",right,10.0,0,Haiti,Right Winger,FW,3.0,24
Louicius Deedson,"1,78m",left,35.0,10,Haiti,Right Winger,FW,1.2,25
Wilson Isidor,"1,84m",right,7.0,3,Haiti,Centre-Forward,FW,18.0,25
Lenny Joseph,"1,82m",right,5.0,1,Haiti,Centre-Forward,FW,2.0,25
Frantzdy Pierrot,"1,94m",right,54.0,34,Haiti,Centre-Forward,FW,1.5,31
Duckens Nazon,"1,81m",right,79.0,44,Haiti,Centre-Forward,FW,0.8,32
Yassin Fortuné,"1,86m",right,5.0,0,Haiti,Centre-Forward,FW,0.3,27
Payam Niazmand,"1,93m",right,13,0,Iran,Goalkeeper,GK,0.7,31
Alireza Beiranvand,"1,95m",right,89,0,Iran,Goalkeeper,GK,0.65,33
Seyed Hossein Hosseini,"1,89m",right,13,0,Iran,Goalkeeper,GK,0.5,34
Hossein Kanaani,"1,88m",right,66,6,Iran,Centre-Back,DF,1.6,32
Danial Eiri,"1,82m",right,-,0,Iran,Centre-Back,DF,1.0,22
Ali Nemati,"1,82m",left,21,0,Iran,Centre-Back,DF,0.55,30
Shoja Khalilzadeh,"1,83m",right,60,2,Iran,Centre-Back,DF,0.1,37
Milad Mohammadi,"1,75m",left,78,1,Iran,Left-Back,DF,0.9,32
Ehsan Hajsafi,"1,78m",left,145,7,Iran,Left-Back,DF,0.25,36
Arya Yousefi,"1,81m",right,13,1,Iran,Right-Back,DF,1.5,24
Saleh Hardani,"1,76m",right,20,1,Iran,Right-Back,DF,0.8,27
Ramin Rezaeian,"1,84m",right,78,10,Iran,Right-Back,DF,0.25,36
Saeed Ezatolahi,"1,89m",right,85,2,Iran,Defensive Midfield,MF,1.8,29
Mohammad Ghorbani,"1,90m",right,17,0,Iran,Defensive Midfield,MF,1.2,25
Roozbeh Cheshmi,"1,92m",right,39,2,Iran,Defensive Midfield,MF,0.45,32
Amirmohammad Razzaghinia,"1,87m",right,4,0,Iran,Central Midfield,MF,1.2,20
Saman Ghoddos,"1,76m",right,70,2,Iran,Attacking Midfield,MF,1.2,32
Mehdi Ghayedi,"1,66m",right,29,8,Iran,Left Winger,FW,4.5,27
Mohammad Mohebi,"1,87m",right,38,14,Iran,Left Winger,FW,2.5,27
Mehdi Torabi,"1,85m",right,52,7,Iran,Left Winger,FW,1.2,31
Alireza Jahanbakhsh,"1,80m",right,99,17,Iran,Right Winger,FW,0.5,32
Amirhossein Hosseinzadeh,"1,78m",right,20,5,Iran,Centre-Forward,FW,2.2,25
Mehdi Taremi,"1,87m",right,107,58,Iran,Centre-Forward,FW,2.0,33
Dennis Eckert Ayensa,"1,82m",right,-,0,Iran,Centre-Forward,FW,2.0,29
Ali Alipour,"1,81m",both,15,1,Iran,Centre-Forward,FW,1.7,30
Shahriar Moghanlou,"1,89m",left,22,1,Iran,Centre-Forward,FW,0.8,31
Ahmed Basil Fadhil,"1,86m",both,17.0,0,Iraq,Goalkeeper,GK,0.45,29
Fahad Talib,"1,93m",,20.0,0,Iraq,Goalkeeper,GK,0.375,31
Jalal Hassan,"1,84m",right,100.0,0,Iraq,Goalkeeper,GK,0.25,35
Akam Hashem,"1,86m",left,17.0,1,Iraq,Centre-Back,DF,0.7,27
Zaid Tahseen,"1,93m",right,29.0,1,Iraq,Centre-Back,DF,0.6,25
Frans Putros,"1,81m",right,29.0,0,Iraq,Centre-Back,DF,0.325,32
Manaf Younis,"1,90m",right,34.0,1,Iraq,Centre-Back,DF,0.3,29
Rebin Sulaka,"1,92m",right,56.0,1,Iraq,Centre-Back,DF,0.1,34
Merchas Doski,"1,73m",left,34.0,1,Iraq,Left-Back,DF,1.7,26
Ahmed Maknzi,"1,83m",left,8.0,0,Iraq,Left-Back,DF,0.45,24
Hussein Ali,"1,82m",right,29.0,1,Iraq,Right-Back,DF,0.4,24
Mustafa Saadoon,"1,82m",right,18.0,0,Iraq,Right-Back,DF,0.35,25
Amir Al-Ammari,"1,84m",left,53.0,3,Iraq,Defensive Midfield,MF,1.0,28
Zaid Ismail,"1,85m",,8.0,0,Iraq,Defensive Midfield,MF,0.5,24
Aimar Sher,"1,80m",right,8.0,0,Iraq,Central Midfield,MF,1.5,23
Zidane Iqbal,"1,81m",right,28.0,2,Iraq,Central Midfield,MF,1.0,23
Kevin Yakob,"1,84m",right,10.0,0,Iraq,Central Midfield,MF,0.85,25
Marko Farji,"1,84m",right,14.0,0,Iraq,Left Winger,FW,1.7,22
Youssef Amyn,"1,75m",right,28.0,2,Iraq,Left Winger,FW,0.55,22
Ali Jasim,"1,78m",right,38.0,2,Iraq,Left Winger,FW,0.5,22
Ahmed Qasem,"1,83m",left,6.0,0,Iraq,Right Winger,FW,3.5,22
Ibrahim Bayesh,"1,77m",right,77.0,8,Iraq,Right Winger,FW,0.8,26
Ali Al-Hamadi,"1,87m",right,23.0,5,Iraq,Centre-Forward,FW,1.5,24
Mohanad Ali,"1,83m",right,71.0,26,Iraq,Centre-Forward,FW,1.2,26
Aymen Hussein,"1,89m",right,93.0,33,Iraq,Centre-Forward,FW,0.4,30
Ali Yousif,"1,92m",right,8.0,1,Iraq,Centre-Forward,FW,0.2,30
Yahia Fofana,"1,94m",right,38,0,Ivory Coast,Goalkeeper,GK,5.0,25
Alban Lafont,"1,96m",right,4,0,Ivory Coast,Goalkeeper,GK,3.0,27
Mohamed Koné,"1,86m",right,-,0,Ivory Coast,Goalkeeper,GK,2.0,24
Ousmane Diomande,"1,90m",right,15,0,Ivory Coast,Centre-Back,DF,42.0,22
Evan Ndicka,"1,92m",left,27,0,Ivory Coast,Centre-Back,DF,35.0,26
Emmanuel Agbadou,"1,85m",right,24,2,Ivory Coast,Centre-Back,DF,16.0,29
Odilon Kossounou,"1,91m",right,39,0,Ivory Coast,Centre-Back,DF,15.0,25
Christopher Operi,"1,83m",left,13,0,Ivory Coast,Left-Back,DF,4.0,29
Ghislain Konan,"1,76m",left,56,0,Ivory Coast,Left-Back,DF,3.0,30
Wilfried Singo,"1,82m",right,35,1,Ivory Coast,Right-Back,DF,23.0,25
Guéla Doué,"1,87m",right,24,3,Ivory Coast,Right-Back,DF,20.0,23
Ibrahim Sangaré,"1,91m",right,58,11,Ivory Coast,Defensive Midfield,MF,20.0,28
Jean Michaël Seri,"1,69m",right,64,4,Ivory Coast,Defensive Midfield,MF,0.1,34
Christ Inao Oulaï,"1,73m",right,13,0,Ivory Coast,Central Midfield,MF,23.0,20
Franck Kessié,"1,83m",right,104,15,Ivory Coast,Central Midfield,MF,12.0,29
Seko Fofana,"1,85m",right,34,7,Ivory Coast,Central Midfield,MF,8.0,31
Yan Diomande,"1,80m",right,14,3,Ivory Coast,Left Winger,FW,90.0,19
Bazoumana Touré,"1,78m",left,9,2,Ivory Coast,Left Winger,FW,40.0,20
Simon Adingra,"1,75m",right,30,5,Ivory Coast,Left Winger,FW,22.0,24
Parfait Guiagon,"1,65m",right,5,0,Ivory Coast,Left Winger,FW,5.0,25
Amad Diallo,"1,73m",left,23,8,Ivory Coast,Right Winger,FW,45.0,23
Evann Guessand,"1,88m",right,23,4,Ivory Coast,Right Winger,FW,25.0,25
Nicolas Pépé,"1,83m",left,57,14,Ivory Coast,Right Winger,FW,6.0,31
Ange-Yoan Bonny,"1,89m",right,5,0,Ivory Coast,Centre-Forward,FW,35.0,22
Elye Wahi,"1,81m",right,5,0,Ivory Coast,Centre-Forward,FW,18.0,23
Oumar Diakité,"1,82m",right,31,6,Ivory Coast,Centre-Forward,FW,5.0,22
Zion Suzuki,"1,90m",right,28.0,0,Japan,Goalkeeper,GK,20.0,23
Keisuke Osako,"1,88m",right,11.0,0,Japan,Goalkeeper,GK,2.0,26
Tomoki Hayakawa,"1,87m",right,4.0,0,Japan,Goalkeeper,GK,2.0,27
Hiroki Ito,"1,88m",left,28.0,1,Japan,Centre-Back,DF,18.0,27
Tsuyoshi Watanabe,"1,84m",right,13.0,0,Japan,Centre-Back,DF,10.0,29
Ko Itakura,"1,88m",right,42.0,2,Japan,Centre-Back,DF,8.0,29
Ayumu Seko,"1,86m",right,16.0,0,Japan,Centre-Back,DF,5.0,26
Takehiro Tomiyasu,"1,87m",right,46.0,1,Japan,Centre-Back,DF,5.0,27
Junnosuke Suzuki,"1,80m",right,8.0,0,Japan,Centre-Back,DF,3.5,22
Shogo Taniguchi,"1,85m",right,41.0,1,Japan,Centre-Back,DF,0.75,34
Yuto Nagatomo,"1,70m",both,146.0,4,Japan,Left-Back,DF,0.1,39
Yukinari Sugawara,"1,79m",right,25.0,2,Japan,Right-Back,DF,5.5,26
Kaishu Sano,"1,76m",both,16.0,1,Japan,Defensive Midfield,MF,40.0,25
Ao Tanaka,"1,80m",right,41.0,8,Japan,Central Midfield,MF,13.0,27
Daichi Kamada,"1,80m",right,53.0,14,Japan,Attacking Midfield,MF,10.0,29
Daizen Maeda,"1,73m",right,30.0,5,Japan,Left Winger,FW,13.0,28
Keito Nakamura,"1,80m",right,29.0,11,Japan,Left Winger,FW,10.0,25
Takefusa Kubo,"1,73m",left,50.0,7,Japan,Right Winger,FW,20.0,25
Ritsu Doan,"1,72m",left,69.0,11,Japan,Right Winger,FW,17.0,28
Junya Ito,"1,77m",right,73.0,16,Japan,Right Winger,FW,3.0,33
Yuito Suzuki,"1,75m",right,7.0,0,Japan,Second Striker,FW,24.0,24
Ayase Ueda,"1,82m",right,43.0,18,Japan,Centre-Forward,FW,17.0,27
Keisuke Goto,"1,91m",right,5.0,0,Japan,Centre-Forward,FW,10.0,21
Kento Shiogai,"1,80m",right,3.0,0,Japan,Centre-Forward,FW,8.0,21
Shuto Machino,"1,85m",right,15.0,5,Japan,Centre-Forward,FW,4.0,26
Koki Ogawa,"1,86m",right,18.0,11,Japan,Centre-Forward,FW,2.0,28
Yazeed Abulaila,"1,88m",right,67,0,Jordan,Goalkeeper,GK,0.3,33
Noor Bane Ataya,"1,78m",right,3,0,Jordan,Goalkeeper,GK,0.25,33
Abdallah Al-Fakhouri,"1,90m",right,10,0,Jordan,Goalkeeper,GK,0.25,26
Yazan Al-Arab,"1,85m",left,73,3,Jordan,Centre-Back,DF,1.0,30
Saed Al-Rousan,"1,86m",right,18,2,Jordan,Centre-Back,DF,0.45,29
Abdallah Nasib,"1,84m",right,58,2,Jordan,Centre-Back,DF,0.4,32
Husam Abu Dahab,"1,86m",left,15,0,Jordan,Centre-Back,DF,0.35,26
Mohammad Abualnadi,"1,85m",left,15,0,Jordan,Centre-Back,DF,0.35,25
Saleem Obaid,"1,87m",left,14,0,Jordan,Centre-Back,DF,0.1,34
Mohannad Abu Taha,"1,76m",left,28,1,Jordan,Left-Back,DF,0.55,23
Mohammad Abu Hasheesh,"1,78m",left,48,1,Jordan,Left-Back,DF,0.4,31
Mohammad Abu Ghoush,"1,82m",left,-,0,Jordan,Left-Back,DF,0.3,20
Ehsan Haddad,"1,81m",right,79,1,Jordan,Right-Back,DF,0.3,32
Anas Badawi,"1,74m",right,1,0,Jordan,Right-Back,DF,0.2,28
Nizar Al-Rashdan,"1,83m",right,43,5,Jordan,Defensive Midfield,MF,0.6,27
Amer Jamous,"1,77m",right,16,1,Jordan,Central Midfield,MF,0.5,23
Noor Al-Rawabdeh,"1,82m",right,61,3,Jordan,Central Midfield,MF,0.5,29
Ibrahim Saadeh,"1,80m",right,45,3,Jordan,Central Midfield,MF,0.5,26
Rajaei Ayed,"1,80m",right,57,0,Jordan,Central Midfield,MF,0.325,32
Mohammad Al-Dawoud,"1,81m",right,8,1,Jordan,Central Midfield,MF,0.15,33
Odeh Fakhoury,"1,80m",right,13,1,Jordan,Left Winger,FW,0.35,20
Mahmoud Al-Mardi,"1,76m",right,74,7,Jordan,Left Winger,FW,0.35,32
Mousa Tamari,"1,76m",left,80,24,Jordan,Right Winger,FW,10.0,29
Mohammad Abu Zrayq,"1,70m",left,36,5,Jordan,Right Winger,FW,0.7,28
Ali Azaizeh,"1,78m",left,7,0,Jordan,Right Winger,FW,0.325,22
Ali Olwan,"1,82m",right,62,28,Jordan,Centre-Forward,FW,0.8,26
Raúl Rangel,"1,90m",right,18.0,0,Mexico,Goalkeeper,GK,6.5,26
Carlos Acevedo,"1,85m",right,7.0,0,Mexico,Goalkeeper,GK,2.8,30
Guillermo Ochoa,"1,85m",right,154.0,0,Mexico,Goalkeeper,GK,0.25,40
Johan Vásquez,"1,82m",left,49.0,3,Mexico,Centre-Back,DF,12.0,27
César Montes,"1,95m",right,71.0,4,Mexico,Centre-Back,DF,7.5,29
Luis Romo,"1,83m",right,66.0,5,Mexico,Centre-Back,DF,3.0,31
Mateo Chávez,"1,78m",left,11.0,1,Mexico,Left-Back,DF,4.0,22
Jesús Gallardo,"1,74m",left,126.0,3,Mexico,Left-Back,DF,2.8,31
Israel Reyes,"1,81m",right,38.0,2,Mexico,Right-Back,DF,6.5,26
Jorge Sánchez,"1,76m",right,62.0,3,Mexico,Right-Back,DF,2.0,28
Edson Álvarez,"1,90m",right,102.0,7,Mexico,Defensive Midfield,MF,15.0,28
Érik Lira,"1,72m",right,28.0,0,Mexico,Defensive Midfield,MF,12.0,26
Luis Chávez,"1,78m",left,46.0,5,Mexico,Defensive Midfield,MF,6.0,30
Obed Vargas,"1,75m",right,9.0,0,Mexico,Central Midfield,MF,10.0,20
Orbelín Pineda,"1,69m",right,94.0,12,Mexico,Central Midfield,MF,7.0,30
Álvaro Fidalgo,"1,75m",right,6.0,1,Mexico,Central Midfield,MF,6.0,29
Gilberto Mora,"1,75m",right,11.0,0,Mexico,Attacking Midfield,MF,10.0,17
Brian Gutiérrez,"1,78m",right,10.0,2,Mexico,Attacking Midfield,MF,8.0,23
Alexis Vega,"1,75m",right,54.0,7,Mexico,Left Winger,FW,8.0,28
César Huerta,"1,71m",right,27.0,3,Mexico,Left Winger,FW,3.5,25
Roberto Alvarado,"1,76m",left,72.0,5,Mexico,Right Winger,FW,7.5,27
Santiago Gimenez,"1,80m",left,50.0,6,Mexico,Centre-Forward,FW,18.0,25
Armando González,"1,82m",right,8.0,1,Mexico,Centre-Forward,FW,15.0,23
Julián Quiñones,"1,77m",right,26.0,5,Mexico,Centre-Forward,FW,14.0,29
Raúl Jiménez,"1,88m",right,129.0,47,Mexico,Centre-Forward,FW,3.0,35
Guillermo Martínez,"1,91m",left,13.0,3,Mexico,Centre-Forward,FW,1.5,31
Yassine Bounou,"1,92m",left,94.0,0,Morocco,Goalkeeper,GK,3.0,35
Ahmed Reda Tagnaouti,"1,94m",right,3.0,0,Morocco,Goalkeeper,GK,1.0,30
Munir El Kajoui,"1,90m",right,52.0,0,Morocco,Goalkeeper,GK,0.6,37
Chadi Riad,"1,86m",left,10.0,1,Morocco,Centre-Back,DF,15.0,23
Issa Diop,"1,94m",right,7.0,1,Morocco,Centre-Back,DF,8.0,29
Redouane Halhal,"1,89m",right,4.0,0,Morocco,Centre-Back,DF,5.0,23
Marwane Saadane,"1,87m",right,17.0,1,Morocco,Centre-Back,DF,0.4,34
Anass Salah-Eddine,"1,81m",left,12.0,0,Morocco,Left-Back,DF,12.0,24
Youssef Belammari,"1,83m",left,18.0,0,Morocco,Left-Back,DF,1.2,27
Achraf Hakimi,"1,80m",right,100.0,12,Morocco,Right-Back,DF,80.0,27
Noussair Mazraoui,"1,83m",right,49.0,2,Morocco,Right-Back,DF,18.0,28
Zakaria El Ouahdi,"1,71m",right,3.0,0,Morocco,Right-Back,DF,17.0,24
Sofyan Amrabat,"1,85m",right,76.0,0,Morocco,Defensive Midfield,MF,10.0,29
Ayyoub Bouaddi,"1,85m",right,6.0,0,Morocco,Central Midfield,MF,50.0,18
Neil El Aynaoui,"1,85m",right,20.0,2,Morocco,Central Midfield,MF,23.0,24
Samir El Mourabet,"1,87m",left,8.0,0,Morocco,Central Midfield,MF,22.0,20
Azzedine Ounahi,"1,82m",right,53.0,9,Morocco,Central Midfield,MF,10.0,26
Ismael Saibari,"1,85m",right,34.0,12,Morocco,Attacking Midfield,MF,40.0,25
Bilal El Khannouss,"1,80m",right,41.0,3,Morocco,Attacking Midfield,MF,35.0,22
Amine Sbaï,"1,75m",right,2.0,0,Morocco,Left Winger,FW,4.0,25
Brahim Díaz,"1,70m",both,30.0,14,Morocco,Right Winger,FW,35.0,26
Chemsdine Talbi,"1,75m",right,8.0,0,Morocco,Right Winger,FW,25.0,21
Gessime Yassine,"1,72m",left,6.0,1,Morocco,Right Winger,FW,12.0,20
Ayoube Amaimouni-Echghouyab,"1,79m",left,4.0,0,Morocco,Right Winger,FW,10.0,21
Soufiane Rahimi,"1,80m",right,41.0,13,Morocco,Centre-Forward,FW,6.0,30
Ayoub El Kaabi,"1,82m",left,72.0,35,Morocco,Centre-Forward,FW,4.5,33
Bart Verbruggen,"1,93m",right,33.0,0,Netherlands,Goalkeeper,GK,40.0,23
Robin Roefs,"1,93m",left,1.0,0,Netherlands,Goalkeeper,GK,28.0,23
Mark Flekken,"1,95m",both,12.0,0,Netherlands,Goalkeeper,GK,6.0,33
Micky van de Ven,"1,93m",left,24.0,1,Netherlands,Centre-Back,DF,50.0,25
Jan Paul van Hecke,"1,89m",right,16.0,1,Netherlands,Centre-Back,DF,45.0,26
Virgil van Dijk,"1,95m",right,96.0,13,Netherlands,Centre-Back,DF,15.0,34
Nathan Aké,"1,80m",left,62.0,5,Netherlands,Centre-Back,DF,12.0,31
Jorrel Hato,"1,82m",left,9.0,0,Netherlands,Left-Back,DF,40.0,20
Mats Wieffer,"1,89m",right,15.0,1,Netherlands,Right-Back,DF,25.0,26
Denzel Dumfries,"1,88m",right,76.0,11,Netherlands,Right-Back,DF,25.0,30
Lutsharel Geertruida,"1,84m",right,21.0,0,Netherlands,Right-Back,DF,20.0,25
Ryan Gravenberch,"1,90m",right,31.0,1,Netherlands,Defensive Midfield,MF,80.0,24
Teun Koopmeiners,"1,85m",left,32.0,3,Netherlands,Defensive Midfield,MF,14.0,28
Marten de Roon,"1,86m",right,44.0,1,Netherlands,Defensive Midfield,MF,3.2,35
Tijjani Reijnders,"1,78m",right,35.0,7,Netherlands,Central Midfield,MF,50.0,27
Frenkie de Jong,"1,81m",right,70.0,2,Netherlands,Central Midfield,MF,35.0,29
Quinten Timber,"1,76m",right,13.0,1,Netherlands,Central Midfield,MF,25.0,25
Justin Kluivert,"1,73m",both,14.0,0,Netherlands,Attacking Midfield,MF,25.0,27
Guus Til,"1,88m",right,8.0,1,Netherlands,Attacking Midfield,MF,15.0,28
Cody Gakpo,"1,93m",right,54.0,24,Netherlands,Left Winger,FW,60.0,27
Crysencio Summerville,"1,72m",right,6.0,2,Netherlands,Left Winger,FW,35.0,24
Noa Lang,"1,76m",right,17.0,3,Netherlands,Left Winger,FW,22.0,27
Donyell Malen,"1,78m",right,56.0,13,Netherlands,Centre-Forward,FW,45.0,27
Brian Brobbey,"1,81m",right,16.0,4,Netherlands,Centre-Forward,FW,30.0,24
Memphis Depay,"1,78m",right,112.0,55,Netherlands,Centre-Forward,FW,7.0,32
Wout Weghorst,"1,97m",right,53.0,14,Netherlands,Centre-Forward,FW,2.0,33
Max Crocombe,"1,90m",right,27.0,0,New Zealand,Goalkeeper,GK,1.0,32
Alex Paulsen,"1,93m",right,8.0,0,New Zealand,Goalkeeper,GK,0.5,23
Michael Woud,"1,96m",left,6.0,0,New Zealand,Goalkeeper,GK,0.4,27
Tyler Bindon,"1,90m",right,28.0,2,New Zealand,Centre-Back,DF,3.5,21
Finn Surman,"1,90m",right,22.0,3,New Zealand,Centre-Back,DF,1.8,22
Nando Pijnaker,"1,85m",left,25.0,0,New Zealand,Centre-Back,DF,0.4,27
Michael Boxall,"1,91m",right,66.0,1,New Zealand,Centre-Back,DF,0.15,37
Tommy Smith,"1,88m",left,56.0,2,New Zealand,Centre-Back,DF,0.05,36
Liberato Cacace,"1,82m",left,40.0,1,New Zealand,Left-Back,DF,2.5,25
Ben Old,"1,73m",left,27.0,2,New Zealand,Left-Back,DF,1.8,23
Francis de Vries,"1,81m",left,21.0,1,New Zealand,Left-Back,DF,0.6,31
Callan Elliot,"1,77m",right,12.0,0,New Zealand,Right-Back,DF,0.45,26
Tim Payne,"1,79m",right,55.0,3,New Zealand,Right-Back,DF,0.35,32
Joe Bell,"1,82m",right,35.0,1,New Zealand,Defensive Midfield,MF,3.5,27
Ryan Thomas,"1,76m",right,28.0,3,New Zealand,Defensive Midfield,MF,0.65,31
Alex Rufer,"1,80m",right,26.0,0,New Zealand,Defensive Midfield,MF,0.6,30
Marko Stamenić,"1,88m",right,42.0,3,New Zealand,Central Midfield,MF,3.0,24
Lachlan Bayliss,"1,78m",right,4.0,0,New Zealand,Central Midfield,MF,0.55,23
Callum McCowatt,"1,80m",right,35.0,4,New Zealand,Attacking Midfield,MF,2.5,27
Sarpreet Singh,"1,80m",left,31.0,3,New Zealand,Attacking Midfield,MF,0.5,27
Jesse Randall,"1,76m",right,14.0,2,New Zealand,Left Winger,FW,0.9,23
Elijah Just,"1,76m",left,47.0,12,New Zealand,Right Winger,FW,2.5,26
Logan Rogerson,"1,82m",right,18.0,2,New Zealand,Right Winger,FW,0.4,28
Chris Wood,"1,91m",right,93.0,45,New Zealand,Centre-Forward,FW,5.0,34
Ben Waine,"1,85m",right,31.0,9,New Zealand,Centre-Forward,FW,0.4,25
Kosta Barbarouses,"1,71m",both,76.0,10,New Zealand,Centre-Forward,FW,0.3,36
Sander Tangvik,"1,93m",right,-,0,Norway,Goalkeeper,GK,3.0,23
Egil Selvik,"1,93m",left,8,0,Norway,Goalkeeper,GK,1.5,28
Ørjan Nyland,"1,92m",right,74,0,Norway,Goalkeeper,GK,0.8,35
Kristoffer Ajer,"1,98m",right,55,2,Norway,Centre-Back,DF,18.0,28
Leo Østigård,"1,83m",right,41,2,Norway,Centre-Back,DF,13.0,26
Torbjørn Heggem,"1,92m",left,18,0,Norway,Centre-Back,DF,13.0,27
Henrik Falchener,"1,94m",right,2,0,Norway,Centre-Back,DF,6.0,23
Sondre Langås,"1,90m",right,4,0,Norway,Centre-Back,DF,4.0,25
David Møller Wolfe,"1,85m",left,25,1,Norway,Left-Back,DF,8.0,24
Fredrik Bjørkan,"1,80m",left,22,1,Norway,Left-Back,DF,3.5,27
Julian Ryerson,"1,83m",right,45,1,Norway,Right-Back,DF,25.0,28
Marcus Pedersen,"1,84m",right,35,1,Norway,Right-Back,DF,3.5,25
Sander Berge,"1,95m",right,69,1,Norway,Defensive Midfield,MF,25.0,28
Patrick Berg,"1,78m",right,47,0,Norway,Defensive Midfield,MF,8.0,28
Fredrik Aursnes,"1,81m",right,26,1,Norway,Central Midfield,MF,15.0,30
Kristian Thorstvedt,"1,89m",left,39,4,Norway,Central Midfield,MF,12.0,27
Morten Thorsby,"1,88m",right,32,0,Norway,Central Midfield,MF,2.8,30
Martin Ødegaard,"1,78m",left,71,5,Norway,Attacking Midfield,MF,65.0,27
Thelo Aasgaard,"1,88m",right,9,6,Norway,Attacking Midfield,MF,2.8,24
Antonio Nusa,"1,83m",right,28,9,Norway,Left Winger,FW,32.0,21
Andreas Schjelderup,"1,77m",right,16,1,Norway,Left Winger,FW,30.0,22
Jens Petter Hauge,"1,84m",right,16,1,Norway,Left Winger,FW,12.0,26
Oscar Bobb,"1,77m",left,24,2,Norway,Right Winger,FW,28.0,22
Erling Haaland,"1,95m",left,53,60,Norway,Centre-Forward,FW,200.0,25
Jørgen Strand Larsen,"1,93m",right,29,6,Norway,Centre-Forward,FW,40.0,26
Alexander Sørloth,"1,96m",left,75,26,Norway,Centre-Forward,FW,18.0,30
Orlando Mosquera,"1,91m",right,51.0,0,Panama,Goalkeeper,GK,0.7,31
César Samudio,"1,89m",left,5.0,0,Panama,Goalkeeper,GK,0.25,32
Luis Mejía,"1,93m",left,56.0,0,Panama,Goalkeeper,GK,0.15,35
José Córdoba,"1,89m",left,35.0,1,Panama,Centre-Back,DF,5.0,25
Andrés Andrade,"1,87m",left,53.0,1,Panama,Centre-Back,DF,2.5,27
Edgardo Fariña,"1,95m",right,18.0,0,Panama,Centre-Back,DF,0.9,24
Jiovany Ramos,"1,88m",right,25.0,2,Panama,Centre-Back,DF,0.45,29
Fidel Escobar,"1,84m",right,100.0,4,Panama,Centre-Back,DF,0.35,31
Roderick Miller,"1,90m",left,49.0,2,Panama,Centre-Back,DF,0.175,34
Jorge Gutiérrez,"1,71m",left,19.0,0,Panama,Left-Back,DF,0.8,27
Éric Davis,"1,80m",left,109.0,9,Panama,Left-Back,DF,0.05,35
Amir Murillo,"1,85m",right,97.0,9,Panama,Right-Back,DF,7.0,30
César Blackman,"1,74m",right,42.0,3,Panama,Right-Back,DF,2.5,28
Cristian Martínez,"1,70m",right,69.0,2,Panama,Defensive Midfield,MF,0.8,29
Carlos Harvey,"1,84m",right,31.0,3,Panama,Defensive Midfield,MF,0.6,26
Aníbal Godoy,"1,84m",left,158.0,4,Panama,Defensive Midfield,MF,0.1,36
Adalberto Carrasquilla,"1,71m",right,72.0,3,Panama,Central Midfield,MF,4.0,27
José Luis Rodríguez,"1,80m",left,73.0,8,Panama,Left Winger,FW,2.5,28
Ismael Díaz,"1,84m",right,58.0,17,Panama,Left Winger,FW,1.8,29
Yoel Bárcenas,"1,75m",right,106.0,9,Panama,Right Winger,FW,0.65,32
César Yanis,"1,60m",left,54.0,5,Panama,Right Winger,FW,0.4,30
Alberto Quintero,"1,65m",right,141.0,7,Panama,Right Winger,FW,0.075,38
Tomás Rodríguez,"1,83m",right,15.0,4,Panama,Centre-Forward,FW,1.0,27
Azarías Londoño,"1,85m",right,15.0,1,Panama,Centre-Forward,FW,1.0,25
José Fajardo,"1,84m",right,71.0,17,Panama,Centre-Forward,FW,0.55,32
Cecilio Waterman,"1,80m",right,57.0,15,Panama,Centre-Forward,FW,0.25,35
Orlando Gill,"1,99m",left,10.0,0,Paraguay,Goalkeeper,GK,6.0,26
Gastón Olveira,"1,91m",right,1.0,0,Paraguay,Goalkeeper,GK,0.5,33
Roberto Fernández,"1,91m",right,30.0,0,Paraguay,Goalkeeper,GK,0.1,38
Omar Alderete,"1,90m",left,39.0,3,Paraguay,Centre-Back,DF,13.0,29
Gustavo Gómez,"1,85m",right,93.0,4,Paraguay,Centre-Back,DF,3.5,33
José Canale,"1,87m",left,5.0,0,Paraguay,Centre-Back,DF,2.2,29
Júnior Alonso,"1,85m",left,75.0,3,Paraguay,Centre-Back,DF,1.5,33
Fabián Balbuena,"1,88m",right,48.0,2,Paraguay,Centre-Back,DF,0.9,34
Gustavo Velázquez,"1,79m",right,17.0,1,Paraguay,Centre-Back,DF,0.4,35
Alexandro Maidana,"1,78m",left,4.0,1,Paraguay,Left-Back,DF,2.5,20
Juan José Cáceres,"1,87m",right,21.0,0,Paraguay,Right-Back,DF,5.0,26
Andrés Cubas,"1,66m",right,37.0,0,Paraguay,Defensive Midfield,MF,4.5,30
Braian Ojeda,"1,73m",right,18.0,0,Paraguay,Defensive Midfield,MF,3.5,26
Diego Gómez,"1,83m",right,27.0,3,Paraguay,Central Midfield,MF,25.0,23
Damián Bobadilla,"1,80m",right,23.0,1,Paraguay,Central Midfield,MF,6.0,24
Matías Galarza,"1,75m",left,18.0,4,Paraguay,Central Midfield,MF,3.0,24
Julio Enciso,"1,73m",right,36.0,5,Paraguay,Attacking Midfield,MF,25.0,22
Mauricio,"1,75m",left,6.0,1,Paraguay,Attacking Midfield,MF,15.0,25
Kaku,"1,71m",left,35.0,6,Paraguay,Attacking Midfield,MF,4.5,31
Gustavo Caballero,"1,89m",right,3.0,1,Paraguay,Left Winger,FW,1.0,24
Miguel Almirón,"1,78m",left,79.0,10,Paraguay,Right Winger,FW,7.0,32
Ramón Sosa,"1,78m",right,30.0,1,Paraguay,Second Striker,FW,10.0,26
Isidro Pitta,"1,85m",right,6.0,0,Paraguay,Centre-Forward,FW,7.5,26
Álex Arce,"1,88m",right,17.0,1,Paraguay,Centre-Forward,FW,3.5,31
Antonio Sanabria,"1,80m",right,50.0,7,Paraguay,Centre-Forward,FW,1.8,30
Gabriel Ávalos,"1,91m",right,26.0,2,Paraguay,Centre-Forward,FW,0.75,35
Diogo Costa,"1,88m",right,46.0,0,Portugal,Goalkeeper,GK,40.0,26
Rui Silva,"1,91m",left,3.0,0,Portugal,Goalkeeper,GK,7.0,32
José Sá,"1,92m",right,5.0,0,Portugal,Goalkeeper,GK,3.5,33
Rúben Dias,"1,87m",right,78.0,3,Portugal,Centre-Back,DF,55.0,29
Gonçalo Inácio,"1,85m",left,22.0,2,Portugal,Centre-Back,DF,40.0,24
Tomás Araújo,"1,87m",right,6.0,0,Portugal,Centre-Back,DF,30.0,24
Renato Veiga,"1,88m",left,16.0,1,Portugal,Centre-Back,DF,25.0,22
Nuno Mendes,"1,77m",left,47.0,2,Portugal,Left-Back,DF,80.0,24
Matheus Nunes,"1,83m",right,21.0,2,Portugal,Right-Back,DF,50.0,27
Diogo Dalot,"1,84m",right,36.0,3,Portugal,Right-Back,DF,30.0,27
João Cancelo,"1,82m",right,71.0,12,Portugal,Right-Back,DF,8.0,32
Nélson Semedo,"1,79m",right,52.0,0,Portugal,Right-Back,DF,6.0,32
Vitinha,"1,70m",right,41.0,0,Portugal,Defensive Midfield,MF,140.0,26
Rúben Neves,"1,83m",right,68.0,1,Portugal,Defensive Midfield,MF,25.0,29
Samú Costa,"1,85m",left,7.0,0,Portugal,Defensive Midfield,MF,15.0,25
João Neves,"1,71m",right,25.0,4,Portugal,Central Midfield,MF,140.0,21
Francisco Trincão,"1,84m",left,19.0,3,Portugal,Attacking Midfield,MF,40.0,26
Bruno Fernandes,"1,83m",right,92.0,29,Portugal,Attacking Midfield,MF,35.0,31
Bernardo Silva,"1,73m",left,111.0,14,Portugal,Attacking Midfield,MF,22.0,31
Rafael Leão,"1,88m",right,47.0,6,Portugal,Left Winger,FW,50.0,27
Gonçalo Guedes,"1,79m",right,34.0,8,Portugal,Left Winger,FW,6.0,29
Pedro Neto,"1,74m",left,28.0,3,Portugal,Right Winger,FW,60.0,26
Francisco Conceição,"1,66m",left,19.0,4,Portugal,Right Winger,FW,30.0,23
João Félix,"1,79m",right,56.0,12,Portugal,Second Striker,FW,28.0,26
Gonçalo Ramos,"1,85m",right,26.0,10,Portugal,Centre-Forward,FW,30.0,25
Cristiano Ronaldo,"1,85m",right,231.0,145,Portugal,Centre-Forward,FW,10.0,41
Meshaal Barsham,"1,80m",right,54.0,0,Qatar,Goalkeeper,GK,0.7,28
Mahmoud Abunada,"1,85m",left,9.0,0,Qatar,Goalkeeper,GK,0.4,26
Salah Zakaria,"1,86m",right,8.0,0,Qatar,Goalkeeper,GK,0.4,27
Lucas Mendes,"1,79m",left,27.0,2,Qatar,Centre-Back,DF,0.35,35
Al-Hashmi Al-Hussain,"1,82m",right,10.0,0,Qatar,Centre-Back,DF,0.25,22
Issa Laye,"1,78m",right,7.0,0,Qatar,Centre-Back,DF,0.2,28
Boualem Khoukhi,"1,85m",right,125.0,21,Qatar,Centre-Back,DF,0.2,35
Pedro Miguel,"1,80m",right,104.0,3,Qatar,Centre-Back,DF,0.15,35
Homam Al-Amin,"1,88m",left,71.0,3,Qatar,Left-Back,DF,0.5,26
Sultan Al-Brake,"1,78m",left,20.0,0,Qatar,Left-Back,DF,0.3,30
Ayoub Al-Oui,"1,81m",right,9.0,0,Qatar,Right-Back,DF,0.375,21
Jassem Gaber,"1,81m",right,37.0,1,Qatar,Defensive Midfield,MF,0.5,24
Assim Madibo,"1,68m",right,64.0,0,Qatar,Defensive Midfield,MF,0.35,29
Ahmed Fathi,"1,71m",right,49.0,0,Qatar,Defensive Midfield,MF,0.25,33
Karim Boudiaf,"1,90m",right,124.0,6,Qatar,Defensive Midfield,MF,0.175,35
Mohamed Manai,"1,80m",right,14.0,0,Qatar,Central Midfield,MF,0.5,23
Abdulaziz Hatim,"1,79m",left,122.0,11,Qatar,Central Midfield,MF,0.25,35
Hassan Al-Haydos,"1,74m",right,172.0,36,Qatar,Attacking Midfield,MF,0.3,35
Akram Afif,"1,76m",right,131.0,40,Qatar,Left Winger,FW,8.0,29
Edmílson Junior,"1,80m",right,19.0,0,Qatar,Left Winger,FW,1.8,31
Tahsin Mohammed Jamshid,"1,66m",right,4.0,0,Qatar,Left Winger,FW,0.2,20
Ahmed Al-Ganehi,"1,75m",right,14.0,1,Qatar,Right Winger,FW,0.5,25
Yusuf Abdurisag,"1,71m",right,41.0,3,Qatar,Right Winger,FW,0.275,26
Almoez Ali,"1,80m",right,120.0,55,Qatar,Centre-Forward,FW,2.5,29
Ahmed Alaaeldin,"1,79m",right,71.0,8,Qatar,Centre-Forward,FW,0.3,33
Mohammed Muntari,"1,92m",right,70.0,16,Qatar,Centre-Forward,FW,0.2,32
Nawaf Al-Aqidi,"1,86m",right,22.0,0,Saudi Arabia,Goalkeeper,GK,0.65,26
Mohammed Al-Owais,"1,85m",left,64.0,0,Saudi Arabia,Goalkeeper,GK,0.275,34
Ahmed Al-Kassar,"1,78m",right,9.0,0,Saudi Arabia,Goalkeeper,GK,0.175,35
Hassan Tambakti,"1,83m",right,53.0,0,Saudi Arabia,Centre-Back,DF,1.8,27
Abdulelah Al-Amri,"1,85m",right,44.0,2,Saudi Arabia,Centre-Back,DF,1.4,29
Jehad Thakri,"1,84m",right,8.0,0,Saudi Arabia,Centre-Back,DF,1.2,24
Ali Lajami,"1,77m",right,25.0,1,Saudi Arabia,Centre-Back,DF,0.75,30
Moteb Al-Harbi,"1,77m",left,16.0,0,Saudi Arabia,Left-Back,DF,1.4,26
Ayman Yahya,"1,73m",right,24.0,0,Saudi Arabia,Left-Back,DF,1.2,25
Hassan Kadesh,"1,79m",left,20.0,2,Saudi Arabia,Left-Back,DF,0.275,33
Saud Abdulhamid,"1,72m",right,55.0,1,Saudi Arabia,Right-Back,DF,9.0,26
Mohammed Abu Al-Shamat,"1,70m",right,10.0,0,Saudi Arabia,Right-Back,DF,1.8,23
Ali Majrashi,"1,69m",right,21.0,0,Saudi Arabia,Right-Back,DF,1.4,26
Nawaf Boushal,"1,73m",right,28.0,0,Saudi Arabia,Right-Back,DF,1.4,26
Ziyad Al-Johani,"1,80m",left,12.0,0,Saudi Arabia,Defensive Midfield,MF,0.8,24
Abdullah Al-Khaibari,"1,75m",right,41.0,0,Saudi Arabia,Defensive Midfield,MF,0.75,29
Musab Al-Juwayr,"1,75m",right,39.0,6,Saudi Arabia,Central Midfield,MF,6.0,23
Nasser Al-Dawsari,"1,78m",left,48.0,0,Saudi Arabia,Central Midfield,MF,0.9,27
Mohamed Kanno,"1,91m",right,78.0,8,Saudi Arabia,Central Midfield,MF,0.8,31
Alaa Hejji,"1,78m",right,5.0,0,Saudi Arabia,Central Midfield,MF,0.3,30
Khalid Al-Ghannam,"1,71m",right,8.0,0,Saudi Arabia,Left Winger,FW,2.5,25
Salem Al-Dawsari,"1,73m",right,110.0,26,Saudi Arabia,Left Winger,FW,1.2,34
Sultan Mandash,"1,72m",left,8.0,2,Saudi Arabia,Right Winger,FW,0.35,31
Firas Al-Buraikan,"1,85m",left,74.0,15,Saudi Arabia,Centre-Forward,FW,3.5,26
Saleh Al-Shehri,"1,84m",right,54.0,16,Saudi Arabia,Centre-Forward,FW,0.5,32
Abdullah Al-Hamdan,"1,86m",right,52.0,12,Saudi Arabia,Centre-Forward,FW,0.35,26
Angus Gunn,"1,96m",right,25.0,0,Scotland,Goalkeeper,GK,1.0,30
Liam Kelly,"1,84m",right,3.0,0,Scotland,Goalkeeper,GK,0.8,30
Craig Gordon,"1,93m",left,84.0,0,Scotland,Goalkeeper,GK,0.05,43
Scott McKenna,"1,89m",left,51.0,1,Scotland,Centre-Back,DF,4.0,29
Jack Hendry,"1,92m",right,41.0,3,Scotland,Centre-Back,DF,2.5,31
John Souttar,"1,86m",right,24.0,2,Scotland,Centre-Back,DF,2.0,29
Dominic Hyam,"1,88m",right,4.0,0,Scotland,Centre-Back,DF,2.0,30
Grant Hanley,"1,88m",right,70.0,2,Scotland,Centre-Back,DF,0.2,34
Kieran Tierney,"1,80m",left,58.0,2,Scotland,Left-Back,DF,8.0,29
Andrew Robertson,"1,78m",left,97.0,4,Scotland,Left-Back,DF,7.0,32
Aaron Hickey,"1,85m",both,22.0,0,Scotland,Right-Back,DF,16.0,24
Nathan Patterson,"1,83m",right,29.0,1,Scotland,Right-Back,DF,10.0,24
Anthony Ralston,"1,78m",right,29.0,1,Scotland,Right-Back,DF,1.5,27
Scott McTominay,"1,93m",right,73.0,15,Scotland,Central Midfield,MF,40.0,29
Lewis Ferguson,"1,81m",right,27.0,1,Scotland,Central Midfield,MF,14.0,26
John McGinn,"1,78m",left,89.0,21,Scotland,Central Midfield,MF,13.0,31
Ryan Christie,"1,78m",left,71.0,10,Scotland,Central Midfield,MF,8.0,31
Tyler Fletcher,"1,83m",right,2.0,0,Scotland,Central Midfield,MF,1.5,19
Kenny McLean,"1,83m",left,60.0,3,Scotland,Central Midfield,MF,0.4,34
Findlay Curtis,"1,80m",right,5.0,1,Scotland,Left Winger,FW,2.0,20
Ben Gannon-Doak,"1,73m",right,17.0,1,Scotland,Right Winger,FW,15.0,20
George Hirst,"1,91m",right,10.0,1,Scotland,Centre-Forward,FW,10.0,27
Ché Adams,"1,75m",right,50.0,13,Scotland,Centre-Forward,FW,5.0,29
Lawrence Shankland,"1,85m",right,22.0,7,Scotland,Centre-Forward,FW,3.0,30
Ross Stewart,"1,88m",right,4.0,0,Scotland,Centre-Forward,FW,2.5,29
Lyndon Dykes,"1,88m",right,53.0,10,Scotland,Centre-Forward,FW,0.8,30
Yehvann Diouf,"1,88m",right,2.0,0,Senegal,Goalkeeper,GK,7.0,26
Edouard Mendy,"1,94m",right,59.0,0,Senegal,Goalkeeper,GK,4.0,34
Mory Diaw,"1,97m",right,7.0,0,Senegal,Goalkeeper,GK,0.9,33
Mamadou Sarr,"1,94m",right,8.0,0,Senegal,Centre-Back,DF,22.0,20
Moussa Niakhaté,"1,90m",left,34.0,0,Senegal,Centre-Back,DF,15.0,30
Antoine Mendy,"1,87m",right,7.0,0,Senegal,Centre-Back,DF,10.0,22
Kalidou Koulibaly,"1,86m",right,105.0,2,Senegal,Centre-Back,DF,4.5,35
Abdoulaye Seck,"1,92m",right,23.0,4,Senegal,Centre-Back,DF,0.4,34
El Hadji Malick Diouf,"1,77m",left,22.0,1,Senegal,Left-Back,DF,28.0,21
Ismail Jakobs,"1,84m",left,32.0,0,Senegal,Left-Back,DF,8.0,26
Idrissa Gueye,"1,74m",right,134.0,7,Senegal,Defensive Midfield,MF,0.5,36
Lamine Camara,"1,74m",right,36.0,5,Senegal,Central Midfield,MF,40.0,22
Pape Gueye,"1,89m",left,44.0,7,Senegal,Central Midfield,MF,40.0,27
Habib Diarra,"1,78m",right,23.0,5,Senegal,Central Midfield,MF,35.0,22
Pape Matar Sarr,"1,85m",right,41.0,4,Senegal,Central Midfield,MF,30.0,23
Bara Sapoko Ndiaye,"1,80m",right,1.0,0,Senegal,Central Midfield,MF,4.0,18
Pathé Ciss,"1,86m",right,33.0,0,Senegal,Central Midfield,MF,1.8,32
Krépin Diatta,"1,73m",right,64.0,2,Senegal,Right Midfield,MF,6.0,27
Assane Diao,"1,85m",right,6.0,0,Senegal,Left Winger,FW,30.0,20
Sadio Mané,"1,75m",right,129.0,54,Senegal,Left Winger,FW,6.0,34
Iliman Ndiaye,"1,80m",right,42.0,5,Senegal,Right Winger,FW,55.0,26
Ismaïla Sarr,"1,85m",right,86.0,22,Senegal,Right Winger,FW,40.0,28
Ibrahim Mbaye,"1,75m",right,14.0,4,Senegal,Right Winger,FW,30.0,18
Nicolas Jackson,"1,87m",right,36.0,8,Senegal,Centre-Forward,FW,40.0,25
Bamba Dieng,"1,78m",right,24.0,2,Senegal,Centre-Forward,FW,15.0,26
Cherif Ndiaye,"1,90m",right,19.0,4,Senegal,Centre-Forward,FW,5.0,30
Sipho Chaine,"1,86m",right,4.0,0,South Africa,Goalkeeper,GK,1.6,29
Ronwen Williams,"1,84m",right,66.0,0,South Africa,Goalkeeper,GK,0.8,34
Ricardo Goss,"1,81m",right,5.0,0,South Africa,Goalkeeper,GK,0.35,32
Mbekezeli Mbokazi,"1,77m",left,14.0,1,South Africa,Centre-Back,DF,3.5,20
Ime Okon,"1,87m",right,7.0,0,South Africa,Centre-Back,DF,2.0,22
Olwethu Makhanya,"1,85m",right,1.0,0,South Africa,Centre-Back,DF,2.0,22
Nkosinathi Sibisi,"1,77m",right,21.0,0,South Africa,Centre-Back,DF,1.6,30
Khulumani Ndamane,"1,83m",right,5.0,0,South Africa,Centre-Back,DF,1.2,22
Samukele Kabini,"1,79m",left,6.0,0,South Africa,Left-Back,DF,2.5,22
Aubrey Modiba,"1,71m",left,45.0,1,South Africa,Left-Back,DF,1.8,30
Bradley Cross,"1,75m",left,1.0,0,South Africa,Left-Back,DF,1.0,25
Thabang Matuludi,"1,89m",right,3.0,0,South Africa,Right-Back,DF,1.2,27
Khuliso Mudau,"1,79m",right,36.0,1,South Africa,Right-Back,DF,1.2,31
Kamogelo Sebelebele,"1,66m",right,4.0,0,South Africa,Right-Back,DF,1.2,23
Teboho Mokoena,"1,77m",right,54.0,10,South Africa,Defensive Midfield,MF,2.8,29
Thalente Mbatha,"1,79m",right,19.0,3,South Africa,Central Midfield,MF,2.0,26
Jayden Adams,"1,77m",right,9.0,1,South Africa,Central Midfield,MF,1.8,25
Yaya Sithole,"1,86m",right,31.0,1,South Africa,Central Midfield,MF,0.6,27
Themba Zwane,"1,78m",right,55.0,12,South Africa,Attacking Midfield,MF,0.25,36
Relebohile Mofokeng,"1,68m",right,16.0,0,South Africa,Left Winger,FW,3.0,21
Oswin Appollis,"1,71m",right,30.0,8,South Africa,Left Winger,FW,2.5,24
Tshepang Moremi,"1,69m",left,12.0,1,South Africa,Left Winger,FW,1.4,25
Thapelo Maseko,"1,78m",left,10.0,2,South Africa,Right Winger,FW,0.75,22
Lyle Foster,"1,85m",right,28.0,10,South Africa,Centre-Forward,FW,8.0,25
Iqraam Rayners,"1,74m",right,18.0,4,South Africa,Centre-Forward,FW,2.8,30
Evidence Makgopa,"1,83m",right,30.0,6,South Africa,Centre-Forward,FW,1.4,26
Bum-keun Song,"1,96m",right,3.0,0,South Korea,Goalkeeper,GK,1.0,28
Hyeon-woo Jo,"1,89m",right,48.0,0,South Korea,Goalkeeper,GK,0.65,34
Seung-gyu Kim,"1,89m",right,90.0,0,South Korea,Goalkeeper,GK,0.5,35
Min-jae Kim,"1,90m",right,82.0,4,South Korea,Centre-Back,DF,20.0,29
Han-beom Lee,"1,88m",right,11.0,0,South Korea,Centre-Back,DF,3.0,24
Tae-hyeon Kim,"1,86m",left,7.0,0,South Korea,Centre-Back,DF,1.2,25
Gi-hyuk Lee,"1,84m",left,6.0,0,South Korea,Centre-Back,DF,0.8,25
Wi-je Cho,"1,90m",right,1.0,0,South Korea,Centre-Back,DF,0.55,24
Tae-seok Lee,"1,74m",left,17.0,1,South Korea,Left-Back,DF,2.0,23
Young-woo Seol,"1,80m",right,37.0,0,South Korea,Right-Back,DF,6.5,27
Moon-hwan Kim,"1,73m",right,36.0,0,South Korea,Right-Back,DF,0.75,30
In-beom Hwang,"1,77m",both,76.0,7,South Korea,Defensive Midfield,MF,7.0,29
Jin-seob Park,"1,83m",right,16.0,1,South Korea,Defensive Midfield,MF,1.0,30
Jens Castrop,"1,78m",right,8.0,0,South Korea,Central Midfield,MF,10.0,22
Seung-ho Paik,"1,82m",right,30.0,3,South Korea,Central Midfield,MF,2.0,29
Jin-gyu Kim,"1,77m",right,24.0,3,South Korea,Central Midfield,MF,1.2,29
Kang-in Lee,"1,74m",left,50.0,11,South Korea,Attacking Midfield,MF,28.0,25
Jun-ho Bae,"1,80m",right,13.0,2,South Korea,Attacking Midfield,MF,4.0,22
Jae-sung Lee,"1,80m",left,107.0,15,South Korea,Attacking Midfield,MF,2.0,33
Dong-gyeong Lee,"1,75m",left,18.0,4,South Korea,Attacking Midfield,MF,1.6,28
Heung-min Son,"1,83m",both,148.0,56,South Korea,Left Winger,FW,15.0,33
Ji-sung Eom,"1,77m",right,11.0,2,South Korea,Left Winger,FW,1.8,24
Hyun-jun Yang,"1,79m",right,10.0,0,South Korea,Right Winger,FW,5.0,24
Hyeon-gyu Oh,"1,87m",right,30.0,7,South Korea,Centre-Forward,FW,15.0,25
Hee-chan Hwang,"1,77m",right,82.0,17,South Korea,Centre-Forward,FW,6.0,30
Gue-sung Cho,"1,88m",right,46.0,12,South Korea,Centre-Forward,FW,2.5,28
Joan García,"1,94m",right,2.0,0,Spain,Goalkeeper,GK,45.0,25
David Raya,"1,86m",right,13.0,0,Spain,Goalkeeper,GK,30.0,30
Unai Simón,"1,90m",right,61.0,0,Spain,Goalkeeper,GK,22.0,29
Pau Cubarsí,"1,84m",right,15.0,0,Spain,Centre-Back,DF,80.0,19
Eric García,"1,83m",right,21.0,0,Spain,Centre-Back,DF,40.0,25
Marc Pubill,"1,91m",right,2.0,0,Spain,Centre-Back,DF,35.0,23
Aymeric Laporte,"1,91m",left,49.0,2,Spain,Centre-Back,DF,8.0,32
Marc Cucurella,"1,73m",left,27.0,1,Spain,Left-Back,DF,50.0,27
Alejandro Grimaldo,"1,71m",left,14.0,0,Spain,Left-Back,DF,20.0,30
Pedro Porro,"1,73m",right,19.0,0,Spain,Right-Back,DF,35.0,26
Marcos Llorente,"1,83m",right,26.0,0,Spain,Right-Back,DF,20.0,31
Martín Zubimendi,"1,81m",right,26.0,3,Spain,Defensive Midfield,MF,75.0,27
Rodri,"1,90m",right,65.0,4,Spain,Defensive Midfield,MF,50.0,30
Pedri,"1,74m",right,44.0,6,Spain,Central Midfield,MF,150.0,23
Fabián Ruiz,"1,88m",left,45.0,6,Spain,Central Midfield,MF,30.0,30
Gavi,"1,73m",right,31.0,5,Spain,Central Midfield,MF,30.0,21
Mikel Merino,"1,88m",left,46.0,10,Spain,Central Midfield,MF,25.0,30
Dani Olmo,"1,79m",right,53.0,12,Spain,Attacking Midfield,MF,60.0,28
Álex Baena,"1,72m",right,19.0,3,Spain,Left Winger,FW,40.0,24
Nico Williams,"1,81m",right,33.0,6,Spain,Left Winger,FW,40.0,23
Víctor Muñoz,"1,73m",right,2.0,1,Spain,Left Winger,FW,30.0,22
Lamine Yamal,"1,83m",left,28.0,7,Spain,Right Winger,FW,200.0,18
Yéremy Pino,"1,74m",right,25.0,4,Spain,Right Winger,FW,30.0,23
Ferran Torres,"1,83m",right,60.0,24,Spain,Centre-Forward,FW,50.0,26
Mikel Oyarzabal,"1,81m",left,56.0,27,Spain,Centre-Forward,FW,25.0,29
Borja Iglesias,"1,87m",right,8.0,0,Spain,Centre-Forward,FW,2.8,33
Viktor Johansson,"1,87m",right,12.0,0,Sweden,Goalkeeper,GK,12.0,27
Jacob Widell Zetterström,"1,97m",right,5.0,0,Sweden,Goalkeeper,GK,2.5,27
Kristoffer Nordfeldt,"1,90m",right,23.0,0,Sweden,Goalkeeper,GK,0.175,37
Isak Hien,"1,91m",right,32.0,0,Sweden,Centre-Back,DF,22.0,27
Gustaf Lagerbielke,"1,93m",right,15.0,2,Sweden,Centre-Back,DF,10.0,26
Victor Lindelöf,"1,87m",right,80.0,3,Sweden,Centre-Back,DF,5.0,31
Hjalmar Ekdal,"1,87m",right,13.0,0,Sweden,Centre-Back,DF,5.0,27
Eric Smith,"1,92m",right,2.0,0,Sweden,Centre-Back,DF,5.0,29
Carl Starfelt,"1,85m",right,19.0,0,Sweden,Centre-Back,DF,4.5,31
Daniel Svensson,"1,83m",left,16.0,0,Sweden,Left-Back,DF,22.0,24
Gabriel Gudmundsson,"1,81m",left,28.0,0,Sweden,Left-Back,DF,20.0,27
Ken Sema,"1,80m",left,34.0,5,Sweden,Left-Back,DF,0.8,32
Jesper Karlström,"1,82m",right,27.0,0,Sweden,Defensive Midfield,MF,4.0,31
Lucas Bergvall,"1,87m",right,14.0,0,Sweden,Central Midfield,MF,35.0,20
Yasin Ayari,"1,72m",right,25.0,5,Sweden,Central Midfield,MF,35.0,22
Mattias Svanberg,"1,86m",right,42.0,3,Sweden,Central Midfield,MF,8.0,27
Besfort Zeneli,"1,87m",right,10.0,0,Sweden,Central Midfield,MF,6.0,23
Herman Johansson,"1,90m",right,3.0,0,Sweden,Right Midfield,MF,1.8,28
Elliot Stroud,"1,85m",left,5.0,0,Sweden,Left Midfield,MF,8.0,24
Benjamin Nygren,"1,87m",left,15.0,3,Sweden,Attacking Midfield,MF,14.0,24
Taha Ali,"1,74m",right,4.0,0,Sweden,Left Winger,FW,1.5,28
Anthony Elanga,"1,78m",right,34.0,8,Sweden,Right Winger,FW,32.0,24
Alexander Bernhardsson,"1,84m",left,14.0,0,Sweden,Right Winger,FW,3.0,27
Alexander Isak,"1,90m",right,62.0,18,Sweden,Centre-Forward,FW,85.0,26
Viktor Gyökeres,"1,89m",right,37.0,21,Sweden,Centre-Forward,FW,65.0,28
Gustaf Nilsson,"1,97m",right,11.0,4,Sweden,Centre-Forward,FW,1.8,29
Gregor Kobel,"1,96m",right,24.0,0,Switzerland,Goalkeeper,GK,40.0,28
Marvin Keller,"1,89m",right,1.0,0,Switzerland,Goalkeeper,GK,6.0,23
Yvon Mvogo,"1,90m",right,13.0,0,Switzerland,Goalkeeper,GK,2.5,32
Manuel Akanji,"1,88m",right,84.0,4,Switzerland,Centre-Back,DF,17.0,30
Aurèle Amenda,"1,94m",right,7.0,0,Switzerland,Centre-Back,DF,10.0,22
Luca Jaquez,"1,87m",right,5.0,0,Switzerland,Centre-Back,DF,10.0,23
Nico Elvedi,"1,89m",right,70.0,3,Switzerland,Centre-Back,DF,8.0,29
Eray Cömert,"1,83m",right,22.0,0,Switzerland,Centre-Back,DF,2.5,28
Miro Muheim,"1,82m",left,11.0,0,Switzerland,Left-Back,DF,5.0,28
Ricardo Rodríguez,"1,82m",left,141.0,9,Switzerland,Left-Back,DF,1.4,33
Silvan Widmer,"1,83m",right,62.0,5,Switzerland,Right-Back,DF,0.8,33
Denis Zakaria,"1,89m",right,66.0,3,Switzerland,Defensive Midfield,MF,25.0,29
Ardon Jashari,"1,81m",left,9.0,0,Switzerland,Defensive Midfield,MF,25.0,23
Granit Xhaka,"1,83m",left,149.0,18,Switzerland,Defensive Midfield,MF,8.0,33
Johan Manzambi,"1,82m",right,15.0,6,Switzerland,Central Midfield,MF,50.0,20
Djibril Sow,"1,83m",right,54.0,0,Switzerland,Central Midfield,MF,7.5,29
Michel Aebischer,"1,83m",right,43.0,2,Switzerland,Central Midfield,MF,4.0,29
Remo Freuler,"1,81m",right,91.0,11,Switzerland,Central Midfield,MF,3.0,34
Fabian Rieder,"1,81m",left,30.0,1,Switzerland,Attacking Midfield,MF,12.0,24
Noah Okafor,"1,85m",right,25.0,2,Switzerland,Left Winger,FW,25.0,26
Rubén Vargas,"1,79m",right,64.0,13,Switzerland,Left Winger,FW,12.0,27
Dan Ndoye,"1,84m",right,34.0,8,Switzerland,Right Winger,FW,32.0,25
Christian Fassnacht,"1,85m",right,24.0,5,Switzerland,Right Winger,FW,2.0,32
Breel Embolo,"1,84m",right,89.0,25,Switzerland,Centre-Forward,FW,15.0,29
Zeki Amdouni,"1,83m",right,30.0,11,Switzerland,Centre-Forward,FW,7.0,25
Cedric Itten,"1,90m",right,17.0,5,Switzerland,Centre-Forward,FW,1.8,29
Abdelmouhib Chamakh,"1,89m",right,4,0,Tunisia,Goalkeeper,GK,0.8,24
Aymen Dahmen,"1,88m",right,39,0,Tunisia,Goalkeeper,GK,0.8,29
Sabri Ben Hessen,"1,89m",right,1,0,Tunisia,Goalkeeper,GK,0.55,30
Montassar Talbi,"1,90m",right,67,4,Tunisia,Centre-Back,DF,8.0,28
Adem Arous,"1,88m",right,2,0,Tunisia,Centre-Back,DF,4.0,21
Dylan Bronn,"1,86m",right,53,2,Tunisia,Centre-Back,DF,0.6,31
Raed Chikhaoui,"1,91m",right,-,0,Tunisia,Centre-Back,DF,0.6,22
Omar Rekik,"1,88m",right,8,1,Tunisia,Centre-Back,DF,0.5,24
Ali Abdi,"1,77m",left,49,7,Tunisia,Left-Back,DF,2.0,32
Mohamed Amine Ben Hamida,"1,81m",left,16,0,Tunisia,Left-Back,DF,1.0,30
Yan Valery,"1,85m",right,25,0,Tunisia,Right-Back,DF,1.5,27
Moutaz Neffati,"1,82m",right,5,0,Tunisia,Right-Back,DF,1.2,21
Ellyes Skhiri,"1,85m",right,86,4,Tunisia,Defensive Midfield,MF,5.0,31
Rani Khedira,"1,88m",right,6,0,Tunisia,Defensive Midfield,MF,2.0,32
Mohamed Belhadj Mahmoud,"1,79m",right,11,0,Tunisia,Central Midfield,MF,2.0,26
Hannibal,"1,77m",right,48,1,Tunisia,Attacking Midfield,MF,15.0,23
Anis Ben Slimane,"1,88m",both,44,4,Tunisia,Attacking Midfield,MF,4.0,25
Ismaël Gharbi,"1,80m",right,20,2,Tunisia,Left Winger,FW,5.0,22
Sebastian Tounekti,"1,82m",right,15,1,Tunisia,Left Winger,FW,5.0,23
Elias Achouri,"1,87m",right,33,5,Tunisia,Left Winger,FW,3.0,27
Elias Saad,"1,85m",right,17,3,Tunisia,Left Winger,FW,2.0,26
Mortadha Ben Ouanes,"1,88m",left,19,0,Tunisia,Left Winger,FW,1.5,31
Khalil Ayari,"1,74m",left,4,0,Tunisia,Right Winger,FW,1.0,21
Firas Chaouat,"1,85m",right,33,6,Tunisia,Centre-Forward,FW,1.2,30
Hazem Mastouri,"1,91m",right,20,5,Tunisia,Centre-Forward,FW,0.9,29
Rayan Elloumi,"1,80m",right,4,0,Tunisia,Centre-Forward,FW,0.8,18
Uğurcan Çakır,"1,91m",right,42.0,0,Turkey,Goalkeeper,GK,15.0,30
Altay Bayındır,"1,98m",right,12.0,0,Turkey,Goalkeeper,GK,5.0,28
Mert Günok,"1,96m",right,37.0,0,Turkey,Goalkeeper,GK,0.5,37
Ozan Kabak,"1,87m",right,31.0,2,Turkey,Centre-Back,DF,15.0,26
Merih Demiral,"1,90m",right,65.0,6,Turkey,Centre-Back,DF,12.0,28
Abdülkerim Bardakcı,"1,85m",left,30.0,2,Turkey,Centre-Back,DF,6.5,31
Çağlar Söyüncü,"1,85m",both,61.0,2,Turkey,Centre-Back,DF,3.5,30
Samet Akaydin,"1,90m",right,19.0,1,Turkey,Centre-Back,DF,1.2,32
Ferdi Kadıoğlu,"1,74m",right,32.0,2,Turkey,Left-Back,DF,35.0,26
Eren Elmalı,"1,81m",left,25.0,0,Turkey,Left-Back,DF,5.0,25
Zeki Çelik,"1,80m",right,63.0,3,Turkey,Right-Back,DF,14.0,29
Mert Müldür,"1,84m",right,48.0,3,Turkey,Right-Back,DF,7.0,27
Hakan Çalhanoğlu,"1,78m",right,108.0,22,Turkey,Defensive Midfield,MF,16.0,32
İsmail Yüksek,"1,83m",right,34.0,1,Turkey,Defensive Midfield,MF,15.0,27
Salih Özcan,"1,82m",right,32.0,1,Turkey,Defensive Midfield,MF,3.5,28
Kaan Ayhan,"1,85m",right,74.0,6,Turkey,Defensive Midfield,MF,1.5,31
Orkun Kökçü,"1,75m",both,53.0,4,Turkey,Central Midfield,MF,25.0,25
Arda Güler,"1,75m",left,33.0,7,Turkey,Attacking Midfield,MF,90.0,21
Can Uzun,"1,86m",right,8.0,1,Turkey,Attacking Midfield,MF,45.0,20
Kenan Yıldız,"1,87m",both,31.0,5,Turkey,Left Winger,FW,75.0,21
Barış Alper Yılmaz,"1,86m",right,38.0,5,Turkey,Left Winger,FW,30.0,26
Kerem Aktürkoğlu,"1,72m",right,54.0,15,Turkey,Left Winger,FW,20.0,27
Yunus Akgün,"1,73m",left,21.0,4,Turkey,Right Winger,FW,18.0,25
Oğuz Aydın,"1,83m",right,12.0,0,Turkey,Right Winger,FW,7.0,25
İrfan Can Kahveci,"1,80m",left,48.0,6,Turkey,Right Winger,FW,3.0,30
Deniz Gül,"1,92m",right,10.0,2,Turkey,Centre-Forward,FW,5.0,21
Matt Turner,"1,90m",right,55.0,0,United States,Goalkeeper,GK,2.5,32
Chris Brady,"1,93m",right,1.0,0,United States,Goalkeeper,GK,2.5,22
Matt Freese,"1,98m",right,17.0,0,United States,Goalkeeper,GK,2.0,27
Chris Richards,"1,89m",right,38.0,3,United States,Centre-Back,DF,28.0,26
Mark McKenzie,"1,86m",right,30.0,0,United States,Centre-Back,DF,7.0,27
Auston Trusty,"1,90m",left,10.0,1,United States,Centre-Back,DF,6.0,27
Miles Robinson,"1,87m",right,41.0,3,United States,Centre-Back,DF,3.5,29
Tim Ream,"1,86m",left,84.0,1,United States,Centre-Back,DF,0.15,38
Antonee Robinson,"1,83m",left,56.0,5,United States,Left-Back,DF,22.0,28
Sergiño Dest,"1,73m",right,42.0,3,United States,Right-Back,DF,18.0,25
Joe Scally,"1,84m",right,28.0,0,United States,Right-Back,DF,7.0,23
Alex Freeman,"1,88m",right,20.0,3,United States,Right-Back,DF,3.5,21
Tyler Adams,"1,75m",right,56.0,2,United States,Defensive Midfield,MF,25.0,27
Weston McKennie,"1,80m",right,69.0,12,United States,Central Midfield,MF,30.0,27
Sebastian Berhalter,"1,75m",right,16.0,2,United States,Central Midfield,MF,8.0,25
Cristian Roldán,"1,73m",right,47.0,0,United States,Central Midfield,MF,3.5,31
Timothy Weah,"1,83m",right,53.0,7,United States,Right Midfield,MF,20.0,26
Malik Tillman,"1,87m",right,33.0,3,United States,Attacking Midfield,MF,30.0,24
Brenden Aaronson,"1,77m",right,59.0,9,United States,Attacking Midfield,MF,22.0,25
Giovanni Reyna,"1,87m",right,41.0,10,United States,Attacking Midfield,MF,4.0,23
Max Arfsten,"1,85m",left,20.0,1,United States,Left Winger,FW,5.0,25
Christian Pulisic,"1,77m",right,88.0,33,United States,Right Winger,FW,40.0,27
Álex Zendejas,"1,67m",left,15.0,2,United States,Right Winger,FW,10.0,28
Folarin Balogun,"1,79m",right,29.0,11,United States,Centre-Forward,FW,40.0,24
Ricardo Pepi,"1,85m",right,40.0,13,United States,Centre-Forward,FW,30.0,23
Haji Wright,"1,91m",right,21.0,7,United States,Centre-Forward,FW,16.0,28
Santiago Mele,"1,85m",right,8.0,0,Uruguay,Goalkeeper,GK,2.0,28
Sergio Rochet,"1,89m",right,36.0,0,Uruguay,Goalkeeper,GK,1.8,33
Fernando Muslera,"1,90m",right,137.0,0,Uruguay,Goalkeeper,GK,0.7,40
Ronald Araujo,"1,92m",right,27.0,1,Uruguay,Centre-Back,DF,20.0,27
Santiago Bueno,"1,91m",right,8.0,0,Uruguay,Centre-Back,DF,10.0,27
José María Giménez,"1,86m",right,99.0,8,Uruguay,Centre-Back,DF,9.0,31
Sebastián Cáceres,"1,80m",right,26.0,0,Uruguay,Centre-Back,DF,4.5,26
Maxi Araújo,"1,76m",left,31.0,5,Uruguay,Left-Back,DF,35.0,26
Mathías Olivera,"1,85m",left,38.0,2,Uruguay,Left-Back,DF,15.0,28
Joaquín Piquerez,"1,85m",left,19.0,0,Uruguay,Left-Back,DF,12.0,27
Juan Manuel Sanabria,"1,70m",left,8.0,1,Uruguay,Left-Back,DF,4.0,26
Matías Viña,"1,80m",left,44.0,1,Uruguay,Left-Back,DF,3.5,28
Guillermo Varela,"1,74m",right,30.0,0,Uruguay,Right-Back,DF,1.0,33
Manuel Ugarte,"1,82m",right,38.0,1,Uruguay,Defensive Midfield,MF,25.0,25
Rodrigo Bentancur,"1,87m",right,76.0,3,Uruguay,Defensive Midfield,MF,20.0,29
Emiliano Martínez,"1,84m",right,10.0,0,Uruguay,Defensive Midfield,MF,6.5,26
Federico Valverde,"1,82m",right,76.0,9,Uruguay,Central Midfield,MF,90.0,27
Nicolás de la Cruz,"1,67m",right,37.0,5,Uruguay,Central Midfield,MF,8.0,29
Rodrigo Zalazar,"1,75m",right,7.0,2,Uruguay,Attacking Midfield,MF,30.0,26
Giorgian de Arrascaeta,"1,77m",right,59.0,13,Uruguay,Attacking Midfield,MF,14.0,32
Brian Rodríguez,"1,75m",right,36.0,4,Uruguay,Left Winger,FW,8.0,26
Agustín Canobbio,"1,76m",right,17.0,2,Uruguay,Right Winger,FW,8.0,27
Facundo Pellistri,"1,74m",right,39.0,2,Uruguay,Right Winger,FW,5.0,24
Darwin Núñez,"1,85m",right,41.0,13,Uruguay,Centre-Forward,FW,20.0,27
Federico Viñas,"1,81m",left,14.0,2,Uruguay,Centre-Forward,FW,4.0,28
Rodrigo Aguirre,"1,82m",left,11.0,3,Uruguay,Centre-Forward,FW,2.3,31
Abduvokhid Nematov,"1,82m",right,16,0,Uzbekistan,Goalkeeper,GK,1.5,25
Utkir Yusupov,"1,85m",right,46,0,Uzbekistan,Goalkeeper,GK,0.5,35
Botirali Ergashev,"1,89m",right,4,0,Uzbekistan,Goalkeeper,GK,0.5,31
Abdukodir Khusanov,"1,86m",right,30,0,Uzbekistan,Centre-Back,DF,50.0,22
Rustam Ashurmatov,"1,86m",right,54,1,Uzbekistan,Centre-Back,DF,0.75,29
Jakhongir Urozov,"1,90m",left,6,1,Uzbekistan,Centre-Back,DF,0.6,22
Avazbek Ulmasaliev,"1,87m",,-,0,Uzbekistan,Centre-Back,DF,0.5,26
Umar Eshmurodov,"1,85m",right,39,0,Uzbekistan,Centre-Back,DF,0.45,33
Sherzod Nasrullaev,"1,83m",left,42,2,Uzbekistan,Left-Back,DF,1.2,27
Farrukh Sayfiev,"1,83m",both,69,1,Uzbekistan,Left-Back,DF,0.225,35
Khozhiakbar Alizhonov,"1,80m",right,54,3,Uzbekistan,Right-Back,DF,1.3,29
Bekhruz Karimov,"1,80m",right,4,0,Uzbekistan,Right-Back,DF,0.35,18
Odildzhon Khamrobekov,"1,80m",right,76,1,Uzbekistan,Defensive Midfield,MF,1.0,30
Abdulla Abdullaev,"1,81m",right,31,0,Uzbekistan,Defensive Midfield,MF,0.5,28
Aziz Ganiev,"1,78m",right,25,0,Uzbekistan,Central Midfield,MF,2.0,28
Otabek Shukurov,"1,83m",right,92,9,Uzbekistan,Central Midfield,MF,1.5,30
Akmal Mozgovoy,"1,80m",right,28,1,Uzbekistan,Central Midfield,MF,1.4,27
Sherzod Esanov,"1,90m",,2,0,Uzbekistan,Central Midfield,MF,0.45,23
Jamshid Iskanderov,"1,71m",left,46,4,Uzbekistan,Attacking Midfield,MF,1.0,32
Oston Urunov,"1,81m",right,45,10,Uzbekistan,Left Winger,FW,2.0,25
Ruslanbek Jiyanov,"1,80m",right,8,1,Uzbekistan,Left Winger,FW,0.8,25
Abbosbek Fayzullaev,"1,67m",right,35,9,Uzbekistan,Right Winger,FW,7.0,22
Dostonbek Khamdamov,"1,78m",both,39,5,Uzbekistan,Right Winger,FW,0.9,29
Eldor Shomurodov,"1,90m",right,95,45,Uzbekistan,Centre-Forward,FW,7.0,31
Igor Sergeev,"1,85m",left,87,25,Uzbekistan,Centre-Forward,FW,1.2,33
Azizbek Amanov,"1,81m",left,13,2,Uzbekistan,Centre-Forward,FW,0.5,28
